-- ±íµÄ½á¹¹£ºxh_access --
CREATE TABLE `xh_access` (
  `role_id` smallint(6) unsigned NOT NULL,
  `node_id` smallint(6) unsigned NOT NULL,
  `level` tinyint(1) NOT NULL,
  `module` varchar(50) DEFAULT NULL,
  KEY `groupId` (`role_id`),
  KEY `nodeId` (`node_id`)
) ENGINE=MyISAM DEFAULT CHARSET=utf8 COMMENT='权限配备表';-- <xjx> --

-- ±íµÄ½á¹¹£ºxh_classes --
CREATE TABLE `xh_classes` (
  `id` int(5) unsigned NOT NULL AUTO_INCREMENT,
  `ccode` varchar(6) NOT NULL,
  `cname` varchar(100) NOT NULL,
  `master` varchar(9) NOT NULL COMMENT '班主任',
  `zjsj` varchar(11) NOT NULL COMMENT '组建时间',
  `proname` varchar(50) NOT NULL COMMENT '专业名称',
  PRIMARY KEY (`id`),
  UNIQUE KEY `ccode` (`ccode`)
) ENGINE=MyISAM AUTO_INCREMENT=25 DEFAULT CHARSET=utf8 COMMENT='班级表';-- <xjx> --

-- ±íµÄ½á¹¹£ºxh_course --
CREATE TABLE `xh_course` (
  `id` int(10) NOT NULL AUTO_INCREMENT,
  `name` varchar(50) NOT NULL,
  `proname` varchar(50) NOT NULL COMMENT '专业名称',
  `coursetype` int(1) NOT NULL DEFAULT '2' COMMENT '1-公共课 2-专业课',
  PRIMARY KEY (`id`)
) ENGINE=MyISAM AUTO_INCREMENT=12 DEFAULT CHARSET=utf8 COMMENT='课程表';-- <xjx> --

-- ±íµÄ½á¹¹£ºxh_news --
CREATE TABLE `xh_news` (
  `id` int(11) NOT NULL AUTO_INCREMENT,
  `title` varchar(255) NOT NULL,
  `content` text NOT NULL,
  `pubtype` int(1) NOT NULL COMMENT 'pubtype=1 表示管理员->所有教师和学生，pubtype=3 表示管理员->所有学生 4-教师->学生(限定班级)',
  `ccode` varchar(6) NOT NULL COMMENT '如果是教师->学生，则指定班级，其他班级学生不接收',
  `userxm` varchar(30) NOT NULL,
  `pubtime` int(10) NOT NULL,
  PRIMARY KEY (`id`)
) ENGINE=MyISAM AUTO_INCREMENT=2 DEFAULT CHARSET=utf8 COMMENT='新闻通知公告表';-- <xjx> --

-- ±íµÄ½á¹¹£ºxh_node --
CREATE TABLE `xh_node` (
  `id` smallint(6) unsigned NOT NULL AUTO_INCREMENT,
  `name` varchar(20) NOT NULL,
  `title` varchar(50) DEFAULT NULL,
  `status` tinyint(1) DEFAULT '0',
  `remark` varchar(255) DEFAULT NULL,
  `sort` smallint(6) unsigned DEFAULT NULL,
  `pid` smallint(6) unsigned NOT NULL,
  `level` tinyint(1) unsigned NOT NULL,
  PRIMARY KEY (`id`),
  KEY `level` (`level`),
  KEY `pid` (`pid`),
  KEY `status` (`status`),
  KEY `name` (`name`)
) ENGINE=MyISAM AUTO_INCREMENT=136 DEFAULT CHARSET=utf8 COMMENT='节点表';-- <xjx> --

-- ±íµÄ½á¹¹£ºxh_office --
CREATE TABLE `xh_office` (
  `id` int(5) NOT NULL AUTO_INCREMENT,
  `name` varchar(50) NOT NULL,
  PRIMARY KEY (`id`)
) ENGINE=MyISAM AUTO_INCREMENT=8 DEFAULT CHARSET=utf8 COMMENT='处室表';-- <xjx> --

-- ±íµÄ½á¹¹£ºxh_professional --
CREATE TABLE `xh_professional` (
  `id` int(5) unsigned NOT NULL AUTO_INCREMENT,
  `name` varchar(50) NOT NULL,
  PRIMARY KEY (`id`)
) ENGINE=MyISAM AUTO_INCREMENT=11 DEFAULT CHARSET=utf8 COMMENT='专业';-- <xjx> --

-- ±íµÄ½á¹¹£ºxh_role --
CREATE TABLE `xh_role` (
  `id` smallint(6) unsigned NOT NULL AUTO_INCREMENT,
  `name` varchar(20) NOT NULL,
  `pid` smallint(6) DEFAULT NULL,
  `status` tinyint(1) unsigned DEFAULT NULL,
  `remark` varchar(255) DEFAULT NULL,
  PRIMARY KEY (`id`),
  KEY `pid` (`pid`),
  KEY `status` (`status`)
) ENGINE=MyISAM AUTO_INCREMENT=5 DEFAULT CHARSET=utf8 COMMENT='角色表';-- <xjx> --

-- ±íµÄ½á¹¹£ºxh_role_user --
CREATE TABLE `xh_role_user` (
  `role_id` mediumint(9) unsigned DEFAULT NULL,
  `user_id` char(32) DEFAULT NULL,
  KEY `group_id` (`role_id`),
  KEY `user_id` (`user_id`)
) ENGINE=MyISAM DEFAULT CHARSET=utf8 COMMENT='角色配置表';-- <xjx> --

-- ±íµÄ½á¹¹£ºxh_site --
CREATE TABLE `xh_site` (
  `id` int(10) NOT NULL AUTO_INCREMENT,
  `title` varchar(200) NOT NULL,
  `description` text NOT NULL,
  `keywords` varchar(200) NOT NULL,
  `copyright` varchar(200) NOT NULL,
  `icp` varchar(200) NOT NULL,
  `address` varchar(255) NOT NULL,
  PRIMARY KEY (`id`)
) ENGINE=MyISAM AUTO_INCREMENT=5 DEFAULT CHARSET=utf8 COMMENT='站点信息表';-- <xjx> --

-- ±íµÄ½á¹¹£ºxh_student --
CREATE TABLE `xh_student` (
  `id` int(10) unsigned NOT NULL AUTO_INCREMENT,
  `xsno` varchar(13) NOT NULL,
  `xsxm` varchar(20) NOT NULL,
  `xsxb` varchar(2) NOT NULL,
  `xsmm` varchar(32) NOT NULL DEFAULT '123456',
  `rxsj` varchar(11) NOT NULL COMMENT '入学时间',
  `ccode` int(5) unsigned NOT NULL COMMENT '班级编码',
  PRIMARY KEY (`id`),
  UNIQUE KEY `xsno` (`xsno`)
) ENGINE=MyISAM AUTO_INCREMENT=1041 DEFAULT CHARSET=utf8 COMMENT='学生表';-- <xjx> --

-- ±íµÄ½á¹¹£ºxh_sxdisexicise --
CREATE TABLE `xh_sxdisexicise` (
  `deid` int(11) NOT NULL AUTO_INCREMENT,
  `peid` int(11) NOT NULL COMMENT '所属任务',
  `atuser` varchar(50) NOT NULL DEFAULT '',
  `content` text NOT NULL COMMENT '评价内容',
  `userxm` varchar(20) NOT NULL COMMENT '参评用户',
  `usertype` varchar(10) NOT NULL COMMENT '参评用户类型：教师和学生',
  `distime` int(11) NOT NULL COMMENT '参评时间',
  `pdeid` int(11) NOT NULL COMMENT 'pid',
  PRIMARY KEY (`deid`)
) ENGINE=MyISAM AUTO_INCREMENT=176 DEFAULT CHARSET=utf8 COMMENT='实训任务讨论评价表';-- <xjx> --

-- ±íµÄ½á¹¹£ºxh_sxpubexcise --
CREATE TABLE `xh_sxpubexcise` (
  `peid` int(10) NOT NULL AUTO_INCREMENT,
  `scid` int(10) NOT NULL COMMENT '指定教师班级课程',
  `title` varchar(100) NOT NULL COMMENT '任务标题',
  `desc` text NOT NULL COMMENT '任务描述',
  `url` varchar(500) NOT NULL,
  `filename` varchar(200) NOT NULL,
  `status` int(11) NOT NULL DEFAULT '0' COMMENT '布置否，0表示否',
  `pubtime` int(11) NOT NULL COMMENT '布置时间',
  `isrec` int(1) NOT NULL DEFAULT '0' COMMENT '是否推荐，0表示不推荐',
  PRIMARY KEY (`peid`)
) ENGINE=MyISAM AUTO_INCREMENT=42 DEFAULT CHARSET=utf8 COMMENT='发布作业表';-- <xjx> --

-- ±íµÄ½á¹¹£ºxh_sxsetcourse --
CREATE TABLE `xh_sxsetcourse` (
  `scid` int(10) NOT NULL AUTO_INCREMENT,
  `jsno` varchar(9) NOT NULL,
  `ccode` varchar(6) NOT NULL,
  `coursename` varchar(50) NOT NULL COMMENT '课程名称',
  `term` varchar(11) NOT NULL COMMENT '学期',
  PRIMARY KEY (`scid`)
) ENGINE=MyISAM AUTO_INCREMENT=9 DEFAULT CHARSET=utf8 COMMENT='设置课程表';-- <xjx> --

-- ±íµÄ½á¹¹£ºxh_sxsubexcise --
CREATE TABLE `xh_sxsubexcise` (
  `seid` int(11) NOT NULL AUTO_INCREMENT,
  `peid` int(10) NOT NULL COMMENT '教师布置的任务',
  `xsno` varchar(13) NOT NULL COMMENT '学号',
  `desc` varchar(50) NOT NULL COMMENT '自我评价',
  `filename` varchar(100) NOT NULL COMMENT '附件文件名',
  `status` int(1) NOT NULL DEFAULT '0' COMMENT '提交否，0未提交',
  `subtime` int(11) NOT NULL COMMENT '提交时间',
  `isrec` varchar(50) NOT NULL COMMENT '教师评价',
  PRIMARY KEY (`seid`)
) ENGINE=MyISAM AUTO_INCREMENT=2088 DEFAULT CHARSET=utf8 COMMENT='学生任务完成表';-- <xjx> --

-- ±íµÄ½á¹¹£ºxh_teacher --
CREATE TABLE `xh_teacher` (
  `id` int(5) unsigned NOT NULL AUTO_INCREMENT,
  `jsno` varchar(9) NOT NULL,
  `jsxm` varchar(10) NOT NULL,
  `jsxb` varchar(2) NOT NULL,
  `jsdh` varchar(11) NOT NULL,
  `jsmm` varchar(32) NOT NULL DEFAULT '123456',
  `offname` varchar(50) NOT NULL COMMENT '处室名称',
  PRIMARY KEY (`id`),
  UNIQUE KEY `jsno` (`jsno`)
) ENGINE=MyISAM AUTO_INCREMENT=38 DEFAULT CHARSET=utf8 COMMENT='教师表';-- <xjx> --

-- ±íµÄ½á¹¹£ºxh_term --
CREATE TABLE `xh_term` (
  `id` int(5) NOT NULL AUTO_INCREMENT,
  `name` varchar(11) NOT NULL,
  PRIMARY KEY (`id`)
) ENGINE=MyISAM AUTO_INCREMENT=2 DEFAULT CHARSET=utf8 COMMENT='学期';-- <xjx> --

-- ±íµÄ½á¹¹£ºxh_user --
CREATE TABLE `xh_user` (
  `id` int(10) unsigned NOT NULL AUTO_INCREMENT,
  `username` varchar(20) NOT NULL DEFAULT '',
  `password` char(32) NOT NULL DEFAULT '',
  `logintime` int(10) unsigned NOT NULL DEFAULT '0',
  `loginip` char(20) CHARACTER SET ucs2 NOT NULL DEFAULT '',
  `lock` smallint(1) unsigned NOT NULL DEFAULT '0' COMMENT '0-正常 1-锁定',
  PRIMARY KEY (`id`),
  UNIQUE KEY `username` (`username`)
) ENGINE=MyISAM AUTO_INCREMENT=6 DEFAULT CHARSET=utf8 COMMENT='用户表';-- <xjx> --

-- ±íµÄÊý¾Ý£ºxh_access --
INSERT INTO `xh_access` VALUES
('1','1','1',NULL),
('1','2','2',NULL),
('1','9','3',NULL),
('1','10','3',NULL),
('1','11','3',NULL),
('1','12','3',NULL),
('1','3','2',NULL),
('1','13','3',NULL),
('1','14','3',NULL),
('1','133','3',NULL),
('1','4','2',NULL),
('1','15','3',NULL),
('1','16','3',NULL),
('1','114','3',NULL),
('1','113','3',NULL),
('1','115','3',NULL),
('1','116','3',NULL),
('1','117','3',NULL),
('1','118','3',NULL),
('1','119','3',NULL),
('1','120','3',NULL),
('1','121','3',NULL),
('1','122','3',NULL),
('1','123','3',NULL),
('1','124','3',NULL),
('1','125','3',NULL),
('1','126','3',NULL),
('1','127','3',NULL),
('1','128','3',NULL),
('1','134','3',NULL),
('1','5','2',NULL),
('1','20','3',NULL),
('1','21','3',NULL),
('1','22','3',NULL),
('1','23','3',NULL),
('1','24','3',NULL),
('1','25','3',NULL),
('1','26','3',NULL),
('1','27','3',NULL),
('1','28','3',NULL),
('1','29','3',NULL),
('1','30','3',NULL),
('1','31','3',NULL),
('1','32','3',NULL),
('1','33','3',NULL),
('1','34','3',NULL),
('1','35','3',NULL),
('1','36','3',NULL),
('1','37','3',NULL),
('1','6','2',NULL),
('1','18','3',NULL),
('1','19','3',NULL),
('1','129','3',NULL),
('1','38','2',NULL),
('1','39','3',NULL),
('1','40','3',NULL),
('1','41','3',NULL),
('1','42','3',NULL),
('1','43','3',NULL),
('1','7','2',NULL),
('1','44','3',NULL),
('1','45','3',NULL),
('1','46','3',NULL),
('1','47','3',NULL),
('1','48','3',NULL),
('1','49','3',NULL),
('1','50','3',NULL),
('1','51','3',NULL),
('1','52','3',NULL),
('1','53','3',NULL),
('1','54','3',NULL),
('1','55','3',NULL),
('1','56','3',NULL),
('1','57','3',NULL),
('1','58','3',NULL),
('1','59','3',NULL),
('1','60','3',NULL),
('1','61','3',NULL),
('1','62','3',NULL),
('1','63','3',NULL),
('1','64','3',NULL),
('1','65','3',NULL),
('1','66','3',NULL),
('1','67','3',NULL),
('1','68','3',NULL),
('1','69','3',NULL),
('1','70','3',NULL),
('1','71','3',NULL),
('1','72','3',NULL),
('1','73','3',NULL),
('1','74','3',NULL),
('1','75','3',NULL),
('1','76','3',NULL),
('1','77','3',NULL),
('1','78','3',NULL),
('1','79','3',NULL),
('1','80','3',NULL),
('1','81','3',NULL),
('1','82','3',NULL),
('1','83','3',NULL),
('1','84','3',NULL),
('1','85','3',NULL),
('1','86','3',NULL),
('1','130','3',NULL),
('1','131','3',NULL),
('1','132','3',NULL),
('1','8','2',NULL),
('1','87','3',NULL),
('1','88','3',NULL),
('1','89','3',NULL),
('1','90','3',NULL),
('1','91','3',NULL),
('1','92','3',NULL),
('1','93','3',NULL),
('1','96','3',NULL),
('1','97','3',NULL),
('1','98','3',NULL),
('1','135','3',NULL),
('1','99','3',NULL),
('1','100','3',NULL),
('1','101','3',NULL),
('1','102','3',NULL),
('1','103','3',NULL),
('1','104','3',NULL),
('1','105','3',NULL),
('1','106','3',NULL),
('1','107','3',NULL),
('1','108','3',NULL),
('2','1','1',NULL),
('2','2','2',NULL),
('2','9','3',NULL),
('2','10','3',NULL),
('2','11','3',NULL),
('2','12','3',NULL),
('2','3','2',NULL),
('2','13','3',NULL),
('2','14','3',NULL),
('2','133','3',NULL),
('2','6','2',NULL),
('2','18','3',NULL),
('2','19','3',NULL),
('2','129','3',NULL),
('2','38','2',NULL),
('2','39','3',NULL),
('2','40','3',NULL),
('2','41','3',NULL),
('2','42','3',NULL),
('2','43','3',NULL),
('2','7','2',NULL),
('2','44','3',NULL),
('2','45','3',NULL),
('2','46','3',NULL),
('2','47','3',NULL),
('2','48','3',NULL),
('2','49','3',NULL),
('2','50','3',NULL),
('2','51','3',NULL),
('2','52','3',NULL),
('2','53','3',NULL),
('2','54','3',NULL),
('2','55','3',NULL),
('2','56','3',NULL),
('2','57','3',NULL),
('2','58','3',NULL),
('2','59','3',NULL),
('2','60','3',NULL),
('2','61','3',NULL),
('2','62','3',NULL),
('2','63','3',NULL),
('2','64','3',NULL),
('2','65','3',NULL),
('2','66','3',NULL),
('2','67','3',NULL),
('2','68','3',NULL),
('2','69','3',NULL),
('2','70','3',NULL),
('2','71','3',NULL),
('2','72','3',NULL),
('2','73','3',NULL),
('2','74','3',NULL),
('2','75','3',NULL),
('2','76','3',NULL),
('2','77','3',NULL),
('2','78','3',NULL),
('2','79','3',NULL),
('2','80','3',NULL),
('2','81','3',NULL),
('2','82','3',NULL),
('2','83','3',NULL),
('2','84','3',NULL),
('2','85','3',NULL),
('2','86','3',NULL),
('2','130','3',NULL),
('2','131','3',NULL),
('2','132','3',NULL),
('2','8','2',NULL),
('2','87','3',NULL),
('2','88','3',NULL),
('2','89','3',NULL),
('2','90','3',NULL),
('2','91','3',NULL),
('2','92','3',NULL),
('2','93','3',NULL),
('2','96','3',NULL),
('2','97','3',NULL),
('2','98','3',NULL),
('2','135','3',NULL),
('2','99','3',NULL),
('2','100','3',NULL),
('2','101','3',NULL),
('2','102','3',NULL),
('2','103','3',NULL),
('2','104','3',NULL),
('2','105','3',NULL),
('2','106','3',NULL),
('2','107','3',NULL),
('2','108','3',NULL),
('3','1','1',NULL),
('3','2','2',NULL),
('3','9','3',NULL),
('3','10','3',NULL),
('3','11','3',NULL),
('3','12','3',NULL),
('3','3','2',NULL),
('3','13','3',NULL),
('3','14','3',NULL),
('3','133','3',NULL),
('3','6','2',NULL),
('3','18','3',NULL),
('3','19','3',NULL),
('3','129','3',NULL),
('3','38','2',NULL),
('3','39','3',NULL),
('3','40','3',NULL),
('3','41','3',NULL),
('3','42','3',NULL),
('3','43','3',NULL),
('3','7','2',NULL),
('3','44','3',NULL),
('3','45','3',NULL),
('3','46','3',NULL),
('3','47','3',NULL),
('3','48','3',NULL),
('3','49','3',NULL),
('3','50','3',NULL),
('3','51','3',NULL),
('3','52','3',NULL),
('3','53','3',NULL),
('3','54','3',NULL),
('3','55','3',NULL),
('3','56','3',NULL),
('3','57','3',NULL),
('3','58','3',NULL),
('3','59','3',NULL),
('3','60','3',NULL),
('3','61','3',NULL),
('3','62','3',NULL),
('3','63','3',NULL),
('3','64','3',NULL),
('3','65','3',NULL),
('3','66','3',NULL),
('3','67','3',NULL),
('3','68','3',NULL),
('3','69','3',NULL),
('3','70','3',NULL),
('3','71','3',NULL),
('3','72','3',NULL),
('3','73','3',NULL),
('3','74','3',NULL),
('3','75','3',NULL),
('3','76','3',NULL),
('3','77','3',NULL),
('3','78','3',NULL),
('3','79','3',NULL),
('3','80','3',NULL),
('3','81','3',NULL),
('3','82','3',NULL),
('3','83','3',NULL),
('3','84','3',NULL),
('3','85','3',NULL),
('3','86','3',NULL),
('3','130','3',NULL),
('3','131','3',NULL),
('3','132','3',NULL),
('4','1','1',NULL),
('4','2','2',NULL),
('4','9','3',NULL),
('4','10','3',NULL),
('4','11','3',NULL),
('4','12','3',NULL),
('4','3','2',NULL),
('4','13','3',NULL),
('4','14','3',NULL),
('4','133','3',NULL),
('4','6','2',NULL),
('4','18','3',NULL),
('4','19','3',NULL),
('4','129','3',NULL),
('4','38','2',NULL),
('4','39','3',NULL),
('4','40','3',NULL),
('4','41','3',NULL),
('4','42','3',NULL),
('4','43','3',NULL),
('4','8','2',NULL),
('4','87','3',NULL),
('4','88','3',NULL),
('4','89','3',NULL),
('4','90','3',NULL),
('4','91','3',NULL),
('4','92','3',NULL),
('4','93','3',NULL),
('4','96','3',NULL),
('4','97','3',NULL),
('4','98','3',NULL),
('4','135','3',NULL),
('4','99','3',NULL),
('4','100','3',NULL),
('4','101','3',NULL),
('4','102','3',NULL),
('4','103','3',NULL),
('4','104','3',NULL),
('4','105','3',NULL),
('4','106','3',NULL),
('4','107','3',NULL),
('4','108','3',NULL);-- <xjx> --

-- ±íµÄÊý¾Ý£ºxh_classes --
INSERT INTO `xh_classes` VALUES
('1','201601','2016级计算机班','YZH','2016-2017-1','计算机平面设计'),
('2','201602','2016级信息类高考班','FXD','2016-2017-1','计算机平面设计'),
('3','201603','2016级电子商务班','CYC','2016-2017-1','电子商务'),
('4','201701','2017级计算机1班','WXQ','2017-2018-1','计算机平面设计'),
('5','201702','2017级计算机2班','LHB','2017-2018-1','计算机平面设计'),
('6','201703','2017级计算机3班','HJH','2017-2018-1','计算机平面设计'),
('7','201704','2017级数控1班','CC','2017-2018-1','数控'),
('8','201705','2017级数控2班','DHW','2017-2018-1','数控'),
('9','201706','2017级服装1班','WLM','2017-2018-1','服装设计'),
('10','201707','2017级服装2班','SYM','2017-2018-1','服装设计'),
('11','201708','2017级焊接1班','GLY','2017-2018-1','焊接'),
('12','201709','2017级焊接2班','YY','2017-2018-1','焊接'),
('13','201710','2017级电子电器1班','XHT','2017-2018-1','电子电器'),
('14','201711','2017级电子电器2班','SCY','2017-2018-1','电子电器'),
('15','201712','2017级汽修1班','ZJL','2017-2018-1','汽车应用与维修'),
('16','201713','2017级汽修2班','LFF','2017-2018-1','汽车应用与维修'),
('17','201714','2017级酒店1班','SWZ','2017-2018-1','酒店管理'),
('18','201715','2017级酒店2班','DWH','2017-2018-1','酒店管理'),
('19','201716','2017级学前教育1班','FMM','2017-2018-1','学前教育'),
('20','201717','2017级学前教育2班','JL','2017-2018-1','学前教育'),
('21','201718','2017级学前教育3班','TXL','2017-2018-1','学前教育'),
('22','201719','2017级机电1班','FSQ','2017-2018-1','机电一体化'),
('23','201720','2017级机电2班','GLL','2017-2018-1','机电一体化'),
('24','201721','2017级电子商务班','GXY','2017-2018-1','电子商务');-- <xjx> --

-- ±íµÄÊý¾Ý£ºxh_course --
INSERT INTO `xh_course` VALUES
('1','计算机应用基础','计算机平面设计','1'),
('2','Flash动漫设计与制作','计算机平面设计','2'),
('3','PS图形图像处理','计算机平面设计','2'),
('4','美工基础','计算机平面设计','2'),
('5','网页制作','计算机平面设计','2'),
('6','AE影视后期制作','计算机平面设计','2'),
('7','VF数据库基础','计算机平面设计','2'),
('8','CorelDRAW','计算机平面设计','2'),
('9','企业网搭建','计算机平面设计','2'),
('10','计算机网络技术','计算机平面设计','2'),
('11','自由设计','计算机平面设计','2');-- <xjx> --

-- ±íµÄÊý¾Ý£ºxh_news --
INSERT INTO `xh_news` VALUES
('1','系统消息','<p style=\"box-sizing: border-box; margin-top: 0px; margin-bottom: 10px; color: rgb(51, 51, 51); font-family: &quot;Microsoft YaHei&quot;, Verdana, Arial, SimSun; font-size: medium; white-space: normal; background-color: rgb(245, 245, 245);\">任务管理系统已部署到位，使用时请注意下面三个问题：</p><p style=\"box-sizing: border-box; margin-top: 0px; margin-bottom: 10px; color: rgb(51, 51, 51); font-family: &quot;Microsoft YaHei&quot;, Verdana, Arial, SimSun; font-size: medium; white-space: normal; background-color: rgb(245, 245, 245);\">1、教师用户名为姓名的首写字母(大小写不区分)，如郭盛为gs，密码默认为123456；</p><p style=\"box-sizing: border-box; margin-top: 0px; margin-bottom: 10px; color: rgb(51, 51, 51); font-family: &quot;Microsoft YaHei&quot;, Verdana, Arial, SimSun; font-size: medium; white-space: normal; background-color: rgb(245, 245, 245);\">2、学生用户名为班级编号(六位)+班级序号（两位），需教师在第一次发布任务后参照学生完成列表告诉学生，密码默认为123456；</p><p style=\"box-sizing: border-box; margin-top: 0px; margin-bottom: 10px; color: rgb(51, 51, 51); font-family: &quot;Microsoft YaHei&quot;, Verdana, Arial, SimSun; font-size: medium; white-space: normal; background-color: rgb(245, 245, 245);\">3、若在使用中遇到问题，请及时联系计算机教研室郭老师解决，电话：18993351660。</p><p><br/></p>','1','','admin','1505655674');-- <xjx> --

-- ±íµÄÊý¾Ý£ºxh_node --
INSERT INTO `xh_node` VALUES
('1','Admin','管理员','1',NULL,'1','0','1'),
('2','Login','登录管理','1',NULL,'1','1','2'),
('3','Index','首页管理','1',NULL,'2','1','2'),
('4','System','系统设置','1',NULL,'3','1','2'),
('5','Rbac','权限管理','1',NULL,'4','1','2'),
('6','Userinfor','个人信息','1',NULL,'5','1','2'),
('7','Basicdata','基础数据管理','1',NULL,'7','1','2'),
('8','Excise','实训任务管理','1',NULL,'8','1','2'),
('9','index','登录视图','1',NULL,'1','2','3'),
('10','login','登录处理','1',NULL,'1','2','3'),
('11','verify','验证码显示','1',NULL,'1','2','3'),
('12','logout','退出登录','1',NULL,'1','2','3'),
('13','index','首页视图','1',NULL,'1','3','3'),
('14','infor','运行环境和满意度统计','1',NULL,'1','3','3'),
('15','site','系统全局设置','1',NULL,'1','4','3'),
('16','verify','验证码设置','1',NULL,'1','4','3'),
('114','install','系统部署设置视图','1',NULL,'1','4','3'),
('18','index','登录信息','1',NULL,'1','6','3'),
('19','editUserpass','修改密码','1',NULL,'1','6','3'),
('20','resetUSER','初始化用户','1',NULL,'1','5','3'),
('21','resetROLE','初始化角色','1',NULL,'1','5','3'),
('22','resetNODE','初始化节点','1',NULL,'1','5','3'),
('23','index','用户列表','1',NULL,'1','5','3'),
('24','role','角色列表','1',NULL,'1','5','3'),
('25','node','节点列表','1',NULL,'1','5','3'),
('26','sortNode','节点排序','1',NULL,'1','5','3'),
('27','addUser','用户添加','1',NULL,'1','5','3'),
('28','editUser','用户角色配置','1',NULL,'1','5','3'),
('29','lock','用户锁定修改','1',NULL,'1','5','3'),
('30','delUser','用户删除','1',NULL,'1','5','3'),
('31','addRole','角色添加','1',NULL,'1','5','3'),
('32','editRole','角色修改','1',NULL,'1','5','3'),
('33','delRole','角色删除','1',NULL,'1','5','3'),
('34','addNode','节点添加','1',NULL,'1','5','3'),
('35','editNode','节点修改','1',NULL,'1','5','3'),
('36','delNode','节点删除','1',NULL,'1','5','3'),
('37','access','角色权限配置','1',NULL,'1','5','3'),
('38','Home','消息管理','1',NULL,'6','1','2'),
('39','resetNEWS','初始化消息','1',NULL,'1','38','3'),
('40','news','消息列表','1',NULL,'1','38','3'),
('41','addNews','消息添加','1',NULL,'1','38','3'),
('42','editNews','消息修改','1',NULL,'1','38','3'),
('43','delNews','消息删除','1',NULL,'1','38','3'),
('44','resetTER','初始化学期','1',NULL,'1','7','3'),
('45','resetPRO','初始化专业','1',NULL,'1','7','3'),
('46','resetOFF','初始化处室','1',NULL,'1','7','3'),
('47','resetCOU','初始化课程','1',NULL,'1','7','3'),
('48','resetTEA','初始化教师','1',NULL,'1','7','3'),
('49','resetCLA','初始化班级','1',NULL,'1','7','3'),
('50','resetSTU','初始化学生','1',NULL,'1','7','3'),
('51','term','学期列表','1',NULL,'1','7','3'),
('52','saveTerm','添加修改学期视图','1',NULL,'1','7','3'),
('53','saveTermH','添加修改学期处理','1',NULL,'1','7','3'),
('54','delTerm','删除学期','1',NULL,'1','7','3'),
('55','professional','专业列表','1',NULL,'1','7','3'),
('56','saveProfessional','添加修改专业视图','1',NULL,'1','7','3'),
('57','saveProfessionalH','添加修改专业处理','1',NULL,'1','7','3'),
('58','importProfessional','导入专业','1',NULL,'1','7','3'),
('59','delProfessional','删除专业','1',NULL,'1','7','3'),
('60','office','处室列表','1',NULL,'1','7','3'),
('61','saveOffice','添加修改处室视图','1',NULL,'1','7','3'),
('62','saveOfficeH','添加修改处室处理','1',NULL,'1','7','3'),
('63','importOffice','导入处室','1',NULL,'1','7','3'),
('64','delOffice','删除处室','1',NULL,'1','7','3'),
('65','course','课程列表','1',NULL,'1','7','3'),
('66','saveCourse','添加修改课程视图','1',NULL,'1','7','3'),
('67','saveCourseH','添加修改课程处理','1',NULL,'1','7','3'),
('68','importCourse','导入课程','1',NULL,'1','7','3'),
('69','delCourse','删除课程','1',NULL,'1','7','3'),
('70','classes','班级列表','1',NULL,'1','7','3'),
('71','saveClasses','添加修改班级视图','1',NULL,'1','7','3'),
('72','saveClassesH','添加修改班级处理','1',NULL,'1','7','3'),
('73','importClasses','导入班级','1',NULL,'1','7','3'),
('74','delClasses','删除班级','1',NULL,'1','7','3'),
('75','teacher','教师列表','1',NULL,'1','7','3'),
('76','saveTeacher','添加修改教师视图','1',NULL,'1','7','3'),
('77','saveTeacherH','添加修改教师处理','1',NULL,'1','7','3'),
('78','importTeacher','导入教师','1',NULL,'1','7','3'),
('79','resetTeacherPass','教师登录密码重置','1',NULL,'1','7','3'),
('80','delTeacher','删除教师','1',NULL,'1','7','3'),
('81','student','学生列表','1',NULL,'1','7','3'),
('82','saveStudent','添加修改学生视图','1',NULL,'1','7','3'),
('83','saveStudentH','添加修改学生处理','1',NULL,'1','7','3'),
('84','importStudent','导入学生','1',NULL,'1','7','3'),
('85','resetStudentPass','学生登录密码重置','1',NULL,'1','7','3'),
('86','delStudent','删除学生','1',NULL,'1','7','3'),
('87','resetSX','初始化所有实训任务','1',NULL,'1','8','3'),
('88','courseTable','课程列表','1',NULL,'1','8','3'),
('89','coursetableSave','添加课程','1',NULL,'1','8','3'),
('90','sxcoursePackage','课程资料下载','1',NULL,'1','8','3'),
('91','delcourseTable','删除课程表','1',NULL,'1','8','3'),
('92','sxpubexciseList','任务列表','1',NULL,'1','8','3'),
('93','sxpubexciseSave','添加任务','1',NULL,'1','8','3'),
('96','sxpubexciseStatus','任务发布状态修改','1',NULL,'1','8','3'),
('97','sxpubexciseDownAttac','任务附件下载','1',NULL,'1','8','3'),
('98','sxpubexciseDel','删除任务','1',NULL,'1','8','3'),
('99','sxexcisePackage','任务资料下载','1',NULL,'2','8','3'),
('100','sxsubexciseList','学生完成列表','1',NULL,'2','8','3'),
('101','sxsubexciseTable','任务完成情况Excel下载','1',NULL,'2','8','3'),
('102','sxexciseDiscuss','交流讨论','1',NULL,'2','8','3'),
('103','sxexciseDiscussSave','添加发言','1',NULL,'2','8','3'),
('104','sxexciseDiscussDel','删除发言','1',NULL,'2','8','3'),
('105','sxsubexciseDownAttac','学生作业下载','1',NULL,'2','8','3'),
('106','sxsubexciseDel','删除学生作业','1',NULL,'2','8','3'),
('107','sxsubexciseRedo','指定学生作业重做','1',NULL,'2','8','3'),
('108','sxsubexciseRedoAll','一键所有学生作业重做','1',NULL,'2','8','3'),
('113','backup','数据备份恢复','1',NULL,'1','4','3'),
('115','resetTEMP','清理系统临时文件','1',NULL,'1','4','3'),
('116','resetUSER','用户数据清空','1',NULL,'1','4','3'),
('117','resetROLE','角色数据清空','1',NULL,'1','4','3'),
('118','resetNODE','节点数据清空','1',NULL,'1','4','3'),
('119','resetNEWS','消息数据清空','1',NULL,'1','4','3'),
('120','resetTER','学期数据清空','1',NULL,'1','4','3'),
('121','resetPRO','专业数据清空','1',NULL,'1','4','3'),
('122','resetOFF','处室数据清空','1',NULL,'1','4','3'),
('123','resetCOU','课程数据清空','1',NULL,'1','4','3'),
('124','resetTEA','教师数据清空','1',NULL,'1','4','3'),
('125','resetCLA','班级数据清空','1',NULL,'1','4','3'),
('126','resetSTU','学生数据清空','1',NULL,'1','4','3'),
('127','resetSX','实训任务数据清空','1',NULL,'1','4','3'),
('128','resetUPFILE','实训任务文件清理','1',NULL,'1','4','3'),
('129','access','个人权限查看','1',NULL,'1','6','3'),
('130','delProfessionalCou','清空指定专业的课程','1',NULL,'1','7','3'),
('131','delOfficeTea','清空指定处室的教师','1',NULL,'1','7','3'),
('132','delClassesStu','清空指定班级的学生','1',NULL,'1','7','3'),
('133','detail','调查满意度详情','1',NULL,'1','3','3'),
('134','resetsurvey','满意度记录和文件、消息上传的文件清除','1',NULL,'1','4','3'),
('135','sxpubexciseClone','任务克隆','1',NULL,'1','8','3');-- <xjx> --

-- ±íµÄÊý¾Ý£ºxh_office --
INSERT INTO `xh_office` VALUES
('1','计算机组'),
('2','机加工组'),
('3','电子电器组'),
('4','服务组'),
('5','机电焊接组'),
('6','学前教育组'),
('7','数英组');-- <xjx> --

-- ±íµÄÊý¾Ý£ºxh_professional --
INSERT INTO `xh_professional` VALUES
('1','计算机平面设计'),
('2','数控'),
('3','服装设计'),
('4','焊接'),
('5','电子电器'),
('6','汽车应用与维修'),
('7','酒店管理'),
('8','学前教育'),
('9','机电一体化'),
('10','电子商务');-- <xjx> --

-- ±íµÄÊý¾Ý£ºxh_role --
INSERT INTO `xh_role` VALUES
('1','SuperAdmin',NULL,'1','超级管理员'),
('2','SystemManager',NULL,'1','系统管理员'),
('3','DataManager',NULL,'1','基础数据管理员'),
('4','ExciseManager',NULL,'1','实训任务管理员');-- <xjx> --

-- ±íµÄÊý¾Ý£ºxh_role_user --
INSERT INTO `xh_role_user` VALUES
('1','2'),
('2','3'),
('4','4'),
('3','5');-- <xjx> --

-- ±íµÄÊý¾Ý£ºxh_site --
INSERT INTO `xh_site` VALUES
('1','任务管理系统','基于B/S模式,采用PHP语言+Apache服务器+MySQL数据库设计开发.\r\n针对计算机专业项目教学中的任务管理开发.','','©版权归泾川县职业教育中心计算机教研室郭盛老师所有,联系电话:18993351660','','推荐使用360浏览器或谷歌浏览器,计算机分辨率为1440*900或1280*800；地址:泾川县城北新区新城西路,电话:0933-3308249'),
('2','简介','<p style=\"margin-top: 0px; margin-bottom: 0px; padding: 8px; font-family: Arial, Helvetica, sans-serif, 宋体; font-size: 12px; white-space: normal; text-align: center; background-color: rgb(255, 255, 255);\"><span style=\"color: rgb(238, 19, 15); font-family: Arial, Helvetica, sans-serif, 宋体; font-weight: bold; line-height: 40px; text-align: center; font-size: 20px; background-color: rgb(255, 255, 255);\">泾川县职业教育中心简介</span><span style=\"margin: 0px; padding: 0px; line-height: 28px; color: rgb(77, 78, 83); font-size: 14px;\"></span></p><hr/><p style=\"margin-top: 0px; margin-bottom: 0px; padding: 8px; font-family: Arial, Helvetica, sans-serif, 宋体; font-size: 12px; white-space: normal; background-color: rgb(255, 255, 255);\"><span style=\"color: rgb(77, 78, 83); font-size: 14px; line-height: 28px;\">&nbsp; &nbsp; &nbsp; <strong>泾川县职业教育中心</strong>始建于1983年7月。建校以来，三迁校址，四易校名，现已成为以中等职业技术教育为主体，集高等成人教育、专业技术人员继续教育、城镇下岗职工再就业培训和农村劳动力转移培训为一体的职业教育实体，是国家级重点中等职业学校，国家中等职业教育改革发展示范学校第三批项目建设单位。</span></p><p style=\"margin-top: 0px; margin-bottom: 0px; padding: 8px; list-style-type: none; -webkit-padding-start: 0px; -webkit-margin-before: 0px; -webkit-margin-after: 0px; font-family: Arial, Helvetica, sans-serif, 宋体; font-size: 12px; white-space: normal; background-color: rgb(255, 255, 255);\"><span style=\"margin: 0px; padding: 0px; line-height: 28px; color: rgb(77, 78, 83); font-size: 14px;\">&nbsp; &nbsp; &nbsp; &nbsp;近年来，在省、市、县党委、政府和教育主管部门的正确领导、大力支持和亲切关怀下，泾川县职业教育中心认真贯彻落实党和国家教育方针，以发展职业教育为己任，坚持以服务为宗旨，以就业为导向，不断创新办学理念，大力深化教学改革，不断丰富教育内涵，努力突出办学特色，实现了职业教育的转型跨越发展。基础设施配套完备。</span></p><p style=\"margin-top: 0px; margin-bottom: 0px; padding: 8px; list-style-type: none; -webkit-padding-start: 0px; -webkit-margin-before: 0px; -webkit-margin-after: 0px; font-family: Arial, Helvetica, sans-serif, 宋体; font-size: 12px; white-space: normal; background-color: rgb(255, 255, 255);\"><span style=\"margin: 0px; padding: 0px; line-height: 28px; color: rgb(77, 78, 83); font-size: 14px;\">&nbsp;&nbsp;&nbsp;&nbsp;&nbsp;&nbsp;<strong style=\"margin: 0px; padding: 0px;\">&nbsp;教学质量显著提升。</strong>学校建有教学楼、科技实验楼、学生公寓楼、实训中心、餐饮中心等。建有独立的校园网站，装备有电力拖动、维修电工、数控加工中心、CAD/CAM、PLC、数控仿真模拟等40多个高标准实训室，能满足各个专业学生实习实训及社会培训鉴定需求。</span></p><p style=\"margin-top: 0px; margin-bottom: 0px; padding: 8px; list-style-type: none; -webkit-padding-start: 0px; -webkit-margin-before: 0px; -webkit-margin-after: 0px; font-family: Arial, Helvetica, sans-serif, 宋体; font-size: 12px; white-space: normal; background-color: rgb(255, 255, 255);\"><span style=\"margin: 0px; padding: 0px; line-height: 28px; color: rgb(77, 78, 83); font-size: 14px;\">&nbsp; &nbsp; &nbsp; &nbsp;积极推行理实一体化教学模式和“做中教，做中学”的教学方式，狠抓实训教学，实行“定标、实训、考核、鉴定、竞赛”系列管理，努力培养学生实训操作技能，学生的技能鉴定合格率达到了100%，毕业生“双证”率达到98%以上。先后有400多名学生在各级技能大赛中荣获等次奖；2013年47名学生参加全省“三校生”对口高考，本科录取4人，占参考人数的8.5%，高出全省本科录取率5个百分点，专科及以上录取率达到了100%，参加各级各类征文及课堂讲赛活动获奖师生达200余人次。</span></p><p style=\"margin-top: 0px; margin-bottom: 0px; padding: 8px; list-style-type: none; -webkit-padding-start: 0px; -webkit-margin-before: 0px; -webkit-margin-after: 0px; font-family: Arial, Helvetica, sans-serif, 宋体; font-size: 12px; white-space: normal; background-color: rgb(255, 255, 255);\"><span style=\"margin: 0px; padding: 0px; line-height: 28px; color: rgb(77, 78, 83); font-size: 14px;\">&nbsp;&nbsp;&nbsp;&nbsp;&nbsp;&nbsp;&nbsp;<strong style=\"margin: 0px; padding: 0px;\">培养模式灵活多样。</strong>学校积极开展多层次办学，不断探索职业教育发展途径，加强校际、校企合作，积极推进工学结合、半工半读、订单培养（联合办学）办学模式，联手培养高素质技能型人才。与甘肃电大、陇东学院、陕西中医学院等学校联合，开办成人高等学历教育；与大金中国投资有限公司、宁波菱茂、上海英业达集团等企业签订了校外实训基地协议，建立了企业冠名班，使学生学习有方向，就业有保障。</span></p><p style=\"margin-top: 0px; margin-bottom: 0px; padding: 8px; list-style-type: none; -webkit-padding-start: 0px; -webkit-margin-before: 0px; -webkit-margin-after: 0px; font-family: Arial, Helvetica, sans-serif, 宋体; font-size: 12px; white-space: normal; background-color: rgb(255, 255, 255);\"><span style=\"margin: 0px; padding: 0px; line-height: 28px; color: rgb(77, 78, 83); font-size: 14px;\">&nbsp;&nbsp;&nbsp;&nbsp;&nbsp;&nbsp;&nbsp;<strong style=\"margin: 0px; padding: 0px;\">就业网络四通八达。</strong>积极拓宽就业渠道，持续加大学校与企业的合作力度，与天津、上海、苏州、宁波等地的部分企业建立合作伙伴关系，初步形成了南到广东，西至兰州，北临北京，东达上海的四通八达的就业网络，毕业生就业率达97.4%，学生月收入达到了3500元以上, 实现了“招收一个学生，培养一个学生，就业一个学生，致富一个家庭”的目标。</span></p><p><span style=\"margin: 0px; padding: 0px; line-height: 28px; color: rgb(77, 78, 83); font-size: 14px;\"><strong style=\"margin: 0px; padding: 0px; color: rgb(77, 78, 83); font-family: Arial, Helvetica, sans-serif, 宋体; font-size: 14px; line-height: 28px; white-space: normal; background-color: rgb(255, 255, 255);\">&nbsp; &nbsp; &nbsp; &nbsp; &nbsp;学校所在位置</strong></span></p><p style=\"text-align: center;\"><span style=\"margin: 0px; padding: 0px; line-height: 28px; color: rgb(77, 78, 83); font-size: 14px;\"><strong style=\"margin: 0px; padding: 0px; color: rgb(77, 78, 83); font-family: Arial, Helvetica, sans-serif, 宋体; font-size: 14px; line-height: 28px; white-space: normal; background-color: rgb(255, 255, 255);\"><iframe class=\"ueditor_baidumap\" src=\"http://localhost/xygl/Data/Ueditor/dialogs/map/show.html#center=107.368549,35.346975&zoom=17&width=530&height=340&markers=107.37427,35.338584&markerStyles=l,A\" style=\"width: 617px; height: 414px;\" frameborder=\"0\" width=\"534\" height=\"344\"></iframe></strong></span></p>','','','',''),
('3','首页顶端显示的网站所属单位','平凉理工中等专业学校 | 泾川县职业教育中心','','','','http://www.jczyxx.com'),
('4','1','<p>建议意见区</p>','','','','');-- <xjx> --

-- ±íµÄÊý¾Ý£ºxh_student --
INSERT INTO `xh_student` VALUES
('1','20160101','何丽','男','123456','2016-2017-1','201601'),
('2','20160102','仇小梅','女','123456','2016-2017-1','201601'),
('3','20160103','刘伟莉','女','123456','2016-2017-1','201601'),
('4','20160104','刘发强','男','123456','2016-2017-1','201601'),
('5','20160105','刘薇','女','123456','2016-2017-1','201601'),
('6','20160106','口自芳','女','123456','2016-2017-1','201601'),
('7','20160107','周世英','女','000000','2016-2017-1','201601'),
('8','20160108','尚玉娇','女','123456','2016-2017-1','201601'),
('9','20160109','岳小乐','女','123456','2016-2017-1','201601'),
('10','20160110','巨喜娟','女','zhizhang','2016-2017-1','201601'),
('11','20160111','张伟','男','123456','2016-2017-1','201601'),
('12','20160112','张文军','男','123456','2016-2017-1','201601'),
('13','20160114','张鸿艳','女','123456','2016-2017-1','201601'),
('14','20160115','晁娅莉','女','123456','2016-2017-1','201601'),
('15','20160116','曹亚龙','男','123456','2016-2017-1','201601'),
('16','20160117','朱宁宁','男','123456','2016-2017-1','201601'),
('17','20160118','朱海燕','女','123456','2016-2017-1','201601'),
('18','20160119','樊龙','男','123456','2016-2017-1','201601'),
('19','20160120','温欢','男','123456','2016-2017-1','201601'),
('20','20160122','王丽娜','女','123456','2016-2017-1','201601'),
('21','20160123','王媛媛','女','123456','2016-2017-1','201601'),
('22','20160124','王春凤','女','123456','2016-2017-1','201601'),
('23','20160125','王鹏','男','123456','2016-2017-1','201601'),
('24','20160126','白文丽','女','123456','2016-2017-1','201601'),
('25','20160127','章文佩','女','123456','2016-2017-1','201601'),
('26','20160128','章鹏杰','男','123456','2016-2017-1','201601'),
('27','20160129','胡亚军','男','2329315642','2016-2017-1','201601'),
('28','20160130','薛倩','女','0123456','2016-2017-1','201601'),
('29','20160131','鲁金丽','女','123456','2016-2017-1','201601'),
('30','20160132','曹荣飞','男','sr5201314..','2016-2017-1','201601'),
('31','20160133','付金梅','女','123456','2016-2017-1','201601'),
('32','20160134','郭红艳','女','123456','2016-2017-1','201601'),
('33','20160135','景秀英','女','123456','2016-2017-1','201601'),
('34','20160136','景亚林','女','123456','2016-2017-1','201601'),
('35','20160137','雷苗','女','123456','2016-2017-1','201601'),
('36','20160138','李锐','女','123456','2016-2017-1','201601'),
('37','20160139','李小雪','女','123456','2016-2017-1','201601'),
('38','20160140','梁兴发','男','zhupo','2016-2017-1','201601'),
('39','20160142','吕萌','女','123456','2016-2017-1','201601'),
('40','20160143','吕少东','男','^@)*@!','2016-2017-1','201601'),
('41','20160144','吕小丽','女','123456','2016-2017-1','201601'),
('42','20160145','王海燕','女','123456','2016-2017-1','201601'),
('43','20160146','王红娟','女','123456','2016-2017-1','201601'),
('44','20160147','王娟','女','123456','2016-2017-1','201601'),
('45','20160148','王小唯','女','123456','2016-2017-1','201601'),
('46','20160149','王小霞','女','123456','2016-2017-1','201601'),
('47','20160150','王岩','男','123456','2016-2017-1','201601'),
('48','20160152','魏艳宁','女','852963','2016-2017-1','201601'),
('49','20160153','谢红丽','女','123456','2016-2017-1','201601'),
('50','20160154','辛梓榕','女','123456','2016-2017-1','201601'),
('51','20160155','杨琴','女','123456','2016-2017-1','201601'),
('52','20160156','周新燕','女','123456','2016-2017-1','201601'),
('53','20160158','张亚丽','女','123456','2016-2017-1','201601'),
('54','20160201','史景峰','男','123456','2016-2017-1','201602'),
('55','20160202','李嗥','男','123456','2016-2017-1','201602'),
('56','20160203','康雅哲','女','123456','2016-2017-1','201602'),
('57','20160204','鲁娇娇','女','123456','2016-2017-1','201602'),
('58','20160205','杨莹莹','女','123456','2016-2017-1','201602'),
('59','20160206','赵小燕','女','123456','2016-2017-1','201602'),
('60','20160207','张鑫','男','123456','2016-2017-1','201602'),
('61','20160208','刘宝隆','男','123456','2016-2017-1','201602'),
('62','20160209','于福林','男','123456','2016-2017-1','201602'),
('63','20160210','王蕊','女','123456','2016-2017-1','201602'),
('64','20160211','白小红','女','123456','2016-2017-1','201602'),
('65','20160212','郝晶','女','123456','2016-2017-1','201602'),
('66','20160213','姚金凤','女','123456','2016-2017-1','201602'),
('67','20160214','景瑞雪','女','123456','2016-2017-1','201602'),
('68','20160215','蒋宝龙','男','123456','2016-2017-1','201602'),
('69','20160216','何海瑞','男','123456','2016-2017-1','201602'),
('70','20160217','武娇娇','女','123456','2016-2017-1','201602'),
('71','20160218','脱文艳','女','123456','2016-2017-1','201602'),
('72','20160219','吕双燕','女','123456','2016-2017-1','201602'),
('73','20160220','何红艳','女','123456','2016-2017-1','201602'),
('74','20160221','何金艳','女','123456','2016-2017-1','201602'),
('75','20160222','于强','男','123456','2016-2017-1','201602'),
('76','20160223','任海银','男','123456','2016-2017-1','201602'),
('77','20160224','李永强','男','123456','2016-2017-1','201602'),
('78','20160225','白冰','男','123456','2016-2017-1','201602'),
('79','20160226','朱丽娟','女','123456','2016-2017-1','201602'),
('80','20160227','胡瑾毓','女','123456','2016-2017-1','201602'),
('81','20160228','薛清泉','男','123456','2016-2017-1','201602'),
('82','20160229','王亚军','男','123456','2016-2017-1','201602'),
('83','20160230','景桐','男','123456','2016-2017-1','201602'),
('84','20160231','申文娜','女','123456','2016-2017-1','201602'),
('85','20160232','脱玲玲','女','123456','2016-2017-1','201602'),
('86','20160233','毛丽琴','女','123456','2016-2017-1','201602'),
('87','20160234','袁丽萍','女','123456','2016-2017-1','201602'),
('88','20160235','王雪','女','123456','2016-2017-1','201602'),
('89','20160236','王云飞','男','123456','2016-2017-1','201602'),
('90','20160237','王丹','女','123456','2016-2017-1','201602'),
('91','20160238','刘萍','女','123456','2016-2017-1','201602'),
('92','20160239','朱文娟','女','123456','2016-2017-1','201602'),
('93','20160301','陈亚萍','女','123456','2016-2017-1','201603'),
('94','20160302','代金鑫','男','123456','2016-2017-1','201603'),
('95','20160303','杜美娟','女','123456','2016-2017-1','201603'),
('96','20160304','杜悦','女','123456','2016-2017-1','201603'),
('97','20160305','樊金凤','女','123456','2016-2017-1','201603'),
('98','20160306','樊明星','男','123456','2016-2017-1','201603'),
('99','20160307','高娅妮','女','123456','2016-2017-1','201603'),
('100','20160308','康蕾','女','123456','2016-2017-1','201603'),
('101','20160309','口文华','男','123456','2016-2017-1','201603'),
('102','20160310','雷鑫','女','123456','2016-2017-1','201603'),
('103','20160311','李春艳','女','123456','2016-2017-1','201603'),
('104','20160312','李雪','女','123456','2016-2017-1','201603'),
('105','20160313','李永强','男','123456','2016-2017-1','201603'),
('106','20160314','力文慧','女','123456','2016-2017-1','201603'),
('107','20160315','刘兰','女','123456','2016-2017-1','201603'),
('108','20160316','吕花婷','女','123456','2016-2017-1','201603'),
('109','20160317','吕勇涛','男','123456','2016-2017-1','201603'),
('110','20160318','马海娟','女','123456','2016-2017-1','201603'),
('111','20160319','宁璐','女','123456','2016-2017-1','201603'),
('112','20160320','史玲玲','女','123456','2016-2017-1','201603'),
('113','20160321','史肖肖','女','123456','2016-2017-1','201603'),
('114','20160322','王博','男','123456','2016-2017-1','201603'),
('115','20160323','王丹','女','123456','2016-2017-1','201603'),
('116','20160324','王娟','女','123456','2016-2017-1','201603'),
('117','20160325','王靓','女','123456','2016-2017-1','201603'),
('118','20160326','王苗苗','女','123456','2016-2017-1','201603'),
('119','20160327','王宁','男','123456','2016-2017-1','201603'),
('120','20160328','王瑢','女','123456','2016-2017-1','201603'),
('121','20160329','王雅楠','女','123456','2016-2017-1','201603'),
('122','20160330','魏强','男','123456','2016-2017-1','201603'),
('123','20160331','魏雅雯','女','123456','2016-2017-1','201603'),
('124','20160332','席文涛','男','123456','2016-2017-1','201603'),
('125','20160333','许永新','男','123456','2016-2017-1','201603'),
('126','20160334','闫婷婷','女','123456','2016-2017-1','201603'),
('127','20160335','姚芸','女','123456','2016-2017-1','201603'),
('128','20160336','袁敏','女','123456','2016-2017-1','201603'),
('129','20160337','张楠','男','123456','2016-2017-1','201603'),
('130','20160338','张明星','男','123456','2016-2017-1','201603'),
('131','20160339','张小娟','女','123456','2016-2017-1','201603'),
('132','20160340','张瑜','女','123456','2016-2017-1','201603'),
('133','20160341','张玉宏','男','123456','2016-2017-1','201603'),
('134','20160342','章彤彤','女','123456','2016-2017-1','201603'),
('135','20160343','赵苗苗','女','123456','2016-2017-1','201603'),
('136','20160344','赵明辉','男','123456','2016-2017-1','201603'),
('137','20160345','朱海云','女','123456','2016-2017-1','201603'),
('138','20160346','朱玉燕','女','123456','2016-2017-1','201603'),
('139','20160347','左丽霞','女','123456','2016-2017-1','201603'),
('140','20170101','王燕燕','女','123456','2017-2018-1','201701'),
('141','20170102','罗红艳','女','123456','2017-2018-1','201701'),
('142','20170103','曹永福','男','123456','2017-2018-1','201701'),
('143','20170104','苏鹏','男','123456','2017-2018-1','201701'),
('144','20170105','景浩天','男','123456','2017-2018-1','201701'),
('145','20170106','常文艳','女','123456','2017-2018-1','201701'),
('146','20170107','耿佳美','女','123456','2017-2018-1','201701'),
('147','20170108','脱红芳','女','123456','2017-2018-1','201701'),
('148','20170109','李伟平','男','768454','2017-2018-1','201701'),
('149','20170110','樊补元','男','123456','2017-2018-1','201701'),
('150','20170111','郭超荣','男','123456','2017-2018-1','201701'),
('151','20170112','李艳艳','女','123456','2017-2018-1','201701'),
('152','20170113','薛彩琴','女','123456','2017-2018-1','201701'),
('153','20170114','崔英磾','女','123456','2017-2018-1','201701'),
('154','20170115','赵海晴','女','123456','2017-2018-1','201701'),
('155','20170116','吕盼弟','女','123456','2017-2018-1','201701'),
('156','20170117','景兴科','男','123456','2017-2018-1','201701'),
('157','20170118','何晶','女','123456','2017-2018-1','201701'),
('158','20170119','朱永杰','男','123456','2017-2018-1','201701'),
('159','20170120','魏亚云','女','123456','2017-2018-1','201701'),
('160','20170121','吴晓薇','女','123456','2017-2018-1','201701'),
('161','20170122','王改霞','女','123456','2017-2018-1','201701'),
('162','20170123','吴娜','女','123456','2017-2018-1','201701'),
('163','20170124','吕婷婷','女','123456','2017-2018-1','201701'),
('164','20170125','吕媛媛','女','123456','2017-2018-1','201701'),
('165','20170126','李小龙','男','123456','2017-2018-1','201701'),
('166','20170127','吕嘉雯','女','123456','2017-2018-1','201701'),
('167','20170128','吴昊翔','男','123456','2017-2018-1','201701'),
('168','20170129','赵菲菲','女','123456','2017-2018-1','201701'),
('169','20170130','王权','男','123456','2017-2018-1','201701'),
('170','20170131','薛彤彤','男','123456','2017-2018-1','201701'),
('171','20170132','蒋小伟','男','123456','2017-2018-1','201701'),
('172','20170133','吕盼粉','女','123456','2017-2018-1','201701'),
('173','20170134','张诗祥','男','123456','2017-2018-1','201701'),
('174','20170135','尚梦圆','男','123456','2017-2018-1','201701'),
('175','20170136','景磊','男','23456','2017-2018-1','201701'),
('176','20170137','魏海龙','男','123456','2017-2018-1','201701'),
('177','20170138','贾静','女','123456','2017-2018-1','201701'),
('178','20170139','吕楠','男','123456','2017-2018-1','201701'),
('179','20170140','乔爽丽','女','123456','2017-2018-1','201701'),
('180','20170141','申越','男','123456','2017-2018-1','201701'),
('181','20170142','完彦玉','男','123456','2017-2018-1','201701'),
('182','20170143','袁艳红','女','123456','2017-2018-1','201701'),
('183','20170144','吕永杰','男','123456','2017-2018-1','201701'),
('184','20170145','宋振霄','男','123456','2017-2018-1','201701'),
('185','20170146','吕慧琳','女','123456','2017-2018-1','201701'),
('186','20170147','文卓','男','123456','2017-2018-1','201701'),
('187','20170148','权淑惠','女','123456','2017-2018-1','201701'),
('188','20170149','刘鑫','男','123456','2017-2018-1','201701'),
('189','20170150','景建龙','男','123456','2017-2018-1','201701'),
('190','20170151','陈云山','男','123456','2017-2018-1','201701'),
('191','20170152','张荣祥','男','123456','2017-2018-1','201701'),
('192','20170201','陈亚丽','女','123456','2017-2018-1','201702'),
('193','20170202','陈阳阳','男','123456','2017-2018-1','201702'),
('194','20170203','代新博','男','123456','2017-2018-1','201702'),
('195','20170204','党紫娟','女','123456','2017-2018-1','201702'),
('196','20170205','樊娇娇','女','123456','2017-2018-1','201702'),
('197','20170206','盖聪','男','123456','2017-2018-1','201702'),
('198','20170207','甘慧丽','女','123456','2017-2018-1','201702'),
('199','20170208','郭超','男','123456','2017-2018-1','201702'),
('200','20170209','郭海燕','女','123456','2017-2018-1','201702'),
('201','20170210','郭瑾','女','123456','2017-2018-1','201702'),
('202','20170211','贾敏洁','女','123456','2017-2018-1','201702'),
('203','20170212','景丽霞','女','123456','2017-2018-1','201702'),
('204','20170213','康福平','男','123456','2017-2018-1','201702'),
('205','20170214','李娜','女','123456','2017-2018-1','201702'),
('206','20170215','李佩瑶','女','123456','2017-2018-1','201702'),
('207','20170216','梁欢','女','123456','2017-2018-1','201702'),
('208','20170217','刘倩','女','123456','2017-2018-1','201702'),
('209','20170218','路列列','女','123456','2017-2018-1','201702'),
('210','20170219','路昭君','女','123456','2017-2018-1','201702'),
('211','20170220','吕建欢','男','123456','2017-2018-1','201702'),
('212','20170221','吕娜','女','123456','2017-2018-1','201702'),
('213','20170222','吕瑞东','男','123456','2017-2018-1','201702'),
('214','20170223','马辉','男','123456','2017-2018-1','201702'),
('215','20170224','马凯文','男','123456','2017-2018-1','201702'),
('216','20170225','孟小春','男','123456','2017-2018-1','201702'),
('217','20170226','史彩虹','女','123456','2017-2018-1','201702'),
('218','20170227','史家瑞','男','123456','2017-2018-1','201702'),
('219','20170228','史丽花','女','123456','2017-2018-1','201702'),
('220','20170229','史龙','男','123456','2017-2018-1','201702'),
('221','20170230','史银升','男','123456','2017-2018-1','201702'),
('222','20170231','史云辉','男','123456','2017-2018-1','201702'),
('223','20170232','孙博','男','123456','2017-2018-1','201702'),
('224','20170233','王樊强','男','123456','2017-2018-1','201702'),
('225','20170234','王龙升','男','123456','2017-2018-1','201702'),
('226','20170235','王英','女','123456','2017-2018-1','201702'),
('227','20170236','王忠','男','123456','2017-2018-1','201702'),
('228','20170237','温家伟','男','123456','2017-2018-1','201702'),
('229','20170238','吴东东','男','123456','2017-2018-1','201702'),
('230','20170239','辛杰','男','123456','2017-2018-1','201702'),
('231','20170240','徐双双','女','123456','2017-2018-1','201702'),
('232','20170241','许小玉','女','123456','2017-2018-1','201702'),
('233','20170242','杨丽霞','女','123456','2017-2018-1','201702'),
('234','20170243','刘敏','女','123456','2017-2018-1','201702'),
('235','20170244','袁超','男','123456','2017-2018-1','201702'),
('236','20170245','张李伟','男','123456','2017-2018-1','201702'),
('237','20170246','张盼盼','男','123456','2017-2018-1','201702'),
('238','20170247','章淑翡','女','123456','2017-2018-1','201702'),
('239','20170248','赵彩虹','女','123456','2017-2018-1','201702'),
('240','20170249','赵慧娟','女','123456','2017-2018-1','201702'),
('241','20170250','赵祥','男','123456','2017-2018-1','201702'),
('242','20170251','郑琴琴','女','123456','2017-2018-1','201702'),
('243','20170252','周贵荣','女','123456','2017-2018-1','201702'),
('244','20170301','陈红','女','123456','2017-2018-1','201703'),
('245','20170302','任世祥','男','123456','2017-2018-1','201703'),
('246','20170303','梁雪','女','123456','2017-2018-1','201703'),
('247','20170304','景娅婷','女','123456','2017-2018-1','201703'),
('248','20170305','窦星','女','123456','2017-2018-1','201703'),
('249','20170306','李勇','男','123456','2017-2018-1','201703'),
('250','20170307','樊泽荣','男','123456','2017-2018-1','201703'),
('251','20170308','吴晓雨','女','123456','2017-2018-1','201703'),
('252','20170309','薛世龙','男','123456','2017-2018-1','201703'),
('253','20170310','刘秀娟','女','123456','2017-2018-1','201703'),
('254','20170311','段燕青','女','123456','2017-2018-1','201703'),
('255','20170312','田高','男','123456','2017-2018-1','201703'),
('256','20170313','王顺','男','123456','2017-2018-1','201703'),
('257','20170314','申正兴','男','123456','2017-2018-1','201703'),
('258','20170315','刘艳','女','123456','2017-2018-1','201703'),
('259','20170316','吴春梅','女','123456','2017-2018-1','201703'),
('260','20170317','梁丽红','女','123456','2017-2018-1','201703'),
('261','20170318','何小艳','女','123456','2017-2018-1','201703'),
('262','20170319','吕青霞','女','123456','2017-2018-1','201703'),
('263','20170320','史成龙','男','123456','2017-2018-1','201703'),
('264','20170321','吕祥祥','男','123456','2017-2018-1','201703'),
('265','20170322','袁超','男','123456','2017-2018-1','201703'),
('266','20170323','袁金霞','女','123456','2017-2018-1','201703'),
('267','20170324','吕海珍','女','123456','2017-2018-1','201703'),
('268','20170325','毛莉婷','女','123456','2017-2018-1','201703'),
('269','20170326','赵婧娟','女','123456','2017-2018-1','201703'),
('270','20170327','刘子旭','男','123456','2017-2018-1','201703'),
('271','20170328','张伟龙','男','123456','2017-2018-1','201703'),
('272','20170329','赵彤','女','123456','2017-2018-1','201703'),
('273','20170330','李霄','男','123456','2017-2018-1','201703'),
('274','20170331','代佳骐','男','123456','2017-2018-1','201703'),
('275','20170332','刘静','女','123456','2017-2018-1','201703'),
('276','20170333','尚瑞娟','女','123456','2017-2018-1','201703'),
('277','20170334','刘郭祥','男','123456','2017-2018-1','201703'),
('278','20170335','完京','男','123456','2017-2018-1','201703'),
('279','20170336','何娅琴','女','123456','2017-2018-1','201703'),
('280','20170337','高欢','女','123456','2017-2018-1','201703'),
('281','20170338','程佳立','男','123456','2017-2018-1','201703'),
('282','20170339','马建国','男','123456','2017-2018-1','201703'),
('283','20170340','张萌','女','123456','2017-2018-1','201703'),
('284','20170341','李冬琴','女','123456','2017-2018-1','201703'),
('285','20170342','史海丽','女','123456','2017-2018-1','201703'),
('286','20170343','赵燕妮','女','123456','2017-2018-1','201703'),
('287','20170344','罗丽雪','女','123456','2017-2018-1','201703'),
('288','20170345','脱婷婷','女','123456','2017-2018-1','201703'),
('289','20170346','孟文娟','女','123456','2017-2018-1','201703'),
('290','20170347','王蕊蕊','女','123456','2017-2018-1','201703'),
('291','20170348','胡婷','女','123456','2017-2018-1','201703'),
('292','20170349','马玲红','女','123456','2017-2018-1','201703'),
('293','20170350','孟欢欢','男','123456','2017-2018-1','201703'),
('294','20170351','郭斌瑞','男','123456','2017-2018-1','201703'),
('295','20170352','刘瑶瑶','女','123456','2017-2018-1','201703'),
('296','20170353','赵鑫','男','123456','2017-2018-1','201703'),
('297','20171001','安晶','女','123456','2017-2018-1','201710'),
('298','20171002','曹龙','男','123456','2017-2018-1','201710'),
('299','20171003','陈旭东','男','123456','2017-2018-1','201710'),
('300','20171004','陈志宏','男','123456','2017-2018-1','201710'),
('301','20171005','崔静英','女','123456','2017-2018-1','201710'),
('302','20171006','丁志伟','男','123456','2017-2018-1','201710'),
('303','20171007','樊嘉','女','123456','2017-2018-1','201710'),
('304','20171008','甘尚武','男','123456','2017-2018-1','201710'),
('305','20171009','高冰','女','123456','2017-2018-1','201710'),
('306','20171010','高飞飞','男','123456','2017-2018-1','201710'),
('307','20171012','韩琴','女','123456','2017-2018-1','201710'),
('308','20171013','何静','女','123456','2017-2018-1','201710'),
('309','20171014','何俊超','男','123456','2017-2018-1','201710'),
('310','20171015','何玲','女','123456','2017-2018-1','201710'),
('311','20171016','何王龙','男','123456','2017-2018-1','201710'),
('312','20171017','何玉龙','男','123456','2017-2018-1','201710'),
('313','20171018','胡金鹏','男','123456','2017-2018-1','201710'),
('314','20171019','胡康乐','男','123456','2017-2018-1','201710'),
('315','20171020','胡小龙','男','123456','2017-2018-1','201710'),
('316','20171021','贾建忠','男','123456','2017-2018-1','201710'),
('317','20171022','贾兰英','女','123456','2017-2018-1','201710'),
('318','20171023','焦乐强','男','123456','2017-2018-1','201710'),
('319','20171024','焦林娟','女','123456','2017-2018-1','201710'),
('320','20171025','景永刚','男','123456','2017-2018-1','201710'),
('321','20171026','口继龙','男','123456','2017-2018-1','201710'),
('322','20171027','口亚妮','女','123456','2017-2018-1','201710'),
('323','20171028','李东华','男','123456','2017-2018-1','201710'),
('324','20171029','李辉','男','123456','2017-2018-1','201710'),
('325','20171030','李继红','男','123456','2017-2018-1','201710'),
('326','20171031','李凯','男','123456','2017-2018-1','201710'),
('327','20171032','李馨瑶','女','123456','2017-2018-1','201710'),
('328','20171033','李雪健','女','123456','2017-2018-1','201710'),
('329','20171034','李亚梅','女','123456','2017-2018-1','201710'),
('330','20171035','李亚楠','女','123456','2017-2018-1','201710'),
('331','20171036','梁金梅','女','123456','2017-2018-1','201710'),
('332','20171037','刘繁荣','男','123456','2017-2018-1','201710'),
('333','20171038','刘根继','男','123456','2017-2018-1','201710'),
('334','20171039','刘惠云','女','123456','2017-2018-1','201710'),
('335','20171040','刘林艳','女','123456','2017-2018-1','201710'),
('336','20171041','刘文宁','女','123456','2017-2018-1','201710'),
('337','20171042','刘小刚','男','123456','2017-2018-1','201710'),
('338','20171043','朱亚娟','女','123456','2017-2018-1','201710'),
('339','20171044','景飞强','男','123456','2017-2018-1','201710'),
('340','20171045','王国华','男','123456','2017-2018-1','201710'),
('341','20171011','吕智琦','男','123456','2017-2018-1','201710'),
('342','20171046','袁涛','男','123456','2017-2018-1','201710'),
('343','20171047','高琪','女','123456','2017-2018-1','201710'),
('344','20171048','胡敏敏','女','123456','2017-2018-1','201710'),
('345','20170801','崔文涛','男','123456','2017-2018-1','201708'),
('346','20170802','崔泽毓','男','123456','2017-2018-1','201708'),
('347','20170803','董文涛','男','123456','2017-2018-1','201708'),
('348','20170804','段义龙','男','123456','2017-2018-1','201708'),
('349','20170805','樊金龙','男','123456','2017-2018-1','201708'),
('350','20170806','樊金涛','男','123456','2017-2018-1','201708'),
('351','20170807','樊世强','男','123456','2017-2018-1','201708'),
('352','20170808','高鹏铠','男','123456','2017-2018-1','201708'),
('353','20170809','高毅','男','123456','2017-2018-1','201708'),
('354','20170810','郭欣荣','男','123456','2017-2018-1','201708'),
('355','20170811','何李','男','123456','2017-2018-1','201708'),
('356','20170812','何鹏贵','男','123456','2017-2018-1','201708'),
('357','20170813','何文杰','男','123456','2017-2018-1','201708'),
('358','20170814','胡海平','男','123456','2017-2018-1','201708'),
('359','20170815','姬红亮','男','123456','2017-2018-1','201708'),
('360','20170816','景志勇','男','123456','2017-2018-1','201708'),
('361','20170817','巨强','男','123456','2017-2018-1','201708'),
('362','20170818','雷录祥','男','123456','2017-2018-1','201708'),
('363','20170819','李红军','男','123456','2017-2018-1','201708'),
('364','20170820','刘成','男','123456','2017-2018-1','201708'),
('365','20170821','刘佳乐','男','123456','2017-2018-1','201708'),
('366','20170822','刘琦','男','123456','2017-2018-1','201708'),
('367','20170823','刘强','男','123456','2017-2018-1','201708'),
('368','20170824','刘相','男','123456','2017-2018-1','201708'),
('369','20170825','刘志鑫','男','123456','2017-2018-1','201708'),
('370','20170826','鲁建国','男','123456','2017-2018-1','201708'),
('371','20170827','吕红杰','男','123456','2017-2018-1','201708'),
('372','20170828','罗宁','男','123456','2017-2018-1','201708'),
('373','20170829','马思阳','男','123456','2017-2018-1','201708'),
('374','20170830','毛银龙','男','123456','2017-2018-1','201708'),
('375','20170831','梅文龙','男','123456','2017-2018-1','201708'),
('376','20170832','乔欣雨','男','123456','2017-2018-1','201708'),
('377','20170901','任轲','男','123456','2017-2018-1','201709'),
('378','20170902','尚继锋','男','123456','2017-2018-1','201709'),
('379','20170903','沈金文','男','123456','2017-2018-1','201709'),
('380','20170904','史凤鸣','男','123456','2017-2018-1','201709'),
('381','20170905','史建强','男','123456','2017-2018-1','201709'),
('382','20170906','史新宏','男','123456','2017-2018-1','201709'),
('383','20170907','史志骞','男','123456','2017-2018-1','201709'),
('384','20170908','宋文博','男','123456','2017-2018-1','201709'),
('385','20170909','王超峰','男','123456','2017-2018-1','201709'),
('386','20170910','王洪涛','男','123456','2017-2018-1','201709'),
('387','20170911','王亮','男','123456','2017-2018-1','201709'),
('388','20170912','王林刚','男','123456','2017-2018-1','201709'),
('389','20170913','王涛','男','123456','2017-2018-1','201709'),
('390','20170914','王勇强','男','123456','2017-2018-1','201709'),
('391','20170915','魏俊峰','男','123456','2017-2018-1','201709'),
('392','20170916','温浩东','男','123456','2017-2018-1','201709'),
('393','20170917','许晓龙','男','123456','2017-2018-1','201709'),
('394','20170918','薛君','男','123456','2017-2018-1','201709'),
('395','20170919','闫文博','男','123456','2017-2018-1','201709'),
('396','20170920','袁红斌','男','123456','2017-2018-1','201709'),
('397','20170921','张衡','男','123456','2017-2018-1','201709'),
('398','20170922','张键','男','123456','2017-2018-1','201709'),
('399','20170923','张明','男','123456','2017-2018-1','201709'),
('400','20170924','张少军','男','123456','2017-2018-1','201709'),
('401','20170925','张双宏','男','123456','2017-2018-1','201709'),
('402','20170926','张喜鸿','男','123456','2017-2018-1','201709'),
('403','20170927','张钊','男','123456','2017-2018-1','201709'),
('404','20170928','朱银涛','男','123456','2017-2018-1','201709'),
('405','20170601','黄丽红','女','123456','2017-2018-1','201706'),
('406','20170602','秦鑫','男','123456','2017-2018-1','201706'),
('407','20170603','吕婷婷','女','123456','2017-2018-1','201706'),
('408','20170604','景莹莹','女','123456','2017-2018-1','201706'),
('409','20170605','吕龙丽','女','123456','2017-2018-1','201706'),
('410','20170606','李瑞娟','女','123456','2017-2018-1','201706'),
('411','20170607','郭彩丽','女','123456','2017-2018-1','201706'),
('412','20170608','许潇','女','123456','2017-2018-1','201706'),
('413','20170609','史艺佳','女','123456','2017-2018-1','201706'),
('414','20170610','高强','女','123456','2017-2018-1','201706'),
('415','20170611','杜莹','女','123456','2017-2018-1','201706'),
('416','20170612','孟婷','女','123456','2017-2018-1','201706'),
('417','20170613','康霞霞','女','123456','2017-2018-1','201706'),
('418','20170614','赵粉粉','女','123456','2017-2018-1','201706'),
('419','20170615','史文婧','女','123456','2017-2018-1','201706'),
('420','20170616','刘雪琴','女','123456','2017-2018-1','201706'),
('421','20170617','陈攀凤','女','123456','2017-2018-1','201706'),
('422','20170618','牛海娟','女','123456','2017-2018-1','201706'),
('423','20170619','马培椿','女','123456','2017-2018-1','201706'),
('424','20170620','史晓萱','女','123456','2017-2018-1','201706'),
('425','20170621','史金霞','女','123456','2017-2018-1','201706'),
('426','20170622','樊莹','女','123456','2017-2018-1','201706'),
('427','20170623','马丽婷','女','123456','2017-2018-1','201706'),
('428','20170624','崔娜','女','123456','2017-2018-1','201706'),
('429','20170625','林艳','女','123456','2017-2018-1','201706'),
('430','20170626','尚芳','女','123456','2017-2018-1','201706'),
('431','20170627','刘婷','女','123456','2017-2018-1','201706'),
('432','20170628','陈丽','女','123456','2017-2018-1','201706'),
('433','20170629','路丽娜','女','123456','2017-2018-1','201706'),
('434','20170630','董淑敏','女','123456','2017-2018-1','201706'),
('435','20170631','史雪玲','女','123456','2017-2018-1','201706'),
('436','20170632','雷娇','女','123456','2017-2018-1','201706'),
('437','20170633','刘佩玺','女','123456','2017-2018-1','201706'),
('438','20170634','高虹芳','女','123456','2017-2018-1','201706'),
('439','20170635','梁晓花','女','123456','2017-2018-1','201706'),
('440','20170636','段娟琴','女','123456','2017-2018-1','201706'),
('441','20170637','牛海娟','女','123456','2017-2018-1','201706'),
('442','20170638','李秀娟','女','123456','2017-2018-1','201706'),
('443','20170639','巨志珍','女','123456','2017-2018-1','201706'),
('444','20170640','葛文静','女','123456','2017-2018-1','201706'),
('445','20170641','蒋莉雅','女','123456','2017-2018-1','201706'),
('446','20172101','赵红丽','女','20020228','2017-2018-1','201721'),
('447','20172102','冯亚琴','女','147258369','2017-2018-1','201721'),
('448','20172103','李鹏陈','男','123456','2017-2018-1','201721'),
('449','20172104','李春阳','女','12345.','2017-2018-1','201721'),
('450','20172105','姚文龙','男','ywl123456','2017-2018-1','201721'),
('451','20172106','袁园园','女','12345.','2017-2018-1','201721'),
('452','20172107','李萍','女','520334','2017-2018-1','201721'),
('453','20172108','毛金慧','女','53219','2017-2018-1','201721'),
('454','20172109','孙文华','女','12345.','2017-2018-1','201721'),
('455','20172110','史林勇','男','123826444','2017-2018-1','201721'),
('456','20172111','袁心怡','女','12345.','2017-2018-1','201721'),
('457','20172112','朱亚莉','女','123456','2017-2018-1','201721'),
('458','20172113','何喜红','女','123456','2017-2018-1','201721'),
('459','20172114','陈小鑫','男','991018','2017-2018-1','201721'),
('460','20172115','巫永杰','男','123456','2017-2018-1','201721'),
('461','20172116','康川','男','123456','2017-2018-1','201721'),
('462','20172117','黄涛','男','520','2017-2018-1','201721'),
('463','20172118','姚文丽','女','110628','2017-2018-1','201721'),
('464','20172119','赵晨','男','123456','2017-2018-1','201721'),
('465','20172120','张虎虎','男','666666','2017-2018-1','201721'),
('466','20172121','卢玲芳','女','12345.','2017-2018-1','201721'),
('467','20172122','口涵钰','女','20011122','2017-2018-1','201721'),
('468','20172123','胡晶','女','hujing2017','2017-2018-1','201721'),
('469','20172124','杜大中','男','12345.','2017-2018-1','201721'),
('470','20172125','杨玉艳','女','0123456789','2017-2018-1','201721'),
('471','20172126','朱亚男','女','123456','2017-2018-1','201721'),
('472','20172127','孟海博','男','5201314','2017-2018-1','201721'),
('473','20172128','刘美丽','女','123456','2017-2018-1','201721'),
('474','20172129','毛艳花','女','12345.','2017-2018-1','201721'),
('475','20172130','毛娟','女','123456.','2017-2018-1','201721'),
('476','20172131','常文静','女','1314','2017-2018-1','201721'),
('477','20172132','盖红丽','女','4695287','2017-2018-1','201721'),
('478','20172133','徐海珍','女','0128','2017-2018-1','201721'),
('479','20172134','杜向丽','女','123456','2017-2018-1','201721'),
('480','20172135','盖红艳','女','GHY1527743001','2017-2018-1','201721'),
('481','20172136','口金丽','女','123456','2017-2018-1','201721'),
('482','20172137','口文静','女','20010405','2017-2018-1','201721'),
('483','20172138','魏焕银','男','1314..','2017-2018-1','201721'),
('484','20172139','乔东涛','男','159753','2017-2018-1','201721'),
('485','20172140','郭建强','男','457557','2017-2018-1','201721'),
('486','20172141','牛红艳','女','123456','2017-2018-1','201721'),
('487','20172142','唐等霞','女','123456','2017-2018-1','201721'),
('488','20172143','景嘉丽','女','123456','2017-2018-1','201721'),
('489','20172144','郭宁','男','12345.','2017-2018-1','201721'),
('490','20172145','口文昊','男','123456','2017-2018-1','201721'),
('491','20172146','吴长勇','男','286286','2017-2018-1','201721'),
('492','20172147','马文博','男','mawenbo','2017-2018-1','201721'),
('493','20172148','朱子健','男','123456','2017-2018-1','201721'),
('494','20172149','陈勇生','男','123456','2017-2018-1','201721'),
('495','20172150','高嘉豪','男','gjh','2017-2018-1','201721'),
('496','20172151','吕明星','男','lq20010829','2017-2018-1','201721'),
('497','20172152','张楠','男','wcnm1301369624','2017-2018-1','201721'),
('498','20172153','魏旭康','男','200108154712','2017-2018-1','201721'),
('499','20172154','陈晓凤','女','159753','2017-2018-1','201721'),
('500','20172155','貟伟东','男','2663104468','2017-2018-1','201721'),
('501','20172156','何卿','女','122122','2017-2018-1','201721'),
('502','20172157','王芳','女','WF0211521','2017-2018-1','201721'),
('503','20171401','郭丽萍','女','123456','2017-2018-1','201714'),
('504','20171402','梁海娅','女','123456','2017-2018-1','201714'),
('505','20171403','胡丽洁','女','123456','2017-2018-1','201714'),
('506','20171404','盖丽媛','女','123456','2017-2018-1','201714'),
('507','20171405','蒋倩','女','123456','2017-2018-1','201714'),
('508','20171406','王文艳','女','123456','2017-2018-1','201714'),
('509','20171407','郭红霞','女','123456','2017-2018-1','201714'),
('510','20171408','张瑜','女','123456','2017-2018-1','201714'),
('511','20171409','巨欣瑞','女','123456','2017-2018-1','201714'),
('512','20171410','韩花花','女','123456','2017-2018-1','201714'),
('513','20171411','陈玲芬','女','123456','2017-2018-1','201714'),
('514','20171412','巨彤','女','123456','2017-2018-1','201714'),
('515','20171413','刘红钰','女','123456','2017-2018-1','201714'),
('516','20171414','陈曦','女','123456','2017-2018-1','201714'),
('517','20171415','袁蕊','女','123456','2017-2018-1','201714'),
('518','20171416','徐新雅','女','123456','2017-2018-1','201714'),
('519','20171417','赵雅婷','女','123456','2017-2018-1','201714'),
('520','20171418','李佳婷','女','123456','2017-2018-1','201714'),
('521','20171419','史秀娟','女','123456','2017-2018-1','201714'),
('522','20171420','王青','女','123456','2017-2018-1','201714'),
('523','20171421','任静静','女','123456','2017-2018-1','201714'),
('524','20171422','朱玉玲','女','123456','2017-2018-1','201714'),
('525','20171423','张海英','女','123456','2017-2018-1','201714'),
('526','20171424','杨苏丽','女','123456','2017-2018-1','201714'),
('527','20171425','柳天艺','女','123456','2017-2018-1','201714'),
('528','20171426','史亚妮','女','123456','2017-2018-1','201714'),
('529','20171427','魏敏','女','123456','2017-2018-1','201714'),
('530','20171428','陈瑶','女','123456','2017-2018-1','201714'),
('531','20171429','刘兰兰','女','123456','2017-2018-1','201714'),
('532','20171430','陈淑寒','女','123456','2017-2018-1','201714'),
('533','20171431','陈红转','女','123456','2017-2018-1','201714'),
('534','20171432','高娅宁','女','123456','2017-2018-1','201714'),
('535','20171433','康婷','女','123456','2017-2018-1','201714'),
('536','20171434','景文华','女','123456','2017-2018-1','201714'),
('537','20171435','吕莉娜','女','123456','2017-2018-1','201714'),
('538','20171436','张丽莉','女','123456','2017-2018-1','201714'),
('539','20171437','王倩','女','123456','2017-2018-1','201714'),
('540','20171438','马会芳','女','123456','2017-2018-1','201714'),
('541','20171439','王倩倩','女','123456','2017-2018-1','201714'),
('542','20171440','刘亚彤','女','123456','2017-2018-1','201714'),
('543','20171441','樊福娟','女','123456','2017-2018-1','201714'),
('544','20171442','刘娜','女','123456','2017-2018-1','201714'),
('545','20171443','李爱祥','男','123456','2017-2018-1','201714'),
('546','20171444','王玉龙','男','123456','2017-2018-1','201714'),
('547','20171445','吕双奎','男','123456','2017-2018-1','201714'),
('548','20171446','吕瑞凯','男','123456','2017-2018-1','201714'),
('549','20171447','赵德荣','男','123456','2017-2018-1','201714'),
('550','20171448','樊帆','男','123456','2017-2018-1','201714'),
('551','20171449','盖康','男','123456','2017-2018-1','201714'),
('552','20171501','刘丽转','女','123456','2017-2018-1','201715'),
('553','20171502','梁海锋','男','123456','2017-2018-1','201715'),
('554','20171503','陶裂','男','123456','2017-2018-1','201715'),
('555','20171504','何沛东','男','123456','2017-2018-1','201715'),
('556','20171505','刘青青','女','123456','2017-2018-1','201715'),
('557','20171506','何丫丫','女','123456','2017-2018-1','201715'),
('558','20171507','鲁亚楠','女','123456','2017-2018-1','201715'),
('559','20171508','李金霞','女','123456','2017-2018-1','201715'),
('560','20171509','赵青','女','123456','2017-2018-1','201715'),
('561','20171510','魏青青','女','123456','2017-2018-1','201715'),
('562','20171511','赵丽芸','女','123456','2017-2018-1','201715'),
('563','20171512','张莹莹','女','123456','2017-2018-1','201715'),
('564','20171513','孙婷','女','123456','2017-2018-1','201715'),
('565','20171514','李兰兰','女','123456','2017-2018-1','201715'),
('566','20171515','魏军辉','男','123456','2017-2018-1','201715'),
('567','20171516','蒋亚鑫','女','123456','2017-2018-1','201715'),
('568','20171517','孟亚丽','女','123456','2017-2018-1','201715'),
('569','20171518','魏帆帆','女','123456','2017-2018-1','201715'),
('570','20171519','杨淑艳','女','123456','2017-2018-1','201715'),
('571','20171520','雒倩红','女','123456','2017-2018-1','201715'),
('572','20171521','柳雪燕','女','123456','2017-2018-1','201715'),
('573','20171522','陈海琳','女','123456','2017-2018-1','201715'),
('574','20171523','魏亚萍','女','123456','2017-2018-1','201715'),
('575','20171524','樊思美','女','123456','2017-2018-1','201715'),
('576','20171525','李艳霞','女','123456','2017-2018-1','201715'),
('577','20171526','路淑惠','女','123456','2017-2018-1','201715'),
('578','20171527','王海霞','女','123456','2017-2018-1','201715'),
('579','20171528','张佳丽','女','123456','2017-2018-1','201715'),
('580','20171529','马瑞莲','女','123456','2017-2018-1','201715'),
('581','20171530','罗娟娟','女','123456','2017-2018-1','201715'),
('582','20171531','何苗','女','123456','2017-2018-1','201715'),
('583','20171532','张发发','女','123456','2017-2018-1','201715'),
('584','20171533','秦燕敏','女','123456','2017-2018-1','201715'),
('585','20171534','吴丹','女','123456','2017-2018-1','201715'),
('586','20171535','王瑞','女','123456','2017-2018-1','201715'),
('587','20171536','张珊珊','女','123456','2017-2018-1','201715'),
('588','20171537','吕莉兰','女','123456','2017-2018-1','201715'),
('589','20171538','张敏','女','123456','2017-2018-1','201715'),
('590','20171539','李小聪','女','123456','2017-2018-1','201715'),
('591','20171540','刘欣','女','123456','2017-2018-1','201715'),
('592','20171541','李文艳','女','123456','2017-2018-1','201715'),
('593','20171542','陈倩','女','123456','2017-2018-1','201715'),
('594','20171543','白新奇','男','123456','2017-2018-1','201715'),
('595','20171544','王键','男','123456','2017-2018-1','201715'),
('596','20171545','王悦欣','女','123456','2017-2018-1','201715'),
('597','20171546','樊彩艳','女','123456','2017-2018-1','201715'),
('598','20171547','巨巧云','女','123456','2017-2018-1','201715'),
('599','20171548','张亚萍','女','123456','2017-2018-1','201715'),
('600','20171549','党玲英','女','123456','2017-2018-1','201715'),
('601','20171601','史文娟','女','123456','2017-2018-1','201716'),
('602','20171602','李悦','女','123456','2017-2018-1','201716'),
('603','20171603','薛静','女','123456','2017-2018-1','201716'),
('604','20171604','郭倩','女','123456','2017-2018-1','201716'),
('605','20171605','王蓉','女','123456','2017-2018-1','201716'),
('606','20171606','景艳红','女','123456','2017-2018-1','201716'),
('607','20171607','史艳萍','女','123456','2017-2018-1','201716'),
('608','20171608','朱萧','女','123456','2017-2018-1','201716'),
('609','20171609','吕盼凤','女','123456','2017-2018-1','201716'),
('610','20171610','王信','女','123456','2017-2018-1','201716'),
('611','20171611','史娜英','女','123456','2017-2018-1','201716'),
('612','20171612','王彩云','女','123456','2017-2018-1','201716'),
('613','20171613','巨文静','女','123456','2017-2018-1','201716'),
('614','20171614','刘凡','女','123456','2017-2018-1','201716'),
('615','20171615','李丽婷','女','123456','2017-2018-1','201716'),
('616','20171616','袁小燕','女','123456','2017-2018-1','201716'),
('617','20171617','赵艺','女','123456','2017-2018-1','201716'),
('618','20171618','毛敏','女','123456','2017-2018-1','201716'),
('619','20171619','章玲','女','123456','2017-2018-1','201716'),
('620','20171620','张海娟','女','123456','2017-2018-1','201716'),
('621','20171621','胡雅萍','女','123456','2017-2018-1','201716'),
('622','20171622','海小宁','女','123456','2017-2018-1','201716'),
('623','20171623','高玲娟','女','123456','2017-2018-1','201716'),
('624','20171624','铁莹','女','123456','2017-2018-1','201716'),
('625','20171625','李小芳','女','123456','2017-2018-1','201716'),
('626','20171626','李小雯','女','123456','2017-2018-1','201716'),
('627','20171627','完颜情','女','123456','2017-2018-1','201716'),
('628','20171628','苏媛','女','123456','2017-2018-1','201716'),
('629','20171629','范高妮','女','123456','2017-2018-1','201716'),
('630','20171630','孙锐艳','女','123456','2017-2018-1','201716'),
('631','20171631','史红娟','女','123456','2017-2018-1','201716'),
('632','20171632','雷申兰','女','123456','2017-2018-1','201716'),
('633','20171633','吕慧','女','123456','2017-2018-1','201716'),
('634','20171634','王霞','女','123456','2017-2018-1','201716'),
('635','20171635','李银霞','女','123456','2017-2018-1','201716'),
('636','20171636','尚玉洁','女','123456','2017-2018-1','201716'),
('637','20171637','汤颖红','女','123456','2017-2018-1','201716'),
('638','20171638','樊慧美','女','123456','2017-2018-1','201716'),
('639','20171639','李苗苗','女','123456','2017-2018-1','201716'),
('640','20171640','吴斌莹','女','123456','2017-2018-1','201716'),
('641','20171641','吴海娇','女','123456','2017-2018-1','201716'),
('642','20171642','韩蕊','女','123456','2017-2018-1','201716'),
('643','20171643','黄银燕','女','123456','2017-2018-1','201716'),
('644','20171644','史银霞','女','123456','2017-2018-1','201716'),
('645','20171645','李红霞','女','123456','2017-2018-1','201716'),
('646','20171646','高慧','女','123456','2017-2018-1','201716'),
('647','20171647','陈亚晶','女','123456','2017-2018-1','201716'),
('648','20171648','盖荣利','女','123456','2017-2018-1','201716'),
('649','20171649','高文慧','女','123456','2017-2018-1','201716'),
('650','20171701','崔婧','女','123456','2017-2018-1','201717'),
('651','20171702','王姣','女','123456','2017-2018-1','201717'),
('652','20171703','李莹莹','女','123456','2017-2018-1','201717'),
('653','20171704','可海玲','女','123456','2017-2018-1','201717'),
('654','20171705','马莉婷','女','123456','2017-2018-1','201717'),
('655','20171706','陶春燕','女','123456','2017-2018-1','201717'),
('656','20171707','辛苗苗','女','123456','2017-2018-1','201717'),
('657','20171708','毛雅娟','女','123456','2017-2018-1','201717'),
('658','20171709','吕永琪','女','123456','2017-2018-1','201717'),
('659','20171710','张福云','女','123456','2017-2018-1','201717'),
('660','20171711','景紫薇','女','123456','2017-2018-1','201717'),
('661','20171712','李小曼','女','123456','2017-2018-1','201717'),
('662','20171713','袁亚婷','女','123456','2017-2018-1','201717'),
('663','20171714','史百娟','女','123456','2017-2018-1','201717'),
('664','20171715','曹苗苗','女','123456','2017-2018-1','201717'),
('665','20171716','杜小青','女','123456','2017-2018-1','201717'),
('666','20171717','张志芳','女','123456','2017-2018-1','201717'),
('667','20171718','甘丽婷','女','123456','2017-2018-1','201717'),
('668','20171719','郭娇娇','女','123456','2017-2018-1','201717'),
('669','20171720','梁文霞','女','123456','2017-2018-1','201717'),
('670','20171721','蒋娇娜','女','123456','2017-2018-1','201717'),
('671','20171722','张亚芳','女','123456','2017-2018-1','201717'),
('672','20171723','王列娜','女','123456','2017-2018-1','201717'),
('673','20171724','王银芳','女','123456','2017-2018-1','201717'),
('674','20171725','赵静','女','123456','2017-2018-1','201717'),
('675','20171726','盖丽花','女','123456','2017-2018-1','201717'),
('676','20171727','徐昊娜','女','123456','2017-2018-1','201717'),
('677','20171728','樊忆美','女','123456','2017-2018-1','201717'),
('678','20171729','樊小燕','女','123456','2017-2018-1','201717'),
('679','20171730','锁文丽','女','123456','2017-2018-1','201717'),
('680','20171731','脱红宁','女','123456','2017-2018-1','201717'),
('681','20171732','张继红','女','123456','2017-2018-1','201717'),
('682','20171733','路婷婷','女','123456','2017-2018-1','201717'),
('683','20171734','贾丽丽','女','123456','2017-2018-1','201717'),
('684','20171735','赵改萍','女','123456','2017-2018-1','201717'),
('685','20171736','王娇娇','女','123456','2017-2018-1','201717'),
('686','20171737','何双娟','女','123456','2017-2018-1','201717'),
('687','20171738','曹晶晶','女','123456','2017-2018-1','201717'),
('688','20171739','李莹','女','123456','2017-2018-1','201717'),
('689','20171740','张婷婷','女','123456','2017-2018-1','201717'),
('690','20171741','邓小娟','女','123456','2017-2018-1','201717'),
('691','20171742','王亚妮','女','123456','2017-2018-1','201717'),
('692','20171743','胡文鑫','女','123456','2017-2018-1','201717'),
('693','20171744','田淑丽','女','123456','2017-2018-1','201717'),
('694','20171745','王盼凤','女','123456','2017-2018-1','201717'),
('695','20171746','王莲莲','女','123456','2017-2018-1','201717'),
('696','20171747','吴佩琴','女','123456','2017-2018-1','201717'),
('697','20171748','朱小艳','女','123456','2017-2018-1','201717'),
('698','20171749','石玉洁','女','123456','2017-2018-1','201717'),
('699','20171750','史冰洁','女','123456','2017-2018-1','201717'),
('700','20171801','张淑艳','女','123456','2017-2018-1','201718'),
('701','20171802','赵依萍','女','123456','2017-2018-1','201718'),
('702','20171803','赵海霞','女','123456','2017-2018-1','201718'),
('703','20171804','韩琳','女','123456','2017-2018-1','201718'),
('704','20171805','蒋改娟','女','123456','2017-2018-1','201718'),
('705','20171806','李敏','女','123456','2017-2018-1','201718'),
('706','20171807','王娜','女','123456','2017-2018-1','201718'),
('707','20171808','刘静','女','123456','2017-2018-1','201718'),
('708','20171809','吕双燕','女','123456','2017-2018-1','201718'),
('709','20171810','盖雪燕','女','123456','2017-2018-1','201718'),
('710','20171811','张花','女','123456','2017-2018-1','201718'),
('711','20171812','袁云凤','女','123456','2017-2018-1','201718'),
('712','20171813','吕雪凤','女','123456','2017-2018-1','201718'),
('713','20171814','雷文君','女','123456','2017-2018-1','201718'),
('714','20171815','王晶晶','女','123456','2017-2018-1','201718'),
('715','20171816','吕艳丽','女','123456','2017-2018-1','201718'),
('716','20171817','盖典典','女','123456','2017-2018-1','201718'),
('717','20171818','兰倩倩','女','123456','2017-2018-1','201718'),
('718','20171819','吴亚萍','女','123456','2017-2018-1','201718'),
('719','20171820','吕军霞','女','123456','2017-2018-1','201718'),
('720','20171821','李燕','女','123456','2017-2018-1','201718'),
('721','20171822','毛志杰','女','123456','2017-2018-1','201718'),
('722','20171823','曹海燕','女','123456','2017-2018-1','201718'),
('723','20171824','李春娟','女','123456','2017-2018-1','201718'),
('724','20171825','李云霞','女','123456','2017-2018-1','201718'),
('725','20171826','景斌燕','女','123456','2017-2018-1','201718'),
('726','20171827','章丹','女','123456','2017-2018-1','201718'),
('727','20171828','景佳丽','女','123456','2017-2018-1','201718'),
('728','20171829','吕柏莹','女','123456','2017-2018-1','201718'),
('729','20171830','罗玲','女','123456','2017-2018-1','201718'),
('730','20171831','赵洁','女','123456','2017-2018-1','201718'),
('731','20171832','刘小霞','女','123456','2017-2018-1','201718'),
('732','20171833','牛苗苗','女','123456','2017-2018-1','201718'),
('733','20171834','白小丽','女','123456','2017-2018-1','201718'),
('734','20171835','吕月瑞','女','123456','2017-2018-1','201718'),
('735','20171836','毛军霞','女','123456','2017-2018-1','201718'),
('736','20171837','尚亚彤','女','123456','2017-2018-1','201718'),
('737','20171838','刘帆','女','123456','2017-2018-1','201718'),
('738','20171839','曾盼','女','123456','2017-2018-1','201718'),
('739','20171840','幸瑞','女','123456','2017-2018-1','201718'),
('740','20171841','白文静','女','123456','2017-2018-1','201718'),
('741','20171842','崔婧婧','女','123456','2017-2018-1','201718'),
('742','20171843','刘琦','女','123456','2017-2018-1','201718'),
('743','20171844','胡娅玲','女','123456','2017-2018-1','201718'),
('744','20171845','高小霞','女','123456','2017-2018-1','201718'),
('745','20171846','袁宇娟','女','123456','2017-2018-1','201718'),
('746','20171847','王敏','女','123456','2017-2018-1','201718'),
('747','20171848','向海霞','女','123456','2017-2018-1','201718'),
('748','20171849','张小梅','女','123456','2017-2018-1','201718'),
('749','20171201','何韩强','男','123456','2017-2018-1','201712'),
('750','20171202','蒋超','男','123456','2017-2018-1','201712'),
('751','20171203','李杰','男','123456','2017-2018-1','201712'),
('752','20171204','牛军','男','123456','2017-2018-1','201712'),
('753','20171205','李新川','男','123456','2017-2018-1','201712'),
('754','20171206','卢宏伟','男','123456','2017-2018-1','201712'),
('755','20171207','鲁银生','男','123456','2017-2018-1','201712'),
('756','20171208','孙新元','男','123456','2017-2018-1','201712'),
('757','20171209','王豪伟','男','123456','2017-2018-1','201712'),
('758','20171210','王欢欢','男','123456','2017-2018-1','201712'),
('759','20171211','吴赟肖','男','123456','2017-2018-1','201712'),
('760','20171212','杨超','男','123456','2017-2018-1','201712'),
('761','20171213','袁志龙','男','123456','2017-2018-1','201712'),
('762','20171214','张鑫','男','123456','2017-2018-1','201712'),
('763','20171215','张志华','男','123456','2017-2018-1','201712'),
('764','20171216','赵等星','男','123456','2017-2018-1','201712'),
('765','20171217','朱锦涛','男','123456','2017-2018-1','201712'),
('766','20171218','朱向红','男','123456','2017-2018-1','201712'),
('767','20171219','朱兴军','男','123456','2017-2018-1','201712'),
('768','20171220','杜颖盼','男','123456','2017-2018-1','201712'),
('769','20171221','段海军','男','123456','2017-2018-1','201712'),
('770','20171222','范琪','男','123456','2017-2018-1','201712'),
('771','20171223','付祥','男','123456','2017-2018-1','201712'),
('772','20171224','景晓伟','男','123456','2017-2018-1','201712'),
('773','20171225','李福明','男','123456','2017-2018-1','201712'),
('774','20171226','李进伟','男','123456','2017-2018-1','201712'),
('775','20171227','李文祥','男','123456','2017-2018-1','201712'),
('776','20171228','刘炜攀','男','123456','2017-2018-1','201712'),
('777','20171229','吕斌超','男','123456','2017-2018-1','201712'),
('778','20171230','毛明新','男','123456','2017-2018-1','201712'),
('779','20171231','牛文涛','男','123456','2017-2018-1','201712'),
('780','20171232','史强生','男','123456','2017-2018-1','201712'),
('781','20171233','史玉龙','男','123456','2017-2018-1','201712'),
('782','20171234','孙涛','男','123456','2017-2018-1','201712'),
('783','20171235','王红涛','男','123456','2017-2018-1','201712'),
('784','20171236','王辉','男','123456','2017-2018-1','201712'),
('785','20171237','王杰','男','123456','2017-2018-1','201712'),
('786','20171238','王俊','男','123456','2017-2018-1','201712'),
('787','20171239','闫斌','男','123456','2017-2018-1','201712'),
('788','20171240','杨吉祥','男','123456','2017-2018-1','201712'),
('789','20171241','杨杰','男','123456','2017-2018-1','201712'),
('790','20171242','杨文超','男','123456','2017-2018-1','201712'),
('791','20171243','杨文康','男','123456','2017-2018-1','201712'),
('792','20171244','杨永峰','男','123456','2017-2018-1','201712'),
('793','20171245','张清龙','男','123456','2017-2018-1','201712'),
('794','20171246','张振涛','男','123456','2017-2018-1','201712'),
('795','20171247','朱永乐','男','123456','2017-2018-1','201712'),
('796','20171248','陈鑫','男','123456','2017-2018-1','201712'),
('797','20171249','张博','男','123456','2017-2018-1','201712'),
('798','20171250','魏向锋','男','123456','2017-2018-1','201712'),
('799','20171251','蒋红刚','男','123456','2017-2018-1','201712'),
('800','20171252','武文','男','123456','2017-2018-1','201712'),
('801','20171253','朱小刚','男','123456','2017-2018-1','201712'),
('802','20171254','王源生','男','123456','2017-2018-1','201712'),
('803','20171255','李强','男','123456','2017-2018-1','201712'),
('804','20171256','薛娜','女','123456','2017-2018-1','201712'),
('805','20172158','宋振霄','男','74108520963.','2017-2018-1','201721'),
('806','20170401','黄文飞','男','123456','2017-2018-1','201704'),
('807','20170402','完颜飞','男','123456','2017-2018-1','201704'),
('808','20170403','张雄','男','123456','2017-2018-1','201704'),
('809','20170404','高丽丽','女','123456','2017-2018-1','201704'),
('810','20170405','刘志盛','男','123456','2017-2018-1','201704'),
('811','20170406','康熙浩','男','123456','2017-2018-1','201704'),
('812','20170407','杨兴龙','男','123456','2017-2018-1','201704'),
('813','20170408','郭文博','男','123456','2017-2018-1','201704'),
('814','20170409','孙金斌','男','123456','2017-2018-1','201704'),
('815','20170410','史彩梅','女','123456','2017-2018-1','201704'),
('816','20170411','梁军','男','123456','2017-2018-1','201704'),
('817','20170412','刘志强','男','123456','2017-2018-1','201704'),
('818','20170413','郭鑫','男','123456','2017-2018-1','201704'),
('819','20170414','孙安','男','123456','2017-2018-1','201704'),
('820','20170415','单鹏飞','男','123456','2017-2018-1','201704'),
('821','20170416','孙博','男','123456','2017-2018-1','201704'),
('822','20170417','武红涛','男','123456','2017-2018-1','201704'),
('823','20170418','李超超','男','123456','2017-2018-1','201704'),
('824','20170419','党斌科','男','123456','2017-2018-1','201704'),
('825','20170420','袁敏杰','男','123456','2017-2018-1','201704'),
('826','20170421','王小虎','男','123456','2017-2018-1','201704'),
('827','20170422','袁小勇','男','123456','2017-2018-1','201704'),
('828','20170423','曹鹏','男','123456','2017-2018-1','201704'),
('829','20170424','张涛','男','123456','2017-2018-1','201704'),
('830','20170425','王彦荣','男','123456','2017-2018-1','201704'),
('831','20170426','何永君','男','123456','2017-2018-1','201704'),
('832','20170427','何嘉兴','男','123456','2017-2018-1','201704'),
('833','20170428','张文华','男','123456','2017-2018-1','201704'),
('834','20170429','赵小龙','男','123456','2017-2018-1','201704'),
('835','20170430','王欢','男','123456','2017-2018-1','201704'),
('836','20170431','薛俊涛','男','123456','2017-2018-1','201704'),
('837','20170432','王成龙','男','123456','2017-2018-1','201704'),
('838','20170433','张飞','男','123456','2017-2018-1','201704'),
('839','20170434','唐文强','男','123456','2017-2018-1','201704'),
('840','20170435','马向阳','男','123456','2017-2018-1','201704'),
('841','20170436','王敏','男','123456','2017-2018-1','201704'),
('842','20170437','王涛','男','123456','2017-2018-1','201704'),
('843','20170438','樊赵文','男','123456','2017-2018-1','201704'),
('844','20170439','尚志杰','男','123456','2017-2018-1','201704'),
('845','20170440','车佳豪','男','123456','2017-2018-1','201704'),
('846','20170441','吕乐乐','男','123456','2017-2018-1','201704'),
('847','20170442','张文杰','男','123456','2017-2018-1','201704'),
('848','20170443','乔昊','男','123456','2017-2018-1','201704'),
('849','20170444','赵银华','男','123456','2017-2018-1','201704'),
('850','20170445','雷凡','男','123456','2017-2018-1','201704'),
('851','20170501','郭鹏飞','男','123456','2017-2018-1','201705'),
('852','20170502','何红斌','男','123456','2017-2018-1','201705'),
('853','20170503','王晓锋','男','123456','2017-2018-1','201705'),
('854','20170504','魏鑫','男','123456','2017-2018-1','201705'),
('855','20170505','赵亮','男','123456','2017-2018-1','201705'),
('856','20170506','袁继民','男','123456','2017-2018-1','201705'),
('857','20170507','杨海军','男','123456','2017-2018-1','201705'),
('858','20170508','单鹏荣','男','123456','2017-2018-1','201705'),
('859','20170509','王定国','男','123456','2017-2018-1','201705'),
('860','20170510','刘昊杰','男','123456','2017-2018-1','201705'),
('861','20170511','刘聪','男','123456','2017-2018-1','201705'),
('862','20170512','王嘉伟','男','123456','2017-2018-1','201705'),
('863','20170513','冕鹏辉','男','123456','2017-2018-1','201705'),
('864','20170514','李鸿飞','男','123456','2017-2018-1','201705'),
('865','20170515','杨嘉俊','男','123456','2017-2018-1','201705'),
('866','20170516','仇延鹏','男','123456','2017-2018-1','201705'),
('867','20170517','雷聪','男','123456','2017-2018-1','201705'),
('868','20170518','王俊锋','男','123456','2017-2018-1','201705'),
('869','20170519','董申奥','男','123456','2017-2018-1','201705'),
('870','20170520','李博','男','123456','2017-2018-1','201705'),
('871','20170521','高建平','男','123456','2017-2018-1','201705'),
('872','20170522','王海锋','男','123456','2017-2018-1','201705'),
('873','20170523','何继荣','男','123456','2017-2018-1','201705'),
('874','20170524','魏春昭','男','123456','2017-2018-1','201705'),
('875','20170525','张强强','男','123456','2017-2018-1','201705'),
('876','20170526','杜志博','男','123456','2017-2018-1','201705'),
('877','20170527','张斌军','男','123456','2017-2018-1','201705'),
('878','20170528','李文波','男','123456','2017-2018-1','201705'),
('879','20170529','王俊龙','男','123456','2017-2018-1','201705'),
('880','20170530','李昕','男','123456','2017-2018-1','201705'),
('881','20170531','田志刚','男','123456','2017-2018-1','201705'),
('882','20170532','史昊楠','男','123456','2017-2018-1','201705'),
('883','20170533','陈晨','男','123456','2017-2018-1','201705'),
('884','20170534','李宏军','男','123456','2017-2018-1','201705'),
('885','20170535','王浩楠','男','123456','2017-2018-1','201705'),
('886','20170536','康健','男','123456','2017-2018-1','201705'),
('887','20170537','朱荣华','男','123456','2017-2018-1','201705'),
('888','20170538','何立民','男','123456','2017-2018-1','201705'),
('889','20170539','陈博','男','123456','2017-2018-1','201705'),
('890','20170540','张鹏伟','男','123456','2017-2018-1','201705'),
('891','20170541','马文','男','123456','2017-2018-1','201705'),
('892','20170542','李亮','男','123456','2017-2018-1','201705'),
('893','20170543','张金辉','男','123456','2017-2018-1','201705'),
('894','20170701','王静','女','123456','2017-2018-1','201707'),
('895','20170702','王菲菲','女','123456','2017-2018-1','201707'),
('896','20170703','王聪','女','123456','2017-2018-1','201707'),
('897','20170704','司丽宁','女','123456','2017-2018-1','201707'),
('898','20170705','袁伟','男','123456','2017-2018-1','201707'),
('899','20170706','杨朵','女','123456','2017-2018-1','201707'),
('900','20170707','王春艳','女','123456','2017-2018-1','201707'),
('901','20170708','章文娟','女','123456','2017-2018-1','201707'),
('902','20170709','柳凤春','女','123456','2017-2018-1','201707'),
('903','20170710','张亚亮','男','123456','2017-2018-1','201707'),
('904','20170711','脱亚军','男','123456','2017-2018-1','201707'),
('905','20170712','张小丽','女','123456','2017-2018-1','201707'),
('906','20170713','张素怡','女','123456','2017-2018-1','201707'),
('907','20170714','路湘湘','女','123456','2017-2018-1','201707'),
('908','20170715','赵贝贝','女','123456','2017-2018-1','201707'),
('909','20170716','薛菲菲','女','123456','2017-2018-1','201707'),
('910','20170717','杨文娟','女','123456','2017-2018-1','201707'),
('911','20170718','张亚林','女','123456','2017-2018-1','201707'),
('912','20170719','赵晶芸','女','123456','2017-2018-1','201707'),
('913','20170720','周倩','女','123456','2017-2018-1','201707'),
('914','20170721','杨梅','女','123456','2017-2018-1','201707'),
('915','20170722','温瑞晶','女','123456','2017-2018-1','201707'),
('916','20170723','许燕萍','女','123456','2017-2018-1','201707'),
('917','20170724','王琴','女','123456','2017-2018-1','201707'),
('918','20170725','薛志凤','女','123456','2017-2018-1','201707'),
('919','20170726','张佳惠','女','123456','2017-2018-1','201707'),
('920','20170727','薛志琴','女','123456','2017-2018-1','201707'),
('921','20170728','朱等生','女','123456','2017-2018-1','201707'),
('922','20170729','王丽','女','123456','2017-2018-1','201707'),
('923','20170730','脱宁艳','女','123456','2017-2018-1','201707'),
('924','20170731','燕笑月','女','123456','2017-2018-1','201707'),
('925','20170732','张文静','女','123456','2017-2018-1','201707'),
('926','20170733','王婷','女','123456','2017-2018-1','201707'),
('927','20170734','祝若兰','女','123456','2017-2018-1','201707'),
('928','20170735','张金霞1','女','123456','2017-2018-1','201707'),
('929','20170736','袁雪媛','女','123456','2017-2018-1','201707'),
('930','20170737','张金霞2','女','123456','2017-2018-1','201707'),
('931','20170738','赵兰芳','女','123456','2017-2018-1','201707'),
('932','20170739','信春燕','女','123456','2017-2018-1','201707'),
('933','20170740','杨思盈','女','123456','2017-2018-1','201707'),
('934','20170741','王倩茹','女','123456','2017-2018-1','201707'),
('935','20170742','信亚丽','女','123456','2017-2018-1','201707'),
('936','20171901','高齐','男','123456','2017-2018-1','201719'),
('937','20171902','高凯','男','123456','2017-2018-1','201719'),
('938','20171903','马国铎','男','123456','2017-2018-1','201719'),
('939','20171904','何志兴','男','123456','2017-2018-1','201719'),
('940','20171905','刘正','男','123456','2017-2018-1','201719'),
('941','20171906','史鑫赟','男','123456','2017-2018-1','201719'),
('942','20171907','吕金龙','男','123456','2017-2018-1','201719'),
('943','20171908','尚世沛','男','123456','2017-2018-1','201719'),
('944','20171909','盖金鑫','男','123456','2017-2018-1','201719'),
('945','20171910','陶鹏飞','男','123456','2017-2018-1','201719'),
('946','20171911','董小明','男','123456','2017-2018-1','201719'),
('947','20171912','杜雪萌','男','123456','2017-2018-1','201719'),
('948','20171913','贾志飞','男','123456','2017-2018-1','201719'),
('949','20171914','史红刚','男','123456','2017-2018-1','201719'),
('950','20171915','韩健','男','123456','2017-2018-1','201719'),
('951','20171916','梁健','男','123456','2017-2018-1','201719'),
('952','20171917','梁李松','男','123456','2017-2018-1','201719'),
('953','20171918','刘永刚','男','123456','2017-2018-1','201719'),
('954','20171919','邓志宁','男','123456','2017-2018-1','201719'),
('955','20171920','刘伊旺','男','123456','2017-2018-1','201719'),
('956','20171921','史轩凡','男','123456','2017-2018-1','201719'),
('957','20171922','史文杰','男','123456','2017-2018-1','201719'),
('958','20171923','刘亮亮','男','123456','2017-2018-1','201719'),
('959','20171924','胡东升','男','123456','2017-2018-1','201719'),
('960','20171925','韩司荣','男','123456','2017-2018-1','201719'),
('961','20171926','马大周','男','123456','2017-2018-1','201719'),
('962','20171927','曹阳','男','123456','2017-2018-1','201719'),
('963','20171928','李明华','男','123456','2017-2018-1','201719'),
('964','20171929','练晶','男','123456','2017-2018-1','201719'),
('965','20171930','黎有平','男','123456','2017-2018-1','201719'),
('966','20171931','冯帆','男','123456','2017-2018-1','201719'),
('967','20171932','李官男','男','123456','2017-2018-1','201719'),
('968','20171933','李鹏','男','123456','2017-2018-1','201719'),
('969','20171934','韩俊杰','男','123456','2017-2018-1','201719'),
('970','20171935','刘海龙','男','123456','2017-2018-1','201719'),
('971','20171936','吕龙龙','男','123456','2017-2018-1','201719'),
('972','20171937','杜明涛','男','123456','2017-2018-1','201719'),
('973','20171938','崔承鑫','男','123456','2017-2018-1','201719'),
('974','20171939','樊荣','男','123456','2017-2018-1','201719'),
('975','20171940','吕磊','男','123456','2017-2018-1','201719'),
('976','20171941','路永琪','男','123456','2017-2018-1','201719'),
('977','20171942','史林军','男','123456','2017-2018-1','201719'),
('978','20171943','史文斌','男','123456','2017-2018-1','201719'),
('979','20171944','黄谢翔','男','123456','2017-2018-1','201719'),
('980','20171945','路福生','男','123456','2017-2018-1','201719'),
('981','20171946','郭涛辉','男','123456','2017-2018-1','201719'),
('982','20171947','黄海瑞','男','123456','2017-2018-1','201719'),
('983','20171948','刘凯','男','123456','2017-2018-1','201719'),
('984','20171949','李浩杰','男','123456','2017-2018-1','201719'),
('985','20171950','王佳琪','男','123456','2017-2018-1','201719'),
('986','20171951','王志杰','男','123456','2017-2018-1','201719'),
('987','20171952','周立博','男','123456','2017-2018-1','201719'),
('988','20172001','薛甜甜','女','123456','2017-2018-1','201720'),
('989','20172002','完盼龙','男','123456','2017-2018-1','201720'),
('990','20172003','徐宁华','男','123456','2017-2018-1','201720'),
('991','20172004','张海伟','男','123456','2017-2018-1','201720'),
('992','20172005','王欢','男','123456','2017-2018-1','201720'),
('993','20172006','王俊清','男','123456','2017-2018-1','201720'),
('994','20172007','魏轩','男','123456','2017-2018-1','201720'),
('995','20172008','王永杰','男','123456','2017-2018-1','201720'),
('996','20172009','张超','男','123456','2017-2018-1','201720'),
('997','20172010','唐博文','男','123456','2017-2018-1','201720'),
('998','20172011','魏浩龙','男','123456','2017-2018-1','201720'),
('999','20172012','温斌义','男','123456','2017-2018-1','201720'),
('1000','20172013','魏明涛','男','123456','2017-2018-1','201720'),
('1001','20172014','薛锦阳','男','123456','2017-2018-1','201720'),
('1002','20172015','张文博','男','123456','2017-2018-1','201720'),
('1003','20172016','田祥','男','123456','2017-2018-1','201720'),
('1004','20172017','童佳宝','男','123456','2017-2018-1','201720'),
('1005','20172018','章科','男','123456','2017-2018-1','201720'),
('1006','20172019','魏成龙','男','123456','2017-2018-1','201720'),
('1007','20172020','文越','男','666666','2017-2018-1','201720'),
('1008','20172021','张红伟','男','123456','2017-2018-1','201720'),
('1009','20172022','口红丽','女','123456','2017-2018-1','201720'),
('1010','20172023','张博','男','123456','2017-2018-1','201720'),
('1011','20172024','赵永琪','男','123456','2017-2018-1','201720'),
('1012','20172025','冯星星','男','123456','2017-2018-1','201720'),
('1013','20172026','尹亚伟','男','123456','2017-2018-1','201720'),
('1014','20172027','魏东','男','123456','2017-2018-1','201720'),
('1015','20172028','左怡斌','男','123456','2017-2018-1','201720'),
('1016','20172029','王玉龙','男','123456','2017-2018-1','201720'),
('1017','20172030','王凯','男','123456','2017-2018-1','201720'),
('1018','20172031','张晖','男','123456','2017-2018-1','201720'),
('1019','20172032','王勇发','男','123456','2017-2018-1','201720'),
('1020','20172033','张祥','男','123456','2017-2018-1','201720'),
('1021','20172034','王来福','男','123456','2017-2018-1','201720'),
('1022','20172035','张喜胜','男','123456','2017-2018-1','201720'),
('1023','20172036','王鑫','男','123456','2017-2018-1','201720'),
('1024','20172037','朱鹏伟','男','123456','2017-2018-1','201720'),
('1025','20172038','魏卓勇','男','123456','2017-2018-1','201720'),
('1026','20172039','王鹏','男','123456','2017-2018-1','201720'),
('1027','20172040','王继','男','123456','2017-2018-1','201720'),
('1028','20172041','张永刚','男','123456','2017-2018-1','201720'),
('1029','20172042','周涛','男','123456','2017-2018-1','201720'),
('1030','20172043','曾辉','男','123456','2017-2018-1','201720'),
('1031','20172044','孙文卓','男','123456','2017-2018-1','201720'),
('1032','20172045','周李强','男','123456','2017-2018-1','201720'),
('1033','20172046','张海平','男','123456','2017-2018-1','201720'),
('1034','20172047','孙家敏','男','123456','2017-2018-1','201720'),
('1035','20172048','王新刚','男','123456','2017-2018-1','201720'),
('1036','20172049','章涛','男','123456','2017-2018-1','201720'),
('1037','20172050','锁万里','男','123456','2017-2018-1','201720'),
('1038','20172051','晁锋','男','123456','2017-2018-1','201720'),
('1039','20172052','李彤彤','男','123456','2017-2018-1','201720'),
('1040','20170153','王永强','男','123456','2017-2018-1','201701');-- <xjx> --

-- ±íµÄÊý¾Ý£ºxh_sxdisexicise --
INSERT INTO `xh_sxdisexicise` VALUES
('1','2','','<p>\r\n	路径字。。。。。。。<img alt=\"\" src=\"http://192.168.1.100/Data/kindeditor/plugins/emoticons/images/50.gif\" border=\"0\" />\r\n</p>','口自芳','学生','1505785190','0'),
('2','2','@[学生]口自芳 ','<img alt=\"\" src=\"http://192.168.1.100/Data/kindeditor/plugins/emoticons/images/13.gif\" border=\"0\" />','李锐','学生','1505785373','1'),
('3','2','@[学生]李锐 ','<img alt=\"\" src=\"http://192.168.1.100/Data/kindeditor/plugins/emoticons/images/4.gif\" border=\"0\" />','刘发强','学生','1505785440','2'),
('4','2','@[学生]李锐 ','<img alt=\"\" src=\"http://192.168.1.100/Data/kindeditor/plugins/emoticons/images/22.gif\" border=\"0\" />','曹亚龙','学生','1505785489','2'),
('5','2','','<p>\r\n	<img alt=\"\" src=\"http://192.168.1.100/Data/kindeditor/plugins/emoticons/images/16.gif\" border=\"0\" />\r\n</p>','王岩','学生','1505785575','0'),
('6','2','@[学生]曹亚龙 ','<img alt=\"\" src=\"http://192.168.1.100/Data/kindeditor/plugins/emoticons/images/38.gif\" border=\"0\" />','刘发强','学生','1505785596','4'),
('7','2','@[学生]王岩 ','<img alt=\"\" src=\"http://192.168.1.100/Data/kindeditor/plugins/emoticons/images/7.gif\" border=\"0\" />','刘发强','学生','1505785673','5'),
('8','2','','<p>\r\n	啦啦啦\r\n</p>\r\n<p>\r\n	&nbsp;\r\n</p>','王春凤','学生','1505785977','0'),
('9','2','@[学生]王春凤 ','哈哈','李锐','学生','1505786027','8'),
('10','2','','@','景亚林','学生','1505957203','0'),
('11','2','@[学生]景亚林 ','<img alt=\"\" src=\"http://192.168.1.100/Data/kindeditor/plugins/emoticons/images/22.gif\" border=\"0\" />','口自芳','学生','1505957240','10'),
('12','3','','<img alt=\"\" src=\"http://192.168.1.100/Data/kindeditor/plugins/emoticons/images/44.gif\" border=\"0\" />','口自芳','学生','1505957921','0'),
('13','9','','<img alt=\"\" src=\"http://192.168.1.100/Data/kindeditor/plugins/emoticons/images/0.gif\" border=\"0\" />','刘发强','学生','1506046644','0'),
('14','9','@[学生]刘发强 ','<img alt=\"\" src=\"http://192.168.1.100/Data/kindeditor/plugins/emoticons/images/41.gif\" border=\"0\" />','景亚林','学生','1506046718','13'),
('15','9','@[学生]刘发强 ','<p>\r\n	zz\r\n</p>\r\n<p>\r\n	&nbsp;\r\n</p>','张伟','学生','1506046751','13'),
('16','9','@[学生]张伟 ','呵呵','刘发强','学生','1506046786','15'),
('17','9','@[学生]景亚林 ','<p>\r\n	zz&nbsp;&nbsp;&nbsp;&nbsp;\r\n</p>','口自芳','学生','1506046797','14'),
('18','9','@[学生]刘发强 ','猪才呵呵','张伟','学生','1506046825','16'),
('19','2','@[学生]王春凤 ','<img alt=\"\" src=\"http://192.168.1.100/Data/kindeditor/plugins/emoticons/images/3.gif\" border=\"0\" />','郭红艳','学生','1506307667','8'),
('20','14','','<img alt=\"\" src=\"http://192.168.1.100/Data/kindeditor/plugins/emoticons/images/4.gif\" border=\"0\" />','郭红艳','学生','1506307848','0'),
('21','14','@[学生]郭红艳 ','<p>\r\n	<img alt=\"\" src=\"http://192.168.1.100/Data/kindeditor/plugins/emoticons/images/48.gif\" border=\"0\" />哈哈\r\n</p>\r\n<p>\r\n	&nbsp;\r\n</p>','王娟','学生','1506307920','20'),
('22','15','','<img alt=\"\" src=\"http://192.168.1.100/Data/kindeditor/plugins/emoticons/images/41.gif\" border=\"0\" />','王春凤','学生','1506310400','0'),
('23','15','@[学生]王春凤 ','<img alt=\"\" src=\"http://192.168.1.100/Data/kindeditor/plugins/emoticons/images/40.gif\" border=\"0\" />','张伟','学生','1506310443','22'),
('24','15','@[学生]张伟 ','<img alt=\"\" src=\"http://192.168.1.100/Data/kindeditor/plugins/emoticons/images/38.gif\" border=\"0\" />','周世英','学生','1506310916','23'),
('25','15','@[学生]张伟 ','<img alt=\"\" src=\"http://192.168.1.100/Data/kindeditor/plugins/emoticons/images/0.gif\" border=\"0\" />','鲁金丽','学生','1506310947','23'),
('26','11','','黑客<img alt=\"\" src=\"http://192.168.1.100/Data/kindeditor/plugins/emoticons/images/4.gif\" border=\"0\" />','周世英','学生','1506310973','0'),
('27','15','@[学生]王春凤 ','<img alt=\"\" src=\"http://192.168.1.100/Data/kindeditor/plugins/emoticons/images/3.gif\" border=\"0\" />','郭红艳','学生','1506311035','22'),
('28','11','@[学生]周世英 ','<p>\r\n	帝国\r\n</p>','何丽','学生','1506311080','26'),
('29','11','@[学生]周世英 ','<p>\r\n	<img alt=\"\" src=\"http://192.168.1.100/Data/kindeditor/plugins/emoticons/images/38.gif\" border=\"0\" />\r\n</p>','李小雪','学生','1506311094','26'),
('30','4','','<img alt=\"\" src=\"http://192.168.1.100/Data/kindeditor/plugins/emoticons/images/0.gif\" border=\"0\" />','景亚林','学生','1506311172','0'),
('31','4','','<img alt=\"\" src=\"http://192.168.1.100/Data/kindeditor/plugins/emoticons/images/0.gif\" border=\"0\" />','张文军','学生','1506311182','0'),
('32','4','','<img alt=\"\" src=\"http://192.168.1.100/Data/kindeditor/plugins/emoticons/images/0.gif\" border=\"0\" />','付金梅','学生','1506311276','0'),
('33','16','','朕已阅<img alt=\"\" src=\"http://192.168.1.100/Data/kindeditor/plugins/emoticons/images/4.gif\" border=\"0\" />','周世英','学生','1506560286','0'),
('34','16','@[学生]周世英 ','<p>\r\n	mmp\r\n</p>\r\n<p>\r\n	&nbsp;\r\n</p>','王鹏','学生','1506560736','33'),
('35','4','@[学生]张文军 ','<p>\r\n	<strong><em><u><img alt=\"\" src=\"http://192.168.1.100/Data/kindeditor/plugins/emoticons/images/34.gif\" border=\"0\" /></u></em></strong>\r\n</p>','刘薇','学生','1507599578','31'),
('36','23','','<p>\r\n	你们几分\r\n</p>','李春阳','学生','1507693314','0'),
('37','23','@[学生]李春阳 ','30','冯亚琴','学生','1507693333','36'),
('38','23','@[学生]冯亚琴 ','<p>\r\n	30\r\n</p>','口文昊','学生','1507693475','37'),
('39','23','@[学生]冯亚琴 ','你猜一下','吕明星','学生','1507693484','37'),
('40','23','@[学生]吕明星 ','<p>\r\n	猜毛\r\n</p>','冯亚琴','学生','1507693603','39'),
('41','23','@[学生]口文昊 ','30','李春阳','学生','1507693606','38'),
('42','23','@[学生]冯亚琴 ','<p>\r\n	呵呵\r\n</p>','李春阳','学生','1507693628','40'),
('43','23','@[学生]口文昊 ','<img alt=\"\" src=\"http://192.168.1.100/Data/kindeditor/plugins/emoticons/images/20.gif\" border=\"0\" />','冯亚琴','学生','1507693638','38'),
('44','23','@[学生]吕明星 ','<img alt=\"\" src=\"http://192.168.1.100/Data/kindeditor/plugins/emoticons/images/17.gif\" border=\"0\" />','李春阳','学生','1507693658','39'),
('45','23','@[学生]李春阳 ','满分<img alt=\"\" src=\"http://192.168.1.100/Data/kindeditor/plugins/emoticons/images/20.gif\" border=\"0\" /><img alt=\"\" src=\"http://192.168.1.100/Data/kindeditor/plugins/emoticons/images/20.gif\" border=\"0\" />','黄涛','学生','1507693658','36'),
('46','23','@[学生]黄涛 ','我知道你30 骗人<img alt=\"\" src=\"http://192.168.1.100/Data/kindeditor/plugins/emoticons/images/1.gif\" border=\"0\" />','李春阳','学生','1507693724','45'),
('47','23','@[学生]李春阳 ','就是','冯亚琴','学生','1507693746','46'),
('48','23','@[学生]吕明星 ','额额','赵晨','学生','1507693746','39'),
('49','23','@[学生]李春阳 ','<img alt=\"\" src=\"http://192.168.1.100/Data/kindeditor/plugins/emoticons/images/20.gif\" border=\"0\" /><img alt=\"\" src=\"http://192.168.1.100/Data/kindeditor/plugins/emoticons/images/20.gif\" border=\"0\" />','黄涛','学生','1507693753','46'),
('50','23','@[学生]黄涛 ','<p>\r\n	拜拜.下课啦\r\n</p>','李春阳','学生','1507693781','45'),
('107','31','','哎呀呀&nbsp;&nbsp; so&nbsp; easy的呀&nbsp;&nbsp; 真好的呀呀','樊龙','学生','1508891165','0'),
('123','31','','还有这操作？？？','曹亚龙','学生','1508893074','0'),
('124','31','@[学生]温欢 ','<p>\r\n	wo&nbsp; yao&nbsp;&nbsp;chi&nbsp;&nbsp; ning&nbsp;&nbsp; meng\r\n</p>','张伟','学生','1508893112','121'),
('111','31','','<img alt=\"\" src=\"http://192.168.1.100/Data/kindeditor/plugins/emoticons/images/35.gif\" border=\"0\" />','王春凤','学生','1508892467','0'),
('112','31','','<img alt=\"\" src=\"http://192.168.1.100/Data/kindeditor/plugins/emoticons/images/44.gif\" border=\"0\" /><img alt=\"\" src=\"http://192.168.1.100/Data/kindeditor/plugins/emoticons/images/42.gif\" border=\"0\" />','章文佩','学生','1508892520','0'),
('113','31','','<img alt=\"\" src=\"http://192.168.1.100/Data/kindeditor/plugins/emoticons/images/52.gif\" border=\"0\" /><img alt=\"\" src=\"http://192.168.1.100/Data/kindeditor/plugins/emoticons/images/52.gif\" border=\"0\" />','王鹏','学生','1508892572','0'),
('114','31','','<img alt=\"\" src=\"http://192.168.1.100/Data/kindeditor/plugins/emoticons/images/31.gif\" border=\"0\" />','曹亚龙','学生','1508892575','0'),
('115','31','','<img alt=\"\" src=\"http://192.168.1.100/Data/kindeditor/plugins/emoticons/images/9.gif\" border=\"0\" /><img alt=\"\" src=\"http://192.168.1.100/Data/kindeditor/plugins/emoticons/images/9.gif\" border=\"0\" /><img alt=\"\" src=\"http://192.168.1.100/Data/kindeditor/plugins/emoticons/images/9.gif\" border=\"0\" /><img alt=\"\" src=\"http://192.168.1.100/Data/kindeditor/plugins/emoticons/images/9.gif\" border=\"0\" />','周世英','学生','1508892658','0'),
('116','31','@[学生]王鹏 ','<p>\r\n	瓜皮\r\n</p>','曹亚龙','学生','1508892758','113'),
('68','29','','我怎么又是第一个做完的啊','樊龙','学生','1508290230','0'),
('125','31','','<img alt=\"\" src=\"http://192.168.1.100/Data/kindeditor/plugins/emoticons/images/5.gif\" border=\"0\" />','樊龙','学生','1508893121','0'),
('109','31','','<img alt=\"\" src=\"http://192.168.1.100/Data/kindeditor/plugins/emoticons/images/92.gif\" border=\"0\" /><img alt=\"\" src=\"http://192.168.1.100/Data/kindeditor/plugins/emoticons/images/94.gif\" border=\"0\" /><img alt=\"\" src=\"http://192.168.1.100/Data/kindeditor/plugins/emoticons/images/101.gif\" border=\"0\" />','章鹏杰','学生','1508892332','0'),
('135','33','@[学生]张楠 ','<p>\r\n	<em>啊哈</em>\r\n</p>\r\n<p>\r\n	<em></em>&nbsp;\r\n</p>\r\n<p>\r\n	<em></em>&nbsp;\r\n</p>\r\n<p>\r\n	&nbsp;\r\n</p>','李鹏陈','学生','1508901378','133'),
('133','33','','<p>\r\n	嗯哼？\r\n</p>\r\n<p>\r\n	&nbsp;\r\n</p>','张楠','学生','1508901317','0'),
('134','33','@[学生]李鹏陈 ','<img alt=\"\" src=\"http://192.168.1.100/Data/kindeditor/plugins/emoticons/images/4.gif\" border=\"0\" />','宋振霄','学生','1508901349','132'),
('74','24','','<img alt=\"\" src=\"http://192.168.1.100/Data/kindeditor/plugins/emoticons/images/0.gif\" border=\"0\" />','李萍','学生','1508296452','0'),
('75','24','@[学生]李萍 ','<img alt=\"\" src=\"http://192.168.1.100/Data/kindeditor/plugins/emoticons/images/0.gif\" border=\"0\" />','冯亚琴','学生','1508296547','74'),
('76','24','@[学生]冯亚琴 ','<img alt=\"\" src=\"http://192.168.1.100/Data/kindeditor/plugins/emoticons/images/0.gif\" border=\"0\" />','李春阳','学生','1508296648','75'),
('77','30','','<p>\r\n	呼叫\r\n</p>','冯亚琴','学生','1508296932','0'),
('78','30','','瓜皮','张虎虎','学生','1508297044','0'),
('79','30','@[学生]张虎虎 ','<p>\r\n	莫素质\r\n</p>\r\n<p>\r\n	&nbsp;\r\n</p>\r\n<p>\r\n	v\r\n</p>','魏焕银','学生','1508297249','78'),
('80','30','@[学生]张虎虎 ','素质<img alt=\"\" src=\"http://192.168.1.100/Data/kindeditor/plugins/emoticons/images/3.gif\" border=\"0\" />','盖红丽','学生','1508297547','78'),
('81','30','','<img alt=\"\" src=\"http://192.168.1.100/Data/kindeditor/plugins/emoticons/images/0.gif\" border=\"0\" />','李萍','学生','1508297555','0'),
('82','30','@[学生]盖红丽 ','<p>\r\n	二求盖红里\r\n</p>','赵晨','学生','1508297723','80'),
('83','30','@[学生]李萍 ','SB李平','毛艳花','学生','1508297877','81'),
('84','30','@[学生]毛艳花 ','<p>\r\n	我是17电子商务最骚最贱的人\r\n</p>\r\n<p>\r\n	泾川闲世家行行欢迎你\r\n</p>','常文静','学生','1508298067','83'),
('85','30','@[学生]常文静 ','<img alt=\"\" src=\"http://192.168.1.100/Data/kindeditor/plugins/emoticons/images/22.gif\" border=\"0\" />','李鹏陈','学生','1508298172','84'),
('86','30','@[学生]李鹏陈 ','<p>\r\n	傻逼玩意\r\n</p>\r\n<p>\r\n	&nbsp;\r\n</p>','张楠','学生','1508298231','85'),
('87','30','@[学生]张楠 ','<p>\r\n	<img alt=\"\" src=\"http://192.168.1.100/Data/kindeditor/plugins/emoticons/images/7.gif\" border=\"0\" />\r\n</p>\r\n<p>\r\n	&nbsp;\r\n</p>\r\n<p>\r\n	&nbsp;\r\n</p>','巫永杰','学生','1508298268','86'),
('88','30','@[学生]张楠 ','都出来','张楠','学生','1508298278','86'),
('89','30','@[学生]张楠 ','<p>\r\n	来来来，都出来片传来<img alt=\"\" src=\"http://192.168.1.100/Data/kindeditor/plugins/emoticons/images/32.gif\" border=\"0\" />\r\n</p>','李鹏陈','学生','1508298297','86'),
('90','24','','<p>\r\n	usiofvbqwanv eopyt bpq\r\n</p>\r\n<p>\r\n	&nbsp;\r\n</p>\r\n<p>\r\n	&nbsp;\r\n</p>','孟海博','学生','1508298470','0'),
('126','31','','<img alt=\"\" src=\"http://192.168.1.100/Data/kindeditor/plugins/emoticons/images/9.gif\" border=\"0\" />','樊龙','学生','1508893132','0'),
('127','31','','<img alt=\"\" src=\"http://192.168.1.100/Data/kindeditor/plugins/emoticons/images/16.gif\" border=\"0\" />','樊龙','学生','1508893140','0'),
('128','31','@[学生]温欢 ','我要吃柠檬','张伟','学生','1508893178','122'),
('129','31','@[学生]张伟 ','宠你嘛','温欢','学生','1508893391','128'),
('130','31','@[学生]樊龙 ','<img alt=\"\" src=\"http://192.168.1.100/Data/kindeditor/plugins/emoticons/images/2.gif\" border=\"0\" /><img alt=\"\" src=\"http://192.168.1.100/Data/kindeditor/plugins/emoticons/images/2.gif\" border=\"0\" /><img alt=\"\" src=\"http://192.168.1.100/Data/kindeditor/plugins/emoticons/images/2.gif\" border=\"0\" /><img alt=\"\" src=\"http://192.168.1.100/Data/kindeditor/plugins/emoticons/images/2.gif\" border=\"0\" /><img alt=\"\" src=\"http://192.168.1.100/Data/kindeditor/plugins/emoticons/images/2.gif\" border=\"0\" /><img alt=\"\" src=\"http://192.168.1.100/Data/kindeditor/plugins/emoticons/images/2.gif\" border=\"0\" />','温欢','学生','1508893627','127'),
('131','30','@[学生]李鹏陈 ','<p>\r\n	片尼玛比\r\n</p>\r\n<p>\r\n	&nbsp;\r\n</p>','常文静','学生','1508900883','89'),
('132','33','','<img alt=\"\" src=\"http://192.168.1.100/Data/kindeditor/plugins/emoticons/images/4.gif\" border=\"0\" /><img alt=\"\" src=\"http://192.168.1.100/Data/kindeditor/plugins/emoticons/images/3.gif\" border=\"0\" /><img width=\"25\" height=\"24\" style=\"width:77px;height:64px;\" alt=\"\" src=\"http://192.168.1.100/Data/kindeditor/plugins/emoticons/images/4.gif\" border=\"0\" />','李鹏陈','学生','1508901283','0'),
('136','33','','我交了为啥不显示','陈勇生','学生','1508901466','0'),
('122','31','','<img alt=\"\" src=\"http://192.168.1.100/Data/kindeditor/plugins/emoticons/images/54.gif\" border=\"0\" />','温欢','学生','1508893070','0'),
('120','31','','<p>\r\n	我儿登滴爸爸的号\r\n</p>\r\n<p>\r\n	&nbsp;\r\n</p>','周世英','学生','1508893008','0'),
('137','33','@[学生]陈勇生 ','<p>\r\n	你猜\r\n</p>','康川','学生','1508901523','136'),
('138','33','','八嘎亚路<img alt=\"\" src=\"http://192.168.1.100/Data/kindeditor/plugins/emoticons/images/29.gif\" border=\"0\" />','郭宁','学生','1508901766','0'),
('139','33','@[学生]陈勇生 ','<img alt=\"\" src=\"http://192.168.1.100/Data/kindeditor/plugins/emoticons/images/32.gif\" border=\"0\" />','卢玲芳','学生','1508901872','136'),
('140','33','@[学生]郭宁 ','轻松','毛金慧','学生','1508901885','138'),
('141','33','','<p>\r\n	@朱子健你作业有问题\r\n</p>\r\n<p>\r\n	&nbsp;\r\n</p>','郭宁','学生','1508901908','0'),
('142','33','@[学生]郭宁 ','<img alt=\"\" src=\"http://192.168.1.100/Data/kindeditor/plugins/emoticons/images/22.gif\" border=\"0\" />','卢玲芳','学生','1508901923','138'),
('143','33','@[学生]毛金慧 ','sb 智障东西sjb&nbsp; 去死 ！！！！！<img alt=\"\" src=\"http://192.168.1.100/Data/kindeditor/plugins/emoticons/images/11.gif\" border=\"0\" />考虑，你','郭宁','学生','1508901950','140'),
('144','33','@[学生]郭宁 ','我最胖','李春阳','学生','1508901950','141'),
('145','33','@[学生]李春阳 ','恩恩，知道了。','郭宁','学生','1508901990','144'),
('146','33','@[学生]郭宁 ','<p>\r\n	对对的\r\n</p>','郭建强','学生','1508902072','141'),
('147','33','@[学生]郭宁 ','&nbsp;我喜欢你','盖红艳','学生','1508902079','145'),
('148','33','@[学生]盖红艳 ','<p>\r\n	我不喜欢你，喜欢你妈。\r\n</p>','郭宁','学生','1508902125','147'),
('149','33','@[学生]李春阳 ','和猯一样胖','郭建强','学生','1508902129','144'),
('150','33','@[学生]李春阳 ','<img alt=\"\" src=\"http://192.168.1.100/Data/kindeditor/plugins/emoticons/images/28.gif\" border=\"0\" />','马文博','学生','1508902141','144'),
('151','33','@[学生]郭宁 ','<img alt=\"\" src=\"http://192.168.1.100/Data/kindeditor/plugins/emoticons/images/32.gif\" border=\"0\" /><img alt=\"\" src=\"http://192.168.1.100/Data/kindeditor/plugins/emoticons/images/32.gif\" border=\"0\" /><img alt=\"\" src=\"http://192.168.1.100/Data/kindeditor/plugins/emoticons/images/41.gif\" border=\"0\" /><img alt=\"\" src=\"http://192.168.1.100/Data/kindeditor/plugins/emoticons/images/41.gif\" border=\"0\" />','马文博','学生','1508902188','148'),
('152','33','@[学生]郭宁 ','姚文龙，sjb，智障东西，我草你妈，我是你爸爸，朱子健睡你妈，郭宁睡你姐，我操你全家','郭建强','学生','1508902323','141'),
('153','33','@[学生]李鹏陈 ','姚文龙，sjb，智障东西，我草你妈，我是你爸爸，朱子健睡你妈，郭宁睡你姐，我操你全家','郭建强','学生','1508902332','132'),
('154','33','@[学生]毛金慧 ','姚文龙，sjb，智障东西，我草你妈，我是你爸爸，朱子健睡你妈，郭宁睡你姐，我操你全家','郭建强','学生','1508902349','140'),
('155','33','@[学生]郭宁 ','姚文龙，sjb，智障东西，我草你妈，我是你爸爸，朱子健睡你妈，郭宁睡你姐，我操你全家','郭建强','学生','1508902410','145'),
('156','33','@[学生]郭建强 ','<p>\r\n	嗯嗯，对对滴<img alt=\"\" src=\"http://192.168.1.100/Data/kindeditor/plugins/emoticons/images/20.gif\" border=\"0\" />\r\n</p>','郭宁','学生','1508902412','152'),
('157','33','@[学生]郭宁 ','姚文龙，sjb，智障东西，我草你妈，我是你爸爸，朱子健睡你妈，郭宁睡你姐，我操你全家','郭建强','学生','1508902422','138'),
('158','33','@[学生]郭宁 ','姚文龙，sjb，智障东西，我草你妈，我是你爸爸，朱子健睡你妈，郭宁睡你姐，我操你全家','郭建强','学生','1508902429','145'),
('159','33','@[学生]马文博 ','姚文龙，sjb，智障东西，我草你妈，我是你爸爸，朱子健睡你妈，郭宁睡你姐，我操你全家','郭建强','学生','1508902439','150'),
('160','33','@[学生]郭宁 ','姚文龙，sjb，智障东西，我草你妈，我是你爸爸，朱子健睡你妈，郭宁睡你姐，我操你全家','郭建强','学生','1508902451','145'),
('161','33','@[学生]郭建强 ','<img alt=\"\" src=\"http://192.168.1.100/Data/kindeditor/plugins/emoticons/images/87.gif\" border=\"0\" /><img alt=\"\" src=\"http://192.168.1.100/Data/kindeditor/plugins/emoticons/images/87.gif\" border=\"0\" /><img alt=\"\" src=\"http://192.168.1.100/Data/kindeditor/plugins/emoticons/images/87.gif\" border=\"0\" />','马文博','学生','1508902455','152'),
('162','33','@[学生]郭宁 ','草泥马，不要脸了，登我的','盖红艳','学生','1508902531','148'),
('163','33','@[学生]郭宁 ','不看看你那傻逼样','盖红艳','学生','1508902596','148'),
('164','33','@[学生]毛金慧 ','日你妈','杜大中','学生','1508902685','140'),
('165','33','@[学生]郭宁 ','脑子有坑的傻逼，说话显智商，还登我的号跟你表白，不看看你那JB样，我TM恶心死了','盖红艳','学生','1508902771','148'),
('166','33','@[学生]郭宁 ','<p>\r\n	日你妈\r\n</p>','杜大中','学生','1508902853','156'),
('167','33','@[学生]郭建强 ','<p>\r\n	郭建强你妈逼\r\n</p>\r\n<p>\r\n	&nbsp;\r\n</p>','姚文龙','学生','1508903064','153'),
('168','33','@[学生]马文博 ','<p>\r\n	你妈逼\r\n</p>\r\n<p>\r\n	&nbsp;\r\n</p>','姚文龙','学生','1508903112','161'),
('169','33','@[学生]马文博 ','<img alt=\"\" src=\"http://192.168.1.100/Data/kindeditor/plugins/emoticons/images/71.gif\" border=\"0\" />','李鹏陈','学生','1508903128','161'),
('170','33','@[学生]李鹏陈 ','我要睡尼玛<img alt=\"\" src=\"http://192.168.1.100/Data/kindeditor/plugins/emoticons/images/29.gif\" border=\"0\" />','李鹏陈','学生','1508903181','169'),
('171','32','','咳咳&nbsp; 不好意思&nbsp; 又是我','樊龙','学生','1508981690','0'),
('172','32','@[学生]樊龙 ','咳咳&nbsp; 还有我呢','张文军','学生','1508981731','171'),
('173','32','@[学生]张文军 ','无所畏惧','晁娅莉','学生','1508981765','172'),
('174','34','','<img alt=\"\" src=\"http://192.168.1.100/Data/kindeditor/plugins/emoticons/images/35.gif\" border=\"0\" />','温欢','学生','1508982809','0'),
('175','37','','<img src=\"http://localhost/xsgl/Data/kindeditor/plugins/emoticons/images/10.gif\" border=\"0\" alt=\"\" />','何丽','学生','1509345572','0');-- <xjx> --

-- ±íµÄÊý¾Ý£ºxh_sxpubexcise --
INSERT INTO `xh_sxpubexcise` VALUES
('37','1','rewu1','<p>sss</p>','./Public/Excise/2017-2018-1/GS-guosheng/jisuanjiyingyongjichu/20171029201731/','20171029201731_JS_guosheng.zip','1','1509279451','1'),
('2','2','任务1：给字幕添加下划线','<p>请按要求完成实训任务，并提交！</p>','./Public/Excise/2017-2018-1/YZH-yaozhenhua/AEyingshihouqizhizuo/20170919090847/','20170919090847_JS_yaozhenhua.txt','1','1505783329','0'),
('3','2','制作一个流动的光','<p>制作流动的光！</p>','./Public/Excise/2017-2018-1/YZH-yaozhenhua/AEyingshihouqizhizuo/20170919091546/','20170919091546_JS_yaozhenhua.txt','1','1505783747','0'),
('4','2','制作文字路径动画','<p>制作文字路径动画</p>','./Public/Excise/2017-2018-1/YZH-yaozhenhua/AEyingshihouqizhizuo/20170919091632/','20170919091632_JS_yaozhenhua.txt','1','1505783793','0'),
('38','1','renwu2','<p>dd</p>','./Public/Excise/2017-2018-1/GS-guosheng/jisuanjiyingyongjichu/20171029201749/','20171029201749_JS_guosheng.xls','1','1509279469','0'),
('8','2','任务2：活动电脑屏幕','<p>作业要求：视频包含自己的姓名，提交的作业含有源文件，素材可自己下载附件</p><p>&nbsp;</p>','./Public/Excise/2017-2018-1/YZH-yaozhenhua/AEyingshihouqizhizuo/20170921085928/','20170921085928_JS_yaozhenhua.zip','1','1505955582','0'),
('9','2','任务3：球面变形动画','<p>作业要求：视频包含自己的姓名，提交的作业含有源文件，素材可自己下载附件</p>','./Public/Excise/2017-2018-1/YZH-yaozhenhua/AEyingshihouqizhizuo/20170921090042/','20170921090042_JS_yaozhenhua.txt','1','1505955645','0'),
('39','7','rwnwu1','<p>eee</p>','./Public/Excise/2017-2018-1/YZH-yaozhenhua/Flashdongmanshejiyuzhizuo/20171029211150/','20171029211150_JS_yaozhenhua.docx','1','1509282710','0'),
('11','2','任务3：数字流星效果','<p>请按照实例要求上传文件，必须包含源文件</p>','./Public/Excise/2017-2018-1/YZH-yaozhenhua/AEyingshihouqizhizuo/20170922103149/','20170922103149_JS_yaozhenhua.txt','1','1506047509','0'),
('12','2','拓展训练：爆炸文字效果','<p>请上传视频及源文件</p>','./Public/Excise/2017-2018-1/YZH-yaozhenhua/AEyingshihouqizhizuo/20170922103255/','20170922103255_JS_yaozhenhua.txt','1','1506047575','0'),
('13','2','任务4：透过窗户之景','<p>请上传视频及源文件，素材请在附件下载</p>','./Public/Excise/2017-2018-1/YZH-yaozhenhua/AEyingshihouqizhizuo/20170922105623/','20170922105623_JS_yaozhenhua.zip','1','1506048983','0'),
('14','2','任务5：移动马赛克效果','<p>请提交源文件及成品！</p>','./Public/Excise/2017-2018-1/YZH-yaozhenhua/AEyingshihouqizhizuo/20170925102557/','20170925102557_JS_yaozhenhua.zip','1','1506306357','0'),
('15','2','任务6：水墨画效果','<p>请上传视频及源文件，素材请在附件下载</p>','./Public/Excise/2017-2018-1/YZH-yaozhenhua/AEyingshihouqizhizuo/20170925102919/','20170925102919_JS_yaozhenhua.zip','1','1506306559','0'),
('16','2','任务7：下雪效果','<p>上传源文件及视频成品，素材请在附件下载</p>','./Public/Excise/2017-2018-1/YZH-yaozhenhua/AEyingshihouqizhizuo/20170928081528/','20170928081528_JS_yaozhenhua.jpg','1','1506557728','0'),
('17','2','任务8：水泡效果','<p>上传源文件及视频成品，素材请在附件下载</p>','./Public/Excise/2017-2018-1/YZH-yaozhenhua/AEyingshihouqizhizuo/20170928081645/','20170928081645_JS_yaozhenhua.jpg','1','1506557805','0'),
('18','2','任务9：手写简单字','<p>上传源文件及视频成品，素材请在附件下载</p>','./Public/Excise/2017-2018-1/YZH-yaozhenhua/AEyingshihouqizhizuo/20171009102913/','20171009102913_JS_yaozhenhua.txt','1','1507516153','0'),
('19','2','任务10：打字效果','<p>上传源文件及视频成品，素材请在附件下载</p>','./Public/Excise/2017-2018-1/YZH-yaozhenhua/AEyingshihouqizhizuo/20171009102938/','20171009102938_JS_yaozhenhua.txt','1','1507516178','0'),
('20','2','任务11：从左到右的字幕动画','<p>上传源文件及视频成品，素材请在附件下载</p>','./Public/Excise/2017-2018-1/YZH-yaozhenhua/AEyingshihouqizhizuo/20171010081957/','20171010081957_JS_yaozhenhua.txt','1','1507594797','0'),
('21','2','任务12：过光文字','<p>上传源文件及视频成品，素材请在附件下载</p>','./Public/Excise/2017-2018-1/YZH-yaozhenhua/AEyingshihouqizhizuo/20171010084001/','20171010084001_JS_yaozhenhua.txt','1','1507596001','0'),
('22','3','利用三层交换机实现VLAN 间通信','<p>利用三层交换机实现VLAN 间通信</p>','./Public/Excise/2017-2018-1/WR-wurui/qiyewangdajian/20171011092531/','20171011092531_JS_wurui.pkt','1','1507685131','0'),
('23','5','DW中表格、图像的设置','<p>1、按照模板做好网页index.html;</p><p>2、每个网页中表格宽950像素，预览时内容居中对齐；</p><p>3、index.html导航栏的颜色设置为浅蓝色。</p><p><br/></p>','./Public/Excise/2017-2018-1/SCS-shichunsheng/wangyezhizuo/20171011111413/','20171011111413_JS_shichunsheng.PNG','1','1507691654','0'),
('24','5','DW中图片格式的设置','<p style=\"white-space: normal;\">1、按照模板做好jingchuanmeijing.html;</p><p style=\"white-space: normal;\">2、每个网页中表格宽950像素，预览时内容居中对齐。</p><p style=\"white-space: normal;\"><br/></p>','./Public/Excise/2017-2018-1/SCS-shichunsheng/wangyezhizuo/20171011111557/','20171011111557_JS_shichunsheng.PNG','1','1507691757','0'),
('25','2','任务13：路径文字','<p>上传源文件及视频成品，素材请在附件下载</p>','./Public/Excise/2017-2018-1/YZH-yaozhenhua/AEyingshihouqizhizuo/20171012082711/','20171012082711_JS_yaozhenhua.txt','1','1507768031','0'),
('26','2','任务14：预设动画文字效果','<p>上传源文件及视频成品，素材请在附件下载</p>','./Public/Excise/2017-2018-1/YZH-yaozhenhua/AEyingshihouqizhizuo/20171012082813/','20171012082813_JS_yaozhenhua.txt','1','1507768093','0'),
('27','2','任务15：白闪效果','<p>上传源文件及视频成品，素材请在附件下载</p>','./Public/Excise/2017-2018-1/YZH-yaozhenhua/AEyingshihouqizhizuo/20171013103028/','20171013103028_JS_yaozhenhua.zip','1','1507861829','0'),
('28','3','路由器选用与基本操作','<p>路由器选用与基本操作</p>','./Public/Excise/2017-2018-1/WR-wurui/qiyewangdajian/20171016092630/','20171016092630_JS_wurui.pkt','1','1508117190','0'),
('29','3','静态路由配置','<p>静态路由配置</p>','./Public/Excise/2017-2018-1/WR-wurui/qiyewangdajian/20171018085827/','20171018085827_JS_wurui.pkt','1','1508288307','0'),
('30','5','添加锚记链接','<p>1、给上次做好的index.html添加回到顶部的锚记链接；</p><p>2、锚记放在段落最前面。</p>','./Public/Excise/2017-2018-1/SCS-shichunsheng/wangyezhizuo/20171018111542/','20171018111542_JS_shichunsheng.PNG','1','1508296542','0'),
('31','3','RIPv1路由协议配置','<p>RIPv1路由协议配置</p>','./Public/Excise/2017-2018-1/WR-wurui/qiyewangdajian/20171023082815/','20171023082815_JS_wurui.pkt','1','1508718495','0'),
('32','3','RIP V2路由协议配置','<p>RIP V2路由协议配置</p>','./Public/Excise/2017-2018-1/WR-wurui/qiyewangdajian/20171025082235/','20171025082235_JS_wurui.pkt','1','1508890955','0'),
('33','5','栏目导航、服务导航练习','<p>1、按照课本P72页4-14，4-16要求做好网页index.html;</p><p>2、正确使用表格进行布局，单元格内容要居中；</p><p>3、单元格的颜色只要不刺眼就行。</p>','./Public/Excise/2017-2018-1/SCS-shichunsheng/wangyezhizuo/20171025110732/','20171025110732_JS_shichunsheng.PNG','1','1508900852','0'),
('40','7','renwu2','<p>eee</p>','./Public/Excise/2017-2018-1/YZH-yaozhenhua/Flashdongmanshejiyuzhizuo/20171029211201/','20171029211201_JS_yaozhenhua.xls','1','1509282721','0'),
('41','8','测试','<p>ddd</p>','./Public/Excise/2017-2018-1/GS-guosheng/Flashdongmanshejiyuzhizuo/20171030085616/','20171030085616_JS_guosheng.jpg','1','1509324976','0');-- <xjx> --

-- ±íµÄÊý¾Ý£ºxh_sxsetcourse --
INSERT INTO `xh_sxsetcourse` VALUES
('1','GS','201601','计算机应用基础','2017-2018-1'),
('2','YZH','201601','AE影视后期制作','2017-2018-1'),
('3','WR','201601','企业网搭建','2017-2018-1'),
('4','WR','201712','计算机应用基础','2017-2018-1'),
('5','SCS','201721','网页制作','2017-2018-1'),
('6','SCB','201601','CorelDRAW','2017-2018-1'),
('7','YZH','201601','Flash动漫设计与制作','2017-2018-1'),
('8','GS','201701','Flash动漫设计与制作','2017-2018-1');-- <xjx> --

-- ±íµÄÊý¾Ý£ºxh_sxsubexcise --
INSERT INTO `xh_sxsubexcise` VALUES
('1','2','20160101','90','20170919090847_2_20160101_heli.7z','1','1505785605',''),
('2','2','20160102','80','20170919090847_2_20160102_chouxiaomei.zip','1','1505784916',''),
('3','2','20160103','60','20170919090847_2_20160103_liuweili.rar','1','1505784966',''),
('4','2','20160104','70','20170919090847_2_20160104_liufaqiang.zip','1','1505785072',''),
('5','2','20160105','70','20170919090847_2_20160105_liu.zip','1','1505785337',''),
('6','2','20160106','70','20170919090847_2_20160106_kouzifang.rar','1','1505784825',''),
('7','2','20160107','100','20170919090847_2_20160107_zhoushiying.zip','1','1505784205',''),
('8','2','20160108','90','20170919090847_2_20160108_shangyujiao.zip','1','1505785514',''),
('9','2','20160109','70','20170919090847_2_20160109_yuexiaole.zip','1','1505785174',''),
('10','2','20160110','70','20170919090847_2_20160110_juxijuan.zip','1','1505785958',''),
('11','2','20160111','100','20170919090847_2_20160111_zhangwei.zip','1','1505784739',''),
('12','2','20160112','100','20170919090847_2_20160112_zhangwenjun.zip','1','1505784685',''),
('13','2','20160114','90','20170919090847_2_20160114_zhanghongyan.rar','1','1505955918',''),
('14','2','20160115','70','20170919090847_2_20160115_li.zip','1','1505784598',''),
('15','2','20160116','70','20170919090847_2_20160116_caoyalong.zip','1','1505784915',''),
('16','2','20160117','100','20170919090847_2_20160117_zhuningning.zip','1','1505784853',''),
('17','2','20160118','100','20170919090847_2_20160118_zhuhaiyan.aep','1','1505785532',''),
('18','2','20160119','100','20170919090847_2_20160119_fanlong.zip','1','1505784584',''),
('19','2','20160120','100','20170919090847_2_20160120_wenhuan.zip','1','1505784644',''),
('20','2','20160122','100','20170919090847_2_20160122_wanglina.zip','1','1505785641',''),
('21','2','20160123','80','20170919090847_2_20160123_wang.aep','1','1505957174',''),
('22','2','20160124','90','20170919090847_2_20160124_wangchunfeng.rar','1','1505784851',''),
('23','2','20160125','80','20170919090847_2_20160125_wangpeng.zip','1','1505956124',''),
('24','2','20160126','70','20170919090847_2_20160126_baiwenli.zip','1','1505784864',''),
('25','2','20160127','80','20170919090847_2_20160127_zhangwenpei.zip','1','1505785328',''),
('26','2','20160128','80','20170919090847_2_20160128_zhangpengjie.zip','1','1505784686',''),
('27','2','20160129','100','20170922101628_2_20160129_huyajun.zip','1','1506046588',''),
('28','2','20160130','50','20170919090847_2_20160130_xue.zip','1','1505785295',''),
('29','2','20160131','70','20170919090847_2_20160131_lujinli.zip','1','1505958237',''),
('30','2','20160132','80','20170919090847_2_20160132_caorongfei.zip','1','1505785177',''),
('31','2','20160133','70','20170919090847_2_20160133_fujinmei.rar','1','1505955557',''),
('32','2','20160134','80','20170919090847_2_20160134_guohongyan.rar','1','1505785421',''),
('33','2','20160135','80','20170919090847_2_20160135_jingxiuying.zip','1','1505785903',''),
('34','2','20160136','70','20170919090847_2_20160136_jingyalin.rar','1','1505785585',''),
('35','2','20160137','100','20170919090847_2_20160137_leimiao.aep','1','1505957736',''),
('36','2','20160138','90','20170919090847_2_20160138_lirui.zip','1','1505784904',''),
('37','2','20160139','50','20170919090847_2_20160139_lixiaoxue.aep','1','1505785459',''),
('38','2','20160140','80','20170919090847_2_20160140_liangxingfa.aep','1','1505785249',''),
('39','2','20160142','70','20170919090847_2_20160142_lvmeng.zip','1','1505785696',''),
('40','2','20160143','90','20170919090847_2_20160143_lvshaodong.zip','1','1505784657',''),
('41','2','20160144','90','20170919090847_2_20160144_lvxiaoli.rar','1','1505785874',''),
('42','2','20160145','100','20170919090847_2_20160145_wanghaiyan.zip','1','1505785766',''),
('43','2','20160146','90','20170919090847_2_20160146_wanghongjuan.zip','1','1505784860',''),
('44','2','20160147','60','','1','1505785408',''),
('45','2','20160148','100','20170919090847_2_20160148_wangxiaowei.zip','1','1505784996',''),
('46','2','20160149','70','20170919090847_2_20160149_wangxiaoxia.zip','1','1505786070',''),
('47','2','20160150','90','20170919090847_2_20160150_wangyan.zip','1','1505784460',''),
('48','2','20160152','70','20170919090847_2_20160152_weiyanning.aep','1','1505784417',''),
('49','2','20160153','20','20170919090847_2_20160153_xiehongli.aep','1','1505784807',''),
('50','2','20160154','100','20170922102021_2_20160154_xin.aep','1','1506046821',''),
('51','2','20160155','100','20170919090847_2_20160155_yangqin.zip','1','1505785272',''),
('52','2','20160156','100','20170919090847_2_20160156_zhouxinyan.zip','1','1505956974',''),
('53','2','20160158','100','20170919090847_2_20160158_zhangyali.rar','1','1505785744',''),
('54','3','20160101','70','20170919091546_3_20160101_heli.7z','1','1505785549',''),
('55','3','20160102','90','20170919091546_3_20160102_chouxiaomei.zip','1','1505785040',''),
('56','3','20160103','60','20170919091546_3_20160103_liuweili.rar','1','1505785048',''),
('57','3','20160104','100','20170919091546_3_20160104_liufaqiang.zip','1','1505785304',''),
('58','3','20160105','80','','1','1505785359',''),
('59','3','20160106','70','20170919091546_3_20160106_kouzifang.rar','1','1505784843',''),
('60','3','20160107','90','20170919091546_3_20160107_zhoushiying.zip','1','1505784668',''),
('61','3','20160108','100','20170919091546_3_20160108_shangyujiao.zip','1','1505785148',''),
('62','3','20160109','70','20170919091546_3_20160109_yuexiaole.zip','1','1505785561',''),
('63','3','20160110','70','20170919091546_3_20160110_juxijuan.zip','1','1505785973',''),
('64','3','20160111','100','20170919091546_3_20160111_zhangwei.zip','1','1505784760',''),
('65','3','20160112','60','20170919091546_3_20160112_zhangwenjun.zip','1','1505784725',''),
('66','3','20160114','90','20170919091546_3_20160114_zhanghongyan.zip','1','1505785764',''),
('67','3','20160115','70','20170919091546_3_20160115_li.zip','1','1505784712',''),
('68','3','20160116','70','20170919091546_3_20160116_caoyalong.zip','1','1505784931',''),
('69','3','20160117','100','20170919091546_3_20160117_zhuningning.zip','1','1505784869',''),
('70','3','20160118','100','20170919091546_3_20160118_zhuhaiyan.aep','1','1505786053',''),
('71','3','20160119','100','20170919091546_3_20160119_fanlong.zip','1','1505784124',''),
('72','3','20160120','100','20170919091546_3_20160120_wenhuan.zip','1','1505784658',''),
('73','3','20160122','90','20170919091546_3_20160122_wanglina.rar','1','1505785660',''),
('74','3','20160123','90','20170919091546_3_20160123_wang.aep','1','1505956567',''),
('75','3','20160124','60','20170919091546_3_20160124_wangchunfeng.rar','1','1505784884',''),
('76','3','20160125','80','20170919091546_3_20160125_wangpeng.zip','1','1505956136',''),
('77','3','20160126','80','20170919091546_3_20160126_baiwenli.7z','1','1505785624',''),
('78','3','20160127','80','20170919091546_3_20160127_zhangwenpei.zip','1','1505785355',''),
('79','3','20160128','90','20170919091546_3_20160128_zhangpengjie.zip','1','1505784727',''),
('80','3','20160129','100','20170919091546_3_20160129_huyajun.zip','1','1505785337',''),
('81','3','20160130','50','20170919091546_3_20160130_xue.zip','1','1505785337',''),
('82','3','20160131','70','20170919091546_3_20160131_lujinli.zip','1','1505786021',''),
('83','3','20160132','90','20170922101755_3_20160132_caorongfei.zip','1','1506046675',''),
('84','3','20160133','70','20170919091546_3_20160133_fujinmei.rar','1','1505955948',''),
('85','3','20160134','80','20170919091546_3_20160134_guohongyan.rar','1','1505784808',''),
('86','3','20160135','80','20170919091546_3_20160135_jingxiuying.zip','1','1505785917',''),
('87','3','20160136','70','20170919091546_3_20160136_jingyalin.rar','1','1505785858',''),
('88','3','20160137','100','20170919091546_3_20160137_leimiao.zip','1','1505957716',''),
('89','3','20160138','100','20170919091546_3_20160138_lirui.aep','1','1505784230',''),
('90','3','20160139','50','20170919091546_3_20160139_lixiaoxue.aep','1','1505785486',''),
('91','3','20160140','70','20170919091546_3_20160140_liangxingfa.zip','1','1505785329',''),
('92','3','20160142','70','20170919091546_3_20160142_lvmeng.zip','1','1505785720',''),
('93','3','20160143','90','20170919091546_3_20160143_lvshaodong.zip','1','1505784569',''),
('94','3','20160144','50','20170919091546_3_20160144_lvxiaoli.zip','1','1505785917',''),
('95','3','20160145','100','20170919091546_3_20160145_wanghaiyan.zip','1','1505785844',''),
('96','3','20160146','100','20170919091546_3_20160146_wanghongjuan.zip','1','1505785365',''),
('97','3','20160147','60','20170919091546_3_20160147_wangjuan.rar','1','1505785674',''),
('98','3','20160148','100','20170919091546_3_20160148_wangxiaowei.zip','1','1505785095',''),
('99','3','20160149','100','20170919091546_3_20160149_wangxiaoxia.rar','1','1505957191',''),
('100','3','20160150','90','20170919091546_3_20160150_wangyan.zip','1','1505784404',''),
('101','3','20160152','70','20170919091546_3_20160152_weiyanning.aep','1','1505784439',''),
('102','3','20160153','40','20170919091546_3_20160147_wangjuan.zip','1','1505785520',''),
('103','3','20160154','100','20170922102717_3_20160154_xin.aep','1','1506047237',''),
('104','3','20160155','100','20170919091546_3_20160155_yangqin.zip','1','1505785311',''),
('105','3','20160156','100','20170919091546_3_20160156_zhouxinyan.zip','1','1505957045',''),
('106','3','20160158','100','20170919091546_3_20160158_zhangyali.zip','1','1505785764',''),
('107','4','20160101','80','20170919091632_4_20160101_heli.zip','1','1505784964','98'),
('108','4','20160102','100','20170919091632_4_20160102_chouxiaomei.aep','1','1505786104','98'),
('109','4','20160103','70','20170919091632_4_20160103_liuweili.zip','1','1505955353',''),
('110','4','20160104','100','20170919091632_4_20160104_liufaqiang.zip','1','1505785342',''),
('111','4','20160105','90','20170919091632_4_20160105_liu.zip','1','1505785661',''),
('112','4','20160106','70','','1','1505785439',''),
('113','4','20160107','100','20170919091632_4_20160107_zhoushiying.zip','1','1505784228',''),
('114','4','20160108','80','20170919091632_4_20160108_shangyujiao.zip','1','1505785632',''),
('115','4','20160109','80','20170919091632_4_20160109_yuexiaole.zip','1','1505785296',''),
('116','4','20160110','80','20170919091632_4_20160110_juxijuan.avi','1','1505957364',''),
('117','4','20160111','100','20170919091632_4_20160111_zhangwei.zip','1','1505785177',''),
('118','4','20160112','70','20170919091632_4_20160112_zhangwenjun.zip','1','1505784747',''),
('119','4','20160114','90','20170919091632_4_20160114_zhanghongyan.zip','1','1505785780',''),
('120','4','20160115','70','20170919091632_4_20160115_li.zip','1','1505784748',''),
('121','4','20160116','70','20170919091632_4_20160116_caoyalong.zip','1','1505785448',''),
('122','4','20160117','100','20170919091632_4_20160117_zhuningning.zip','1','1505785560',''),
('123','4','20160118','100','20170919091632_4_20160118_zhuhaiyan.aep','1','1505786099',''),
('124','4','20160119','100','20170919091632_4_20160119_fanlong.zip','1','1505784210',''),
('125','4','20160120','100','20170919091632_4_20160120_wenhuan.zip','1','1505784674',''),
('126','4','20160122','90','20170919091632_4_20160122_wanglina.rar','1','1505785800',''),
('127','4','20160123','60','20170919091632_4_20160123_wang.aep','1','1505956847',''),
('128','4','20160124','80','20170919091632_4_20160124_wangchunfeng.zip','1','1505785870',''),
('129','4','20160125','80','20170919091632_4_20160125_wangpeng.zip','1','1505956150',''),
('130','4','20160126','80','','1','1505785294',''),
('131','4','20160127','70','20170919091632_4_20160127_zhangwenpei.zip','1','1505785371',''),
('132','4','20160128','90','20170919091632_4_20160128_zhangpengjie.zip','1','1505784756',''),
('133','4','20160129','100','20170919091632_4_20160129_huyajun.zip','1','1505785352',''),
('134','4','20160130','50','20170919091632_4_20160130_xue.zip','1','1505785376',''),
('135','4','20160131','60','','1','1505786124',''),
('136','4','20160132','80','20170919091632_4_20160132_caorongfei.zip','1','1505785328',''),
('137','4','20160133','100','20170919091632_4_20160133_fujinmei.zip','1','1505956386',''),
('138','4','20160134','80','20170919091632_4_20160134_guohongyan.rar','1','1505785304',''),
('139','4','20160135','80','20170919091632_4_20160135_jingxiuying.aep','1','1505956665',''),
('140','4','20160136','90','20170919091632_4_20160136_jingyalin.rar','1','1505785512',''),
('141','4','20160137','100','20170919091632_4_20160137_leimiao.rar','1','1505957885',''),
('142','4','20160138','100','20170919091632_4_20160138_lirui.rar','1','1505955339',''),
('143','4','20160139','50','20170919091632_4_20160139_lixiaoxue.aep','1','1505785501',''),
('144','4','20160140','80','20170919091632_4_20160140_liangxingfa.aep','1','1505957264',''),
('145','4','20160142','70','20170919091632_4_20160142_lvmeng.zip','1','1505957866',''),
('146','4','20160143','100','20170919091632_4_20160143_lvshaodong.zip','1','1505957525',''),
('147','4','20160144','60','20170919091632_4_20160144_lvxiaoli.zip','1','1505785960',''),
('148','4','20160145','100','20170919091632_4_20160145_wanghaiyan.rar','1','1505956717',''),
('149','4','20160146','100','20170919091632_4_20160146_wanghongjuan.zip','1','1505785845',''),
('150','4','20160147','100','20170919091632_4_20160147_wangjuan.rar','1','1505956593',''),
('151','4','20160148','100','20170919091632_4_20160148_wangxiaowei.zip','1','1505785658',''),
('152','4','20160149','60','20170919091632_4_20160149_wangxiaoxia.zip','1','1505785997',''),
('153','4','20160150','90','20170919091632_4_20160150_wangyan.zip','1','1505957748',''),
('154','4','20160152','90','20170919091632_4_20160152_weiyanning.zip','1','1505957029',''),
('155','4','20160153','100','20170919091632_4_20160153_xiehongli.rar','1','1505957083',''),
('156','4','20160154','80','20170922102809_4_20160154_xin.aep','1','1506047289',''),
('157','4','20160155','100','20170919091632_4_20160155_yangqin.zip','1','1505785810',''),
('158','4','20160156','100','20170919091632_4_20160156_zhouxinyan.zip','1','1505957071',''),
('159','4','20160158','90','20170919091632_4_20160158_zhangyali.rar','1','1505955244',''),
('330','9','20160112','100','20170922101725_9_20160112_zhangwenjun.7z','1','1506046645',''),
('331','9','20160114','100','20170921090042_9_20160114_zhanghongyan.zip','1','1505957402',''),
('261','8','20160153','60','20170921085928_8_20160153_xiehongli.zip','1','1505956620',''),
('260','8','20160152','90','20170921085928_8_20160152_weiyanning.7z','1','1505957650',''),
('259','8','20160150','90','20170921085928_8_20160150_wangyan.7z','1','1505958082',''),
('258','8','20160149','100','20170921085928_8_20160149_wangxiaoxia.rar','1','1505956771',''),
('257','8','20160148','90','20170921085928_8_20160148_wangxiaowei.zip','1','1505956862',''),
('256','8','20160147','70','20170921085928_8_20160147_wangjuan.zip','1','1505955810',''),
('255','8','20160146','100','20170921085928_8_20160146_wanghongjuan.zip','1','1505956319',''),
('254','8','20160145','80','20170921085928_8_20160145_wanghaiyan.zip','1','1505956013',''),
('253','8','20160144','80','20170921085928_8_20160144_lvxiaoli.rar','1','1505956184',''),
('252','8','20160143','90','20170921085928_8_20160143_lvshaodong.zip','1','1505957631',''),
('251','8','20160142','70','20170921085928_8_20160142_lvmeng.zip','1','1505956121',''),
('250','8','20160140','70','20170921085928_8_20160140_liangxingfa.aep','1','1505958413',''),
('249','8','20160139','100','20170921085928_8_20160139_lixiaoxue.rar','1','1505956515',''),
('248','8','20160138','100','20170921085928_8_20160138_lirui.zip','1','1505955619',''),
('247','8','20160137','100','20170921085928_8_20160137_leimiao.zip','1','1505957763',''),
('246','8','20160136','90','20170921085928_8_20160136_jingyalin.zip','1','1505956639',''),
('245','8','20160135','80','20170921085928_8_20160135_jingxiuying.zip','1','1505956255',''),
('244','8','20160134','100','20170921085928_8_20160134_guohongyan.rar','1','1505956230',''),
('243','8','20160133','80','20170921085928_8_20160133_fujinmei.zip','1','1505957396',''),
('242','8','20160132','80','20170922102003_8_20160132_caorongfei.zip','1','1506046803',''),
('241','8','20160131','70','20170921085928_8_20160131_lujinli.rar','1','1505958158',''),
('240','8','20160130','50','20170921085928_8_20160130_xue.7z','1','1505957560',''),
('239','8','20160129','100','20170921085928_8_20160129_huyajun.zip','1','1505956348',''),
('238','8','20160128','100','20170921085928_8_20160128_zhangpengjie.zip','1','1505956002',''),
('237','8','20160127','80','20170921085928_8_20160127_zhangwenpei.zip','1','1505957563',''),
('236','8','20160126','80','20170921085928_8_20160126_baiwenli.rar','1','1505957599',''),
('235','8','20160125','80','20170921085928_8_20160125_wangpeng.zip','1','1505956164',''),
('234','8','20160124','80','20170921085928_8_20160124_wangchunfeng.zip','1','1505956122',''),
('233','8','20160123','70','20170921085928_8_20160123_wang.aep','1','1505958280',''),
('232','8','20160122','90','20170921085928_8_20160122_wanglina.rar','1','1505955910',''),
('231','8','20160120','100','20170922101805_8_20160120_wenhuan.zip','1','1506046685',''),
('230','8','20160119','100','20170921085928_8_20160119_fanlong.zip','1','1505955719',''),
('229','8','20160118','100','20170921085928_8_20160118_zhuhaiyan.zip','1','1505956999',''),
('228','8','20160117','100','20170921085928_8_20160117_zhuningning.zip','1','1505956557',''),
('227','8','20160116','100','20170921085928_8_20160116_caoyalong.zip','1','1505955969',''),
('226','8','20160115','100','20170921085928_8_20160115_li.7z','1','1505955814',''),
('225','8','20160114','100','20170921085928_8_20160114_zhanghongyan.rar','1','1505956185',''),
('224','8','20160112','80','20170921085928_8_20160112_zhangwenjun.7z','1','1505955983',''),
('223','8','20160111','100','20170921085928_8_20160111_zhangwei.zip','1','1505956292',''),
('222','8','20160110','70','20170922102106_8_20160110_juxijuan.avi','1','1506046867',''),
('221','8','20160109','80','20170921085928_8_20160109_yuexiaole.zip','1','1505957253',''),
('220','8','20160108','100','20170921085928_8_20160108_shangyujiao.zip','1','1505957082',''),
('219','8','20160107','100','20170921085928_8_20160107_zhoushiying.zip','1','1505956515',''),
('218','8','20160106','70','20170921085928_8_20160106_kouzifang.rar','1','1505956610',''),
('217','8','20160105','90','20170921085928_8_20160105_liu.zip','1','1505956477',''),
('216','8','20160104','100','20170921085928_8_20160104_liufaqiang.7z','1','1505956467',''),
('215','8','20160103','80','20170921085928_8_20160103_liuweili.zip','1','1505955905',''),
('214','8','20160102','100','20170921085928_8_20160102_chouxiaomei.zip','1','1505958585',''),
('213','8','20160101','100','20170921085928_8_20160101_heli.7z','1','1505956474',''),
('262','8','20160154','70','20170922102838_8_20160154_xin.aep','1','1506047318',''),
('263','8','20160155','90','20170921085928_8_20160155_yangqin.zip','1','1505957597',''),
('264','8','20160156','100','20170921085928_8_20160156_zhouxinyan.zip','1','1505957115',''),
('265','8','20160158','100','20170921085928_8_20160158_zhangyali.zip','1','1505955677',''),
('370','9','20160156','100','20170921090042_9_20160156_zhouxinyan.zip','1','1505957412',''),
('368','9','20160154','70','20170922102858_9_20160154_xin.aep','1','1506047338',''),
('366','9','20160152','100','20170921090042_9_20160152_weiyanning.zip','1','1505957273',''),
('365','9','20160150','90','20170921090042_9_20160150_wangyan.zip','1','1505957793',''),
('364','9','20160149','100','20170921090042_9_20160149_wangxiaoxia.rar','1','1505957069',''),
('363','9','20160148','90','20170921090042_9_20160148_wangxiaowei.zip','1','1505956918',''),
('361','9','20160146','100','20170922102701_9_20160146_wanghongjuan.zip','1','1506047221',''),
('359','9','20160144','80','20170921090042_9_20160144_lvxiaoli.zip','1','1505957292',''),
('354','9','20160138','90','20170922101702_9_20160138_lirui.zip','1','1506046622',''),
('353','9','20160137','100','20170921090042_9_20160137_leimiao.zip','1','1505957787',''),
('350','9','20160134','100','20170922101556_9_20160134_guohongyan.zip','1','1506046556',''),
('346','9','20160130','50','20170922101604_9_20160130_xue.zip','1','1506046565',''),
('345','9','20160129','100','20170922101613_9_20160129_huyajun.zip','1','1506046573',''),
('343','9','20160127','90','20170922101646_9_20160127_zhangwenpei.avi','1','1506046606',''),
('342','9','20160126','80','20170921090042_9_20160126_baiwenli.7z','1','1505957201',''),
('338','9','20160122','100','20170921090042_9_20160122_wanglina.rar','1','1505957184',''),
('329','9','20160111','100','20170922101740_9_20160111_zhangwei.zip','1','1506046660',''),
('327','9','20160109','80','20170922101626_9_20160109_yuexiaole.zip','1','1506046586',''),
('326','9','20160108','100','20170922101723_9_20160108_shangyujiao.zip','1','1506046643',''),
('325','9','20160107','100','20170922101556_9_20160107_zhoushiying.zip','1','1506046556',''),
('324','9','20160106','70','20170922101731_9_20160106_kouzifang.rar','1','1506046651',''),
('323','9','20160105','100','20170922101723_9_20160105_liu.zip','1','1506046643',''),
('322','9','20160104','100','20170922101636_9_20160104_liufaqiang.zip','1','1506046596',''),
('321','9','20160103','100','20170921090042_9_20160103_liuweili.rar','1','1505958101',''),
('320','9','20160102','60','20170921090042_9_20160102_chouxiaomei.zip','1','1505957768',''),
('319','9','20160101','100','20170922101620_9_20160101_heli.7z','1','1506046580',''),
('332','9','20160115','90','20170922101656_9_20160115_li.7z','1','1506046616',''),
('328','9','20160110','80','20170921090042_9_20160110_juxijuan.aep','1','1505957384',''),
('371','9','20160158','100','20170922101814_9_20160158_zhangyali.zip','1','1506046694',''),
('333','9','20160116','100','20170922102825_9_20160116_caoyalong.zip','1','1506047305',''),
('334','9','20160117','100','20170922102738_9_20160117_zhuningning.zip','1','1506047258',''),
('335','9','20160118','100','20170921090042_9_20160118_zhuhaiyan.zip','1','1505957262',''),
('336','9','20160119','100','20170922101804_9_20160119_fanlong.zip','1','1506046684',''),
('337','9','20160120','100','20170921090042_9_20160120_wenhuan.zip','1','1505956886',''),
('344','9','20160128','100','20170922101700_9_20160128_zhangpengjie.zip','1','1506046620',''),
('340','9','20160124','100','20170921090042_9_20160124_wangchunfeng.rar','1','1505958002',''),
('341','9','20160125','80','20170922101700_9_20160125_wangpeng.zip','1','1506046620',''),
('339','9','20160123','70','20170921090042_9_20160123_wang.aep','1','1505957923',''),
('362','9','20160147','100','20170922101659_9_20160147_wangjuan.zip','1','1506046619',''),
('360','9','20160145','100','20170921090042_9_20160145_wanghaiyan.rar','1','1505958285',''),
('369','9','20160155','90','20170921090042_9_20160155_yangqin.zip','1','1505957442',''),
('351','9','20160135','80','20170922101601_9_20160135_jingxiuying.zip','1','1506046561',''),
('352','9','20160136','100','20170922101816_9_20160136_jingyalin.zip','1','1506046696',''),
('347','9','20160131','70','20170921090042_9_20160131_lujinli.rar','1','1505958176',''),
('348','9','20160132','80','20170921090042_9_20160132_caorongfei.7z','1','1505958290',''),
('349','9','20160133','100','20170921090042_9_20160133_fujinmei.zip','1','1505957414',''),
('356','9','20160140','70','20170921090042_9_20160140_liangxingfa.aep','1','1505957238',''),
('357','9','20160142','100','20170921090042_9_20160142_lvmeng.zip','1','1505958673',''),
('358','9','20160143','90','20170921090042_9_20160143_lvshaodong.zip','1','1505957558',''),
('355','9','20160139','100','20170922101709_9_20160139_lixiaoxue.rar','1','1506046629',''),
('367','9','20160153','60','20170921090042_9_20160153_xiehongli.zip','1','1505958155',''),
('425','11','20160101','100','20170922104040_11_20160101_heli.7z','1','1506048040',''),
('426','11','20160102','100','20170922104328_11_20160102_chouxiaomei.zip','1','1506048208',''),
('427','11','20160103','90','20170922103645_11_20160103_liuweili.zip','1','1506047805',''),
('428','11','20160104','100','20170922104055_11_20160104_liufaqiang.7z','1','1506048055',''),
('429','11','20160105','90','20170922103945_11_20160105_liu.zip','1','1506047985',''),
('430','11','20160106','80','20170922104351_11_20160106_kouzifang.rar','1','1506048231',''),
('431','11','20160107','100','20170922103227_11_20160107_zhoushiying.zip','1','1506047547',''),
('432','11','20160108','100','20170922103939_11_20160108_shangyujiao.zip','1','1506047979',''),
('433','11','20160109','90','20170922103740_11_20160109_yuexiaole.zip','1','1506047860',''),
('434','11','20160110','70','20170922104816_11_20160110_juxijuan.zip','1','1506048496',''),
('435','11','20160111','100','20170922104510_11_20160111_zhangwei.zip','1','1506048310',''),
('436','11','20160112','100','20170922103841_11_20160112_zhangwenjun.7z','1','1506047921',''),
('437','11','20160114','100','20170922104031_11_20160114_zhanghongyan.rar','1','1506048031',''),
('438','11','20160115','80','20170922103828_11_20160115_li.7z','1','1506047908',''),
('439','11','20160116','100','20170922111245_11_20160116_caoyalong.zip','1','1506049965',''),
('440','11','20160117','100','20170922111959_11_20160117_zhuningning.zip','1','1506050399',''),
('441','11','20160118','100','20170922104508_11_20160118_zhuhaiyan.zip','1','1506048308',''),
('442','11','20160119','100','20170922103640_11_20160119_fanlong.zip','1','1506047800',''),
('443','11','20160120','100','20170922103326_11_20160120_wenhuan.zip','1','1506047606',''),
('444','11','20160122','100','20170922104700_11_20160122_wanglina.avi','1','1506048424',''),
('445','11','20160123','70','20170922113015_11_20160123_wang.aep','1','1506051015',''),
('446','11','20160124','90','20170922103356_11_20160124_wangchunfeng.zip','1','1506047636',''),
('447','11','20160125','80','20170922112241_11_20160125_wangpeng.zip','1','1506050561',''),
('448','11','20160126','80','20170922113827_11_20160126_baiwenli.7z','1','1506051507',''),
('449','11','20160127','80','20170922104341_11_20160127_zhangwenpei.avi','1','1506048223',''),
('450','11','20160128','100','20170922103829_11_20160128_zhangpengjie.zip','1','1506047909',''),
('451','11','20160129','100','20170922103215_11_20160129_huyajun.zip','1','1506047535',''),
('452','11','20160130','50','20170922112238_11_20160130_xue.zip','1','1506050558',''),
('453','11','20160131','80','20170922104250_11_20160131_lujinli.zip','1','1506048171',''),
('454','11','20160132','100','20170922113311_11_20160132_caorongfei.zip','1','1506051191',''),
('455','11','20160133','70','20170922105740_11_20160133_fujinmei.zip','1','1506049060',''),
('456','11','20160134','100','20170922104129_11_20160134_guohongyan.zip','1','1506048089',''),
('457','11','20160135','100','20170922104522_11_20160135_jingxiuying.zip','1','1506048322',''),
('458','11','20160136','100','20170922103853_11_20160136_jingyalin.zip','1','1506047933',''),
('459','11','20160137','90','20170922104154_11_20160137_leimiao.rar','1','1506048115',''),
('460','11','20160138','100','20170922104302_11_20160138_lirui.zip','1','1506048182',''),
('461','11','20160139','100','20170922103538_11_20160139_lixiaoxue.rar','1','1506047739',''),
('462','11','20160140','60','20170922105252_11_20160140_liangxingfa.zip','1','1506048772',''),
('463','11','20160142','100','20170922104318_11_20160142_lvmeng.zip','1','1506048198',''),
('464','11','20160143','100','20170922103858_11_20160143_lvshaodong.zip','1','1506047938',''),
('465','11','20160144','90','20170922103634_11_20160144_lvxiaoli.rar','1','1506047794',''),
('466','11','20160145','80','20170922110314_11_20160145_wanghaiyan.zip','1','1506049394',''),
('467','11','20160146','100','20170922104634_11_20160146_wanghongjuan.zip','1','1506048394',''),
('468','11','20160147','100','20170922103633_11_20160147_wangjuan.rar','1','1506047793',''),
('469','11','20160148','90','20170922104914_11_20160148_wangxiaowei.zip','1','1506048554',''),
('470','11','20160149','100','20170922103518_11_20160149_wangxiaoxia.zip','1','1506047718',''),
('471','11','20160150','90','20170922103724_11_20160150_wangyan.zip','1','1506047845',''),
('472','11','20160152','100','20170922103633_11_20160152_weiyanning.7z','1','1506047794',''),
('473','11','20160153','70','20170922105102_11_20160153_xiehongli.zip','1','1506048662',''),
('474','11','20160154','70','20170922111506_11_20160154_xin.aep','1','1506050106',''),
('475','11','20160155','100','20170922105122_11_20160155_yangqin.zip','1','1506048682',''),
('476','11','20160156','100','20170922105144_11_20160156_zhouxinyan.zip','1','1506048704',''),
('477','11','20160158','100','20170922104902_11_20160158_zhangyali.zip','1','1506048542',''),
('478','12','20160101','100','20170922112644_12_20160101_heli.7z','1','1506050804',''),
('479','12','20160102','100','20170922112836_12_20160102_chouxiaomei.zip','1','1506050916',''),
('480','12','20160103','90','20170922112453_12_20160103_liuweili.zip','1','1506050693',''),
('481','12','20160104','100','20170922111424_12_20160104_liufaqiang.7z','1','1506050064',''),
('482','12','20160105','90','20170922111819_12_20160105_liu.zip','1','1506050299',''),
('483','12','20160106','80','20170922113523_12_20160106_kouzifang.rar','1','1506051323',''),
('484','12','20160107','90','20170925103119_12_20160107_zhoushiying.zip','1','1506306679',''),
('485','12','20160108','90','20170922112129_12_20160108_shangyujiao.zip','1','1506050489',''),
('486','12','20160109','70','20170922113152_12_20160109_yuexiaole.zip','1','1506051112',''),
('487','12','20160110','70','20170922112456_12_20160110_juxijuan.zip','1','1506050696',''),
('488','12','20160111','100','20170922112100_12_20160111_zhangwei.zip','1','1506050460',''),
('489','12','20160112','100','20170922112949_12_20160112_zhangwenjun.7z','1','1506050989',''),
('490','12','20160114','100','20170922114735_12_20160114_zhanghongyan.rar','1','1506052055',''),
('491','12','20160115','90','20170922112838_12_20160115_li.7z','1','1506050918',''),
('492','12','20160116','100','20170922111918_12_20160116_caoyalong.zip','1','1506050358',''),
('493','12','20160117','100','20170922112020_12_20160117_zhuningning.zip','1','1506050420',''),
('494','12','20160118','100','20170922114012_12_20160118_zhuhaiyan.zip','1','1506051612',''),
('495','12','20160119','100','20170922114231_12_20160119_fanlong.zip','1','1506051751',''),
('496','12','20160120','100','20170922112123_12_20160120_wenhuan.zip','1','1506050483',''),
('497','12','20160122','100','20170922113651_12_20160122_wanglina.avi','1','1506051412',''),
('498','12','20160123','70','20170925112223_12_20160123_wang.aep','1','1506309743',''),
('499','12','20160124','80','20170922110712_12_20160124_wangchunfeng.zip','1','1506049632',''),
('500','12','20160125','80','20170922112806_12_20160125_wangpeng.zip','1','1506050886',''),
('501','12','20160126','80','20170922115006_12_20160126_baiwenli.7z','1','1506052206',''),
('502','12','20160127','90','20170922113852_12_20160127_zhangwenpei.zip','1','1506051532',''),
('503','12','20160128','90','20170922111242_12_20160128_zhangpengjie.zip','1','1506049962',''),
('504','12','20160129','100','20170922112824_12_20160129_huyajun.zip','1','1506050904',''),
('505','12','20160130','60','20170922114850_12_20160130_xue.7z','1','1506052130',''),
('506','12','20160131','80','20170922112957_12_20160131_lujinli.zip','1','1506050997',''),
('507','12','20160132','100','20170922113327_12_20160132_caorongfei.zip','1','1506051207',''),
('508','12','20160133','100','20170925105305_12_20160133_fujinmei.zip','1','1506307985',''),
('509','12','20160134','100','20170922111806_12_20160134_guohongyan.zip','1','1506050286',''),
('510','12','20160135','100','20170922112314_12_20160135_jingxiuying.rar','1','1506050594',''),
('511','12','20160136','80','20170922112544_12_20160136_jingyalin.rar','1','1506050744',''),
('512','12','20160137','100','20170922111845_12_20160137_leimiao.rar','1','1506050325',''),
('513','12','20160138','100','20170922111419_12_20160138_lirui.zip','1','1506050059',''),
('514','12','20160139','70','20170922113338_12_20160139_lixiaoxue.rar','1','1506051218',''),
('515','12','20160140','70','20170922112337_12_20160140_liangxingfa.zip','1','1506050617',''),
('516','12','20160142','100','20170925105515_12_20160142_lvmeng.rar','1','1506308115',''),
('517','12','20160143','100','20170922111927_12_20160143_lvshaodong.zip','1','1506050367',''),
('518','12','20160144','80','20170922113136_12_20160144_lvxiaoli.rar','1','1506051096',''),
('519','12','20160145','80','20170922113242_12_20160145_wanghaiyan.zip','1','1506051162',''),
('520','12','20160146','100','20170922112124_12_20160146_wanghongjuan.zip','1','1506050484',''),
('521','12','20160147','100','20170922111910_12_20160147_wangjuan.zip','1','1506050350',''),
('522','12','20160148','100','20170922113331_12_20160148_wangxiaowei.zip','1','1506051211',''),
('523','12','20160149','100','20170922112327_12_20160149_wangxiaoxia.zip','1','1506050607',''),
('524','12','20160150','90','20170922112413_12_20160150_wangyan.zip','1','1506050653',''),
('525','12','20160152','100','20170922112241_12_20160152_weiyanning.7z','1','1506050561',''),
('526','12','20160153','70','20170925104541_12_20160153_xiehongli.zip','1','1506307541',''),
('527','12','20160154','100','20171010095227_12_20160154_xin.zip','1','1507600347',''),
('528','12','20160155','100','20170922112739_12_20160155_yangqin.zip','1','1506050859',''),
('529','12','20160156','100','20170922112541_12_20160156_zhouxinyan.zip','1','1506050741',''),
('530','12','20160158','100','20170922112029_12_20160158_zhangyali.zip','1','1506050429',''),
('531','13','20160101','100','20170922113437_13_20160101_heli.7z','1','1506051277',''),
('532','13','20160102','100','20170922114424_13_20160102_chouxiaomei.zip','1','1506051864',''),
('533','13','20160103','90','20170922112548_13_20160103_liuweili.zip','1','1506050748',''),
('534','13','20160104','100','20170922112320_13_20160104_liufaqiang.7z','1','1506050600',''),
('535','13','20160105','90','20170922112654_13_20160105_liu.zip','1','1506050814',''),
('536','13','20160106','80','20170922113427_13_20160106_kouzifang.rar','1','1506051267',''),
('537','13','20160107','100','20170922112017_13_20160107_zhoushiying.zip','1','1506050417',''),
('538','13','20160108','100','20170922112902_13_20160108_shangyujiao.zip','1','1506050943',''),
('539','13','20160109','70','20170922112145_13_20160109_yuexiaole.zip','1','1506050505',''),
('540','13','20160110','70','20170922113122_13_20160110_juxijuan.zip','1','1506051083',''),
('541','13','20160111','100','20170922112943_13_20160111_zhangwei.zip','1','1506050983',''),
('542','13','20160112','100','20170922113907_13_20160112_zhangwenjun.7z','1','1506051547',''),
('543','13','20160114','100','20170922113538_13_20160114_zhanghongyan.rar','1','1506051338',''),
('544','13','20160115','90','20170922113659_13_20160115_li.7z','1','1506051419',''),
('545','13','20160116','100','20170922112929_13_20160116_caoyalong.zip','1','1506050970',''),
('546','13','20160117','100','20170922112709_13_20160117_zhuningning.zip','1','1506050829',''),
('547','13','20160118','100','20170922112920_13_20160118_zhuhaiyan.zip','1','1506050961',''),
('548','13','20160119','100','20170922113530_13_20160119_fanlong.7z','1','1506051330',''),
('549','13','20160120','100','20170922112612_13_20160120_wenhuan.zip','1','1506050772',''),
('550','13','20160122','100','20170922112445_13_20160122_wanglina.aep','1','1506050685',''),
('551','13','20160123','70','20170925114017_13_20160123_wang.aep','1','1506310817',''),
('552','13','20160124','90','20170922112112_13_20160124_wangchunfeng.zip','1','1506050472',''),
('553','13','20160125','80','20170922112816_13_20160125_wangpeng.zip','1','1506050897',''),
('554','13','20160126','80','20170922113848_13_20160126_baiwenli.zip','1','1506051529',''),
('555','13','20160127','100','20170922114034_13_20160127_zhangwenpei.zip','1','1506051635',''),
('556','13','20160128','90','20170922112131_13_20160128_zhangpengjie.zip','1','1506050491',''),
('557','13','20160129','100','20170922112811_13_20160129_huyajun.zip','1','1506050891',''),
('558','13','20160130','50','20170922113420_13_20160130_xue.zip','1','1506051260',''),
('559','13','20160131','90','20170922114426_13_20160131_lujinli.zip','1','1506051866',''),
('560','13','20160132','100','20170922113338_13_20160132_caorongfei.zip','1','1506051218',''),
('561','13','20160133','10','20170922113438_13_20160133_fujinmei.zip','1','1506051278',''),
('562','13','20160134','100','20170922113201_13_20160134_guohongyan.zip','1','1506051121',''),
('563','13','20160135','100','20170922113424_13_20160135_jingxiuying.rar','1','1506051264',''),
('564','13','20160136','90','20170922112802_13_20160136_jingyalin.zip','1','1506050882',''),
('565','13','20160137','100','20170922113306_13_20160137_leimiao.rar','1','1506051186',''),
('566','13','20160138','100','20170922112242_13_20160138_lirui.zip','1','1506050562',''),
('567','13','20160139','100','20170922112348_13_20160139_lixiaoxue.rar','1','1506050628',''),
('568','13','20160140','70','20170922113032_13_20160140_liangxingfa.zip','1','1506051032',''),
('569','13','20160142','100','20170922114604_13_20160142_lvmeng.zip','1','1506051964',''),
('570','13','20160143','100','20170922113005_13_20160143_lvshaodong.zip','1','1506051005',''),
('571','13','20160144','80','20170922113941_13_20160144_lvxiaoli.rar','1','1506051581',''),
('572','13','20160145','100','20170922113201_13_20160145_wanghaiyan.zip','1','1506051121',''),
('573','13','20160146','90','20170922113016_13_20160146_wanghongjuan.zip','1','1506051016',''),
('574','13','20160147','100','20170922113042_13_20160147_wangjuan.zip','1','1506051042',''),
('575','13','20160148','100','20170922114305_13_20160148_wangxiaowei.zip','1','1506051786',''),
('576','13','20160149','100','20170922113357_13_20160149_wangxiaoxia.zip','1','1506051237',''),
('577','13','20160150','90','20170922113023_13_20160150_wangyan.zip','1','1506051023',''),
('578','13','20160152','90','20170922113117_13_20160152_weiyanning.zip','1','1506051077',''),
('579','13','20160153','80','20170922113337_13_20160153_xiehongli.zip','1','1506051217',''),
('580','13','20160154','100','20170925114210_13_20160154_xin.zip','1','1506310930',''),
('581','13','20160155','100','20170922114431_13_20160155_yangqin.zip','1','1506051871',''),
('582','13','20160156','100','20170922113352_13_20160156_zhouxinyan.zip','1','1506051232',''),
('583','13','20160158','100','20170922113006_13_20160158_zhangyali.zip','1','1506051006',''),
('584','14','20160101','100','20170925103611_14_20160101_heli.7z','1','1506306971',''),
('585','14','20160102','100','20170925104207_14_20160102_chouxiaomei.zip','1','1506307327',''),
('586','14','20160103','90','20170925104156_14_20160103_liuweili.zip','1','1506307316',''),
('587','14','20160104','100','20170925104503_14_20160104_liufaqiang.7z','1','1506307503',''),
('588','14','20160105','80','20170925103441_14_20160105_liu.zip','1','1506306881',''),
('589','14','20160106','80','20170925104118_14_20160106_kouzifang.rar','1','1506307278',''),
('590','14','20160107','50','20170925103806_14_20160107_zhoushiying.zip','1','1506307086',''),
('591','14','20160108','90','20170925104006_14_20160108_shangyujiao.zip','1','1506307206',''),
('592','14','20160109','70','20170925104350_14_20160109_yuexiaole.zip','1','1506307430',''),
('593','14','20160110','70','20170925104909_14_20160110_juxijuan.zip','1','1506307749',''),
('594','14','20160111','100','20170925104500_14_20160111_zhangwei.zip','1','1506307500',''),
('595','14','20160112','100','20170925103245_14_20160112_zhangwenjun.7z','1','1506306765',''),
('596','14','20160114','90','20170925105908_14_20160114_zhanghongyan.zip','1','1506308348',''),
('597','14','20160115','90','20170925103408_14_20160115_li.7z','1','1506306848',''),
('598','14','20160116','100','20170925104651_14_20160116_caoyalong.zip','1','1506307611',''),
('599','14','20160117','100','20170925104529_14_20160117_zhuningning.zip','1','1506307529',''),
('600','14','20160118','100','20170925104307_14_20160118_zhuhaiyan.zip','1','1506307387',''),
('601','14','20160119','100','20170925103325_14_20160119_fanlong.zip','1','1506306805',''),
('602','14','20160120','100','20170925103241_14_20160120_wenhuan.zip','1','1506306761',''),
('603','14','20160122','90','20170925110154_14_20160122_wanglina.aep','1','1506308514',''),
('604','14','20160123','70','20170925110224_14_20160123_wang.avi','1','1506308544',''),
('605','14','20160124','90','20170925103505_14_20160124_wangchunfeng.zip','1','1506306905',''),
('606','14','20160125','80','20170925103603_14_20160125_wangpeng.zip','1','1506306963',''),
('607','14','20160126','80','20170925104908_14_20160126_baiwenli.zip','1','1506307748',''),
('608','14','20160127','100','20170925104250_14_20160127_zhangwenpei.zip','1','1506307370',''),
('609','14','20160128','100','20170925103300_14_20160128_zhangpengjie.zip','1','1506306780',''),
('610','14','20160129','100','20170925103424_14_20160129_huyajun.zip','1','1506306864',''),
('611','14','20160130','60','20170925104618_14_20160130_xue.zip','1','1506307578',''),
('612','14','20160131','80','20170925105000_14_20160131_lujinli.zip','1','1506307800',''),
('613','14','20160132','100','20170925105131_14_20160132_caorongfei.zip','1','1506307891',''),
('614','14','20160133','70','20170925104943_14_20160133_fujinmei.zip','1','1506307783',''),
('615','14','20160134','100','20170925104002_14_20160134_guohongyan.zip','1','1506307202',''),
('616','14','20160135','100','20170925103704_14_20160135_jingxiuying.zip','1','1506307024',''),
('617','14','20160136','80','20170925103522_14_20160136_jingyalin.zip','1','1506306922',''),
('618','14','20160137','100','20170925103430_14_20160137_leimiao.avi','1','1506306870',''),
('619','14','20160138','100','20170925104106_14_20160138_lirui.zip','1','1506307266',''),
('620','14','20160139','100','20170925103200_14_20160139_lixiaoxue.rar','1','1506306720',''),
('621','14','20160140','70','20170925104857_14_20160140_liangxingfa.zip','1','1506307737',''),
('622','14','20160142','100','20170925104153_14_20160142_lvmeng.zip','1','1506307313',''),
('623','14','20160143','100','20170925104201_14_20160143_lvshaodong.zip','1','1506307321',''),
('624','14','20160144','80','20170925104113_14_20160144_lvxiaoli.rar','1','1506307273',''),
('625','14','20160145','100','20170925105119_14_20160145_wanghaiyan.rar','1','1506307879',''),
('626','14','20160146','100','20170925104502_14_20160146_wanghongjuan.zip','1','1506307502',''),
('627','14','20160147','100','20170925104212_14_20160147_wangjuan.zip','1','1506307332',''),
('628','14','20160148','90','20170925104057_14_20160148_wangxiaowei.zip','1','1506307257',''),
('629','14','20160149','100','20170925103341_14_20160149_wangxiaoxia.zip','1','1506306821',''),
('630','14','20160150','90','20170925104607_14_20160150_wangyan.zip','1','1506307568',''),
('631','14','20160152','90','20170925104307_14_20160152_weiyanning.zip','1','1506307387',''),
('632','14','20160153','70','20170925104344_14_20160153_xiehongli.rar','1','1506307424',''),
('633','14','20160154','100','20170925113849_14_20160154_xin.zip','1','1506310729',''),
('634','14','20160155','90','20170925104258_14_20160155_yangqin.zip','1','1506307378',''),
('635','14','20160156','100','20170925105429_14_20160156_zhouxinyan.zip','1','1506308069',''),
('636','14','20160158','100','20170925104023_14_20160158_zhangyali.zip','1','1506307223',''),
('637','15','20160101','100','20170925113420_15_20160101_heli.7z','1','1506310460',''),
('638','15','20160102','100','20170925112815_15_20160102_chouxiaomei.aep','1','1506310095',''),
('639','15','20160103','90','20170925113308_15_20160103_liuweili.zip','1','1506310388',''),
('640','15','20160104','100','20170925113423_15_20160104_liufaqiang.aep','1','1506310463',''),
('641','15','20160105','90','20170925112752_15_20160105_liu.zip','1','1506310072',''),
('642','15','20160106','80','20170925112840_15_20160106_kouzifang.rar','1','1506310120',''),
('643','15','20160107','90','20170925112528_15_20160107_zhoushiying.zip','1','1506309928',''),
('644','15','20160108','90','20170925113947_15_20160108_shangyujiao.zip','1','1506310788',''),
('645','15','20160109','80','20170925113010_15_20160109_yuexiaole.zip','1','1506310211',''),
('646','15','20160110','70','20170925113524_15_20160110_juxijuan.zip','1','1506310524',''),
('647','15','20160111','100','20170925113237_15_20160111_zhangwei.zip','1','1506310357',''),
('648','15','20160112','100','20170925113032_15_20160112_zhangwenjun.zip','1','1506310232',''),
('649','15','20160114','90','20170925112839_15_20160114_zhanghongyan.rar','1','1506310119',''),
('650','15','20160115','100','20170925113143_15_20160115_li.zip','1','1506310304',''),
('651','15','20160116','100','20170925112727_15_20160116_caoyalong.zip','1','1506310047',''),
('652','15','20160117','100','20170925113000_15_20160117_zhuningning.zip','1','1506310200',''),
('653','15','20160118','100','20170925113753_15_20160118_zhuhaiyan.zip','1','1506310673',''),
('654','15','20160119','100','20170925114007_15_20160119_fanlong.zip','1','1506310807',''),
('655','15','20160120','70','20170925114114_15_20160120_wenhuan.zip','1','1506310874',''),
('656','15','20160122','100','20170925112845_15_20160122_wanglina.rar','1','1506310125',''),
('657','15','20160123','70','20170925114729_15_20160123_wang.aep','1','1506311249',''),
('658','15','20160124','100','20170925113028_15_20160124_wangchunfeng.zip','1','1506310228',''),
('659','15','20160125','80','20170925112514_15_20160125_wangpeng.zip','1','1506309914',''),
('660','15','20160126','80','20170925112946_15_20160126_baiwenli.zip','1','1506310186',''),
('661','15','20160127','90','20170925113155_15_20160127_zhangwenpei.zip','1','1506310315',''),
('662','15','20160128','100','20170925113345_15_20160128_zhangpengjie.zip','1','1506310425',''),
('663','15','20160129','100','20170925112245_15_20160129_huyajun.zip','1','1506309765',''),
('664','15','20160130','60','20170925113415_15_20160130_xue.7z','1','1506310455',''),
('665','15','20160131','80','20170925114014_15_20160131_lujinli.rar','1','1506310814',''),
('666','15','20160132','100','20170925113515_15_20160132_caorongfei.zip','1','1506310515',''),
('667','15','20160133','70','20170925113555_15_20160133_fujinmei.rar','1','1506310555',''),
('668','15','20160134','100','20170925113125_15_20160134_guohongyan.zip','1','1506310285',''),
('669','15','20160135','100','20170925113226_15_20160135_jingxiuying.zip','1','1506310346',''),
('670','15','20160136','90','20170925112840_15_20160136_jingyalin.zip','1','1506310120',''),
('671','15','20160137','70','20170925113147_15_20160137_leimiao.rar','1','1506310307',''),
('672','15','20160138','100','20170925113348_15_20160138_lirui.zip','1','1506310429',''),
('673','15','20160139','100','20170925112758_15_20160139_lixiaoxue.rar','1','1506310078',''),
('674','15','20160140','70','20170925113433_15_20160140_liangxingfa.zip','1','1506310473',''),
('675','15','20160142','100','20170925113323_15_20160142_lvmeng.zip','1','1506310404',''),
('676','15','20160143','100','20170925112813_15_20160143_lvshaodong.zip','1','1506310093',''),
('677','15','20160144','80','20170925113044_15_20160144_lvxiaoli.rar','1','1506310244',''),
('678','15','20160145','100','20170925113719_15_20160145_wanghaiyan.rar','1','1506310639',''),
('679','15','20160146','100','20170925113305_15_20160146_wanghongjuan.aep','1','1506310385',''),
('680','15','20160147','100','20170925113337_15_20160147_wangjuan.rar','1','1506310417',''),
('681','15','20160148','100','20170925114519_15_20160148_wangxiaowei.aep','1','1506311119',''),
('682','15','20160149','100','20170925113130_15_20160149_wangxiaoxia.zip','1','1506310290',''),
('683','15','20160150','100','20170925113851_15_20160150_wangyan.zip','1','1506310731',''),
('684','15','20160152','90','20170925113126_15_20160152_weiyanning.rar','1','1506310286',''),
('685','15','20160153','100','20170925113814_15_20160153_xiehongli.zip','1','1506310696',''),
('686','15','20160154','70','20170928083252_15_20160154_xin.aep','1','1506558772',''),
('687','15','20160155','100','20170925114428_15_20160155_yangqin.aep','1','1506311068',''),
('688','15','20160156','100','20171023082503_15_20160156_zhouxinyan.zip','1','1508718303',''),
('689','15','20160158','100','20170925113551_15_20160158_zhangyali.zip','1','1506310551',''),
('690','16','20160101','100','20170928085149_16_20160101_heli.7z','1','1506559909',''),
('691','16','20160102','100','20171009111615_16_20160102_chouxiaomei.zip','1','1507518977',''),
('692','16','20160103','90','20170928084624_16_20160103_liuweili.zip','1','1506559584',''),
('693','16','20160104','100','20170928090110_16_20160104_liufaqiang.7z','1','1506560471',''),
('694','16','20160105','100','20170928083536_16_20160105_liu.zip','1','1506558936',''),
('695','16','20160106','70','20170928085539_16_20160106_kouzifang.rar','1','1506560139',''),
('696','16','20160107','100','20170928084327_16_20160107_zhoushiying.zip','1','1506559408',''),
('697','16','20160108','100','20170928084826_16_20160108_shangyujiao.zip','1','1506559707',''),
('698','16','20160109','80','20170928084727_16_20160109_yuexiaole.zip','1','1506559648',''),
('699','16','20160110','100','20170928090800_16_20160110_juxijuan.zip','1','1506560884',''),
('700','16','20160111','100','20170928085252_16_20160111_zhangwei.zip','1','1506559973',''),
('701','16','20160112','100','20170928085137_16_20160112_zhangwenjun.zip','1','1506559898',''),
('702','16','20160114','100','20170928084938_16_20160114_zhanghongyan.rar','1','1506559779',''),
('703','16','20160115','100','20170928084900_16_20160115_li.7z','1','1506559740',''),
('704','16','20160116','100','20170928085836_16_20160116_caoyalong.zip','1','1506560317',''),
('705','16','20160117','100','20170928085731_16_20160117_zhuningning.zip','1','1506560252',''),
('706','16','20160118','100','20170928084252_16_20160118_zhuhaiyan.zip','1','1506559374',''),
('707','16','20160119','100','20170928085655_16_20160119_fanlong.zip','1','1506560216',''),
('708','16','20160120','100','20170928084100_16_20160120_wenhuan.zip','1','1506559261',''),
('709','16','20160122','100','20170928085028_16_20160122_wanglina.rar','1','1506559828',''),
('710','16','20160123','90','20170928090042_16_20160123_wang.aep','1','1506560442',''),
('711','16','20160124','100','20170928084234_16_20160124_wangchunfeng.zip','1','1506559355',''),
('712','16','20160125','80','20170928085956_16_20160125_wangpeng.zip','1','1506560396',''),
('713','16','20160126','80','20170928085029_16_20160126_baiwenli.zip','1','1506559829',''),
('714','16','20160127','100','20170928085546_16_20160127_zhangwenpei.zip','1','1506560147',''),
('715','16','20160128','100','20170928085215_16_20160128_zhangpengjie.zip','1','1506559935',''),
('716','16','20160129','100','20170928084349_16_20160129_huyajun.zip','1','1506559433',''),
('717','16','20160130','60','20170928090710_16_20160130_xue.7z','1','1506560830',''),
('718','16','20160131','90','20170928090534_16_20160131_lujinli.zip','1','1506560735',''),
('719','16','20160132','100','20170928090514_16_20160132_caorongfei.zip','1','1506560715',''),
('720','16','20160133','90','20170928091318_16_20160133_fujinmei.zip','1','1506561199',''),
('721','16','20160134','100','20170928085305_16_20160134_guohongyan.zip','1','1506559986',''),
('722','16','20160135','90','20170928090208_16_20160135_jingxiuying.rar','1','1506560531',''),
('723','16','20160136','100','20170928084812_16_20160136_jingyalin.zip','1','1506559693',''),
('724','16','20160137','80','20170928084712_16_20160137_leimiao.rar','1','1506559632',''),
('725','16','20160138','100','20170928084038_16_20160138_lirui.zip','1','1506559238',''),
('726','16','20160139','100','20170928084208_16_20160139_lixiaoxue.rar','1','1506559329',''),
('727','16','20160140','70','20170928090940_16_20160140_liangxingfa.zip','1','1506560980',''),
('728','16','20160142','100','20170928085024_16_20160142_lvmeng.zip','1','1506559824',''),
('729','16','20160143','100','20170928085100_16_20160143_lvshaodong.zip','1','1506559861',''),
('730','16','20160144','80','20170928085222_16_20160144_lvxiaoli.rar','1','1506559943',''),
('731','16','20160145','100','20170928091450_16_20160145_wanghaiyan.zip','1','1506561291',''),
('732','16','20160146','100','20170928085948_16_20160146_wanghongjuan.zip','1','1506560389',''),
('733','16','20160147','100','20170928091755_16_20160147_wangjuan.zip','1','1506561476',''),
('734','16','20160148','100','20170928091031_16_20160148_wangxiaowei.zip','1','1506561032',''),
('735','16','20160149','100','20170928084040_16_20160149_wangxiaoxia.zip','1','1506559240',''),
('736','16','20160150','100','20170928085332_16_20160150_wangyan.zip','1','1506560013',''),
('737','16','20160152','90','20170928085041_16_20160152_weiyanning.7z','1','1506559842',''),
('738','16','20160153','90','20170928090136_16_20160153_xiehongli.zip','1','1506560498',''),
('739','16','20160154','70','20170928084759_16_20160154_xin.aep','1','1506559679',''),
('740','16','20160155','90','20170928090949_16_20160155_yangqin.zip','1','1506560991',''),
('741','16','20160156','100','20170928085828_16_20160156_zhouxinyan.zip','1','1506560309',''),
('742','16','20160158','100','20170928090027_16_20160158_zhangyali.zip','1','1506560428',''),
('743','17','20160101','100','20170928085117_17_20160101_heli.7z','1','1506559877',''),
('744','17','20160102','100','20171009111642_17_20160102_chouxiaomei.zip','1','1507519002',''),
('745','17','20160103','90','20170928084546_17_20160103_liuweili.zip','1','1506559547',''),
('746','17','20160104','100','20170928090138_17_20160104_liufaqiang.7z','1','1506560498',''),
('747','17','20160105','80','20170928084452_17_20160105_liu.zip','1','1506559492',''),
('748','17','20160106','80','20170928085609_17_20160106_kouzifang.rar','1','1506560169',''),
('749','17','20160107','100','20170928084346_17_20160107_zhoushiying.zip','1','1506559427',''),
('750','17','20160108','100','20170928084803_17_20160108_shangyujiao.zip','1','1506559684',''),
('751','17','20160109','80','20170928084744_17_20160109_yuexiaole.zip','1','1506559664',''),
('752','17','20160110','100','20170928091005_17_20160110_juxijuan.zip','1','1506561005',''),
('753','17','20160111','100','20170928085331_17_20160111_zhangwei.zip','1','1506560012',''),
('754','17','20160112','100','20170928085247_17_20160112_zhangwenjun.zip','1','1506559968',''),
('755','17','20160114','100','20170928084955_17_20160114_zhanghongyan.rar','1','1506559795',''),
('756','17','20160115','100','20170928085011_17_20160115_li.7z','1','1506559811',''),
('757','17','20160116','90','20170928085800_17_20160116_caoyalong.zip','1','1506560281',''),
('758','17','20160117','100','20170928085310_17_20160117_zhuningning.zip','1','1506559991',''),
('759','17','20160118','100','20170928085350_17_20160118_zhuhaiyan.zip','1','1506560031',''),
('760','17','20160119','100','20170928085635_17_20160119_fanlong.zip','1','1506560195',''),
('761','17','20160120','100','20170928091534_17_20160120_wenhuan.7z','1','1506561334',''),
('762','17','20160122','100','20170928085044_17_20160122_wanglina.rar','1','1506559845',''),
('763','17','20160123','80','20170928090131_17_20160123_wang.aep','1','1506560491',''),
('764','17','20160124','100','20170928085427_17_20160124_wangchunfeng.zip','1','1506560068',''),
('765','17','20160125','90','20170928085929_17_20160125_wangpeng.zip','1','1506560370',''),
('766','17','20160126','80','20170928085057_17_20160126_baiwenli.zip','1','1506559857',''),
('767','17','20160127','100','20170928085705_17_20160127_zhangwenpei.zip','1','1506560226',''),
('768','17','20160128','100','20170928085156_17_20160128_zhangpengjie.zip','1','1506559916',''),
('769','17','20160129','100','20170928085012_17_20160129_huyajun.7z','1','1506559812',''),
('770','17','20160130','60','20170928090418_17_20160130_xue.7z','1','1506560658',''),
('771','17','20160131','80','20170928091703_17_20160131_lujinli.zip','1','1506561423',''),
('772','17','20160132','100','20170928090536_17_20160132_caorongfei.zip','1','1506560737',''),
('773','17','20160133','100','20170928091450_17_20160133_fujinmei.zip','1','1506561291',''),
('774','17','20160134','100','20170928091612_17_20160134_guohongyan.zip','1','1506561373',''),
('775','17','20160135','100','20170928090241_17_20160135_jingxiuying.zip','1','1506560561',''),
('776','17','20160136','80','20170928085410_17_20160136_jingyalin.rar','1','1506560050',''),
('777','17','20160137','100','20170928084734_17_20160137_leimiao.rar','1','1506559654',''),
('778','17','20160138','100','20170928084753_17_20160138_lirui.zip','1','1506559674',''),
('779','17','20160139','100','20170928084225_17_20160139_lixiaoxue.rar','1','1506559346',''),
('780','17','20160140','70','20170928090956_17_20160140_liangxingfa.aep','1','1506560996',''),
('781','17','20160142','100','20170928090724_17_20160142_lvmeng.zip','1','1506560845',''),
('782','17','20160143','100','20170928085036_17_20160143_lvshaodong.zip','1','1506559837',''),
('783','17','20160144','80','20170928085244_17_20160144_lvxiaoli.rar','1','1506559964',''),
('784','17','20160145','100','20170928091632_17_20160145_wanghaiyan.zip','1','1506561393',''),
('785','17','20160146','100','20170928090014_17_20160146_wanghongjuan.zip','1','1506560416',''),
('786','17','20160147','100','20170928091823_17_20160147_wangjuan.zip','1','1506561512',''),
('787','17','20160148','100','20170928091100_17_20160148_wangxiaowei.zip','1','1506561061',''),
('788','17','20160149','100','20170928084309_17_20160149_wangxiaoxia.zip','1','1506559389',''),
('789','17','20160150','90','20170928085404_17_20160150_wangyan.7z','1','1506560044',''),
('790','17','20160152','90','20170928090308_17_20160152_weiyanning.zip','1','1506560589',''),
('791','17','20160153','100','20171009105039_17_20160153_xiehongli.zip','1','1507517441',''),
('792','17','20160154','70','20170928091507_17_20160154_xin.aep','1','1506561307',''),
('793','17','20160155','90','20170928091342_17_20160155_yangqin.zip','1','1506561223',''),
('794','17','20160156','100','20170928090919_17_20160156_zhouxinyan.zip','1','1506560960',''),
('795','17','20160158','100','20170928090926_17_20160158_zhangyali.zip','1','1506560967',''),
('796','18','20160101','100','20171009111520_18_20160101_heli.7z','1','1507518920',''),
('797','18','20160102','90','20171009110822_18_20160102_chouxiaomei.zip','1','1507518502',''),
('798','18','20160103','90','20171009110348_18_20160103_liuweili.zip','1','1507518228',''),
('799','18','20160104','100','20171009112141_18_20160104_liufaqiang.7z','1','1507519301',''),
('800','18','20160105','100','20171009103430_18_20160105_liu.zip','1','1507516470',''),
('801','18','20160106','70','20171009110656_18_20160106_kouzifang.zip','1','1507518416',''),
('802','18','20160107','100','20171009104824_18_20160107_zhoushiying.zip','1','1507517304',''),
('803','18','20160108','100','20171009105744_18_20160108_shangyujiao.zip','1','1507517864',''),
('804','18','20160109','80','20171009105657_18_20160109_yuexiaole.zip','1','1507517817',''),
('805','18','20160110','100','20171009111512_18_20160110_juxijuan.zip','1','1507518912',''),
('806','18','20160111','100','20171009105733_18_20160111_zhangwei.zip','1','1507517853',''),
('807','18','20160112','100','20171009111556_18_20160112_zhangwenjun.zip','1','1507518956',''),
('808','18','20160114','100','20171009104810_18_20160114_zhanghongyan.rar','1','1507517290',''),
('809','18','20160115','100','20171009111520_18_20160115_li.7z','1','1507518920',''),
('810','18','20160116','100','20171009111023_18_20160116_caoyalong.zip','1','1507518623',''),
('811','18','20160117','100','20171009105941_18_20160117_zhuningning.zip','1','1507517981',''),
('812','18','20160118','100','20171009110320_18_20160118_zhuhaiyan.zip','1','1507518200',''),
('813','18','20160119','100','20171009110446_18_20160119_fanlong.zip','1','1507518286',''),
('814','18','20160120','100','20171009110429_18_20160120_wenhuan.7z','1','1507518269',''),
('815','18','20160122','100','20171009104924_18_20160122_wanglina.aep','1','1507517364',''),
('816','18','20160123','70','20171009113440_18_20160123_wang.aep','1','1507520080',''),
('817','18','20160124','100','20171009103751_18_20160124_wangchunfeng.zip','1','1507516671',''),
('818','18','20160125','80','20171009110522_18_20160125_wangpeng.zip','1','1507518322',''),
('819','18','20160126','80','20171009111659_18_20160126_baiwenli.zip','1','1507519019',''),
('820','18','20160127','100','20171009111726_18_20160127_zhangwenpei.zip','1','1507519046',''),
('821','18','20160128','100','20171009110935_18_20160128_zhangpengjie.zip','1','1507518575',''),
('822','18','20160129','100','20171009105521_18_20160129_huyajun.zip','1','1507517721',''),
('823','18','20160130','70','20171009111731_18_20160130_xue.7z','1','1507519051',''),
('824','18','20160131','60','20171009111010_18_20160131_lujinli.zip','1','1507518610',''),
('825','18','20160132','100','20171009111539_18_20160132_caorongfei.zip','1','1507518939',''),
('826','18','20160133','100','20171009112230_18_20160133_fujinmei.zip','1','1507519350',''),
('827','18','20160134','100','20171009105048_18_20160134_guohongyan.rar','1','1507517448',''),
('828','18','20160135','90','20171009110505_18_20160135_jingxiuying.zip','1','1507518305',''),
('829','18','20160136','90','20171009110215_18_20160136_jingyalin.zip','1','1507518135',''),
('830','18','20160137','100','20171009105052_18_20160137_leimiao.rar','1','1507517453',''),
('831','18','20160138','100','20171009103910_18_20160138_lirui.zip','1','1507516750',''),
('832','18','20160139','100','20171009105750_18_20160139_lixiaoxue.rar','1','1507517870',''),
('833','18','20160140','100','20171009111149_18_20160140_liangxingfa.zip','1','1507518709',''),
('834','18','20160142','100','20171009111408_18_20160142_lvmeng.zip','1','1507518848',''),
('835','18','20160143','100','20171009105030_18_20160143_lvshaodong.zip','1','1507517430',''),
('836','18','20160144','80','20171009105206_18_20160144_lvxiaoli.rar','1','1507517526',''),
('837','18','20160145','100','20171009111744_18_20160145_wanghaiyan.zip','1','1507519064',''),
('838','18','20160146','100','20171009110359_18_20160146_wanghongjuan.zip','1','1507518239',''),
('839','18','20160147','100','20171009110711_18_20160147_wangjuan.zip','1','1507518431',''),
('840','18','20160148','100','20171009110122_18_20160148_wangxiaowei.zip','1','1507518082',''),
('841','18','20160149','100','20171009105258_18_20160149_wangxiaoxia.zip','1','1507517578',''),
('842','18','20160150','90','20171009104846_18_20160150_wangyan.zip','1','1507517326',''),
('843','18','20160152','90','20171009103731_18_20160152_weiyanning.zip','1','1507516651',''),
('844','18','20160153','90','20171009112436_18_20160153_xiehongli.zip','1','1507519476',''),
('845','18','20160154','100','20171010094229_18_20160154_xin.zip','1','1507599749',''),
('846','18','20160155','100','20171009110923_18_20160155_yangqin.zip','1','1507518563',''),
('847','18','20160156','100','20171009105350_18_20160156_zhouxinyan.zip','1','1507517630',''),
('848','18','20160158','100','20171009103751_18_20160158_zhangyali.zip','1','1507516671',''),
('849','19','20160101','100','20171009111536_19_20160101_heli.7z','1','1507518936',''),
('850','19','20160102','100','20171009110839_19_20160102_chouxiaomei.zip','1','1507518519',''),
('851','19','20160103','90','20171009110405_19_20160103_liuweili.zip','1','1507518245',''),
('852','19','20160104','100','20171009112202_19_20160104_liufaqiang.7z','1','1507519322',''),
('853','19','20160105','90','20171009105319_19_20160105_liu.zip','1','1507517599',''),
('854','19','20160106','80','20171009110713_19_20160106_kouzifang.zip','1','1507518433',''),
('855','19','20160107','100','20171009111109_19_20160107_zhoushiying.zip','1','1507518669',''),
('856','19','20160108','100','20171009105757_19_20160108_shangyujiao.zip','1','1507517877',''),
('857','19','20160109','90','20171009105714_19_20160109_yuexiaole.zip','1','1507517834',''),
('858','19','20160110','100','20171009111531_19_20160110_juxijuan.zip','1','1507518931',''),
('859','19','20160111','100','20171009110925_19_20160111_zhangwei.zip','1','1507518565',''),
('860','19','20160112','100','20171009111725_19_20160112_zhangwenjun.zip','1','1507519045',''),
('861','19','20160114','100','20171009105915_19_20160114_zhanghongyan.rar','1','1507517955',''),
('862','19','20160115','100','20171009110520_19_20160115_li.7z','1','1507518320',''),
('863','19','20160116','100','20171009111040_19_20160116_caoyalong.zip','1','1507518640',''),
('864','19','20160117','100','20171009110858_19_20160117_zhuningning.zip','1','1507518538',''),
('865','19','20160118','100','20171009110334_19_20160118_zhuhaiyan.zip','1','1507518214',''),
('866','19','20160119','100','20171009110618_19_20160119_fanlong.zip','1','1507518378',''),
('867','19','20160120','100','20171009110442_19_20160120_wenhuan.7z','1','1507518282',''),
('868','19','20160122','100','20171009110347_19_20160122_wanglina.aep','1','1507518227',''),
('869','19','20160123','80','20171009113612_19_20160123_wang.aep','1','1507520172',''),
('870','19','20160124','100','20171009105302_19_20160124_wangchunfeng.zip','1','1507517582',''),
('871','19','20160125','80','20171009110535_19_20160125_wangpeng.zip','1','1507518335',''),
('872','19','20160126','80','20171009111721_19_20160126_baiwenli.zip','1','1507519041',''),
('873','19','20160127','100','20171009110830_19_20160127_zhangwenpei.zip','1','1507518510',''),
('874','19','20160128','100','20171009110946_19_20160128_zhangpengjie.zip','1','1507518586',''),
('875','19','20160129','100','20171009105534_19_20160129_huyajun.zip','1','1507517734',''),
('876','19','20160130','70','20171009111805_19_20160130_xue.7z','1','1507519085',''),
('877','19','20160131','80','20171009112213_19_20160131_lujinli.zip','1','1507519333',''),
('878','19','20160132','100','20171009111553_19_20160132_caorongfei.zip','1','1507518953',''),
('879','19','20160133','100','20171009112243_19_20160133_fujinmei.zip','1','1507519363',''),
('880','19','20160134','100','20171009110510_19_20160134_guohongyan.rar','1','1507518310',''),
('881','19','20160135','90','20171009110525_19_20160135_jingxiuying.zip','1','1507518325',''),
('882','19','20160136','80','20171009110356_19_20160136_jingyalin.zip','1','1507518236',''),
('883','19','20160137','90','20171009110015_19_20160137_leimiao.rar','1','1507518015',''),
('884','19','20160138','100','20171009110323_19_20160138_lirui.zip','1','1507518203',''),
('885','19','20160139','100','20171009105808_19_20160139_lixiaoxue.rar','1','1507517888',''),
('886','19','20160140','100','20171009111224_19_20160140_liangxingfa.zip','1','1507518744',''),
('887','19','20160142','100','20171009112327_19_20160142_lvmeng.zip','1','1507519407',''),
('888','19','20160143','100','20171009110632_19_20160143_lvshaodong.zip','1','1507518392',''),
('889','19','20160144','80','20171009111310_19_20160144_lvxiaoli.rar','1','1507518790',''),
('890','19','20160145','100','20171009111953_19_20160145_wanghaiyan.zip','1','1507519193',''),
('891','19','20160146','100','20171009110502_19_20160146_wanghongjuan.zip','1','1507518302',''),
('892','19','20160147','100','20171009110726_19_20160147_wangjuan.zip','1','1507518446',''),
('893','19','20160148','100','20171009110152_19_20160148_wangxiaowei.zip','1','1507518112',''),
('894','19','20160149','100','20171009110059_19_20160149_wangxiaoxia.zip','1','1507518059',''),
('895','19','20160150','90','20171009110253_19_20160150_wangyan.zip','1','1507518173',''),
('896','19','20160152','90','20171009105900_19_20160152_weiyanning.zip','1','1507517940',''),
('897','19','20160153','100','20171009112426_19_20160153_xiehongli.zip','1','1507519466',''),
('898','19','20160154','100','20171010092053_19_20160154_xin.zip','1','1507598453',''),
('899','19','20160155','100','20171009110940_19_20160155_yangqin.zip','1','1507518580',''),
('900','19','20160156','100','20171009111055_19_20160156_zhouxinyan.zip','1','1507518655',''),
('901','19','20160158','100','20171009110122_19_20160158_zhangyali.zip','1','1507518082',''),
('902','20','20160101','100','20171010083829_20_20160101_heli.7z','1','1507595909',''),
('903','20','20160102','100','20171010092447_20_20160102_chouxiaomei.zip','1','1507598687',''),
('904','20','20160103','90','20171010083841_20_20160103_liuweili.zip','1','1507595921',''),
('905','20','20160104','100','20171010090455_20_20160104_liufaqiang.7z','1','1507597495',''),
('906','20','20160105','100','20171010090727_20_20160105_liu.zip','1','1507597647',''),
('907','20','20160106','80','20171010084734_20_20160106_kouzifang.zip','1','1507596454',''),
('908','20','20160107','100','20171010083351_20_20160107_zhoushiying.zip','1','1507595631',''),
('909','20','20160108','90','20171010090023_20_20160108_shangyujiao.zip','1','1507597223',''),
('910','20','20160109','80','20171010083957_20_20160109_yuexiaole.zip','1','1507595997',''),
('911','20','20160110','80','20171010084845_20_20160110_juxijuan.zip','1','1507596525',''),
('912','20','20160111','100','20171010090554_20_20160111_zhangwei.zip','1','1507597554',''),
('913','20','20160112','100','20171010084740_20_20160112_zhangwenjun.zip','1','1507596460',''),
('914','20','20160114','100','20171010084829_20_20160114_zhanghongyan.rar','1','1507596509',''),
('915','20','20160115','100','20171010083835_20_20160115_li.7z','1','1507595915',''),
('916','20','20160116','90','20171010084020_20_20160116_caoyalong.zip','1','1507596020',''),
('917','20','20160117','100','20171010083025_20_20160117_zhuningning.zip','1','1507595425',''),
('918','20','20160118','100','20171010085236_20_20160118_zhuhaiyan.zip','1','1507596756',''),
('919','20','20160119','100','20171010090049_20_20160119_fanlong.zip','1','1507597249',''),
('920','20','20160120','100','20171010082425_20_20160120_wenhuan.zip','1','1507595065',''),
('921','20','20160122','100','20171010090934_20_20160122_wanglina.rar','1','1507597774',''),
('922','20','20160123','80','20171010092605_20_20160123_wang.aep','1','1507598765',''),
('923','20','20160124','100','20171010083206_20_20160124_wangchunfeng.zip','1','1507595526',''),
('924','20','20160125','80','20171010083457_20_20160125_wangpeng.zip','1','1507595697',''),
('925','20','20160126','80','20171010092921_20_20160126_baiwenli.zip','1','1507598961',''),
('926','20','20160127','90','20171010085006_20_20160127_zhangwenpei.zip','1','1507596606',''),
('927','20','20160128','100','20171010083020_20_20160128_zhangpengjie.zip','1','1507595420',''),
('928','20','20160129','100','20171010082325_20_20160129_huyajun.zip','1','1507595005',''),
('929','20','20160130','70','20171010084824_20_20160130_xue.7z','1','1507596504',''),
('930','20','20160131','80','20171010094338_20_20160131_lujinli.rar','1','1507599818',''),
('931','20','20160132','100','20171010090859_20_20160132_caorongfei.zip','1','1507597739',''),
('932','20','20160133','100','20171010090644_20_20160133_fujinmei.zip','1','1507597604',''),
('933','20','20160134','100','20171010090437_20_20160134_guohongyan.rar','1','1507597477',''),
('934','20','20160135','100','20171010091136_20_20160135_jingxiuying.zip','1','1507597896',''),
('935','20','20160136','90','20171010085929_20_20160136_jingyalin.zip','1','1507597169',''),
('936','20','20160137','100','20171010090833_20_20160137_leimiao.rar','1','1507597713',''),
('937','20','20160138','100','20171010082629_20_20160138_lirui.zip','1','1507595189',''),
('938','20','20160139','100','20171010083142_20_20160139_lixiaoxue.rar','1','1507595502',''),
('939','20','20160140','80','20171010084740_20_20160140_liangxingfa.zip','1','1507596460',''),
('940','20','20160142','100','20171010090851_20_20160142_lvmeng.zip','1','1507597731',''),
('941','20','20160143','100','20171010083410_20_20160143_lvshaodong.zip','1','1507595650',''),
('942','20','20160144','70','20171010084803_20_20160144_lvxiaoli.rar','1','1507596483',''),
('943','20','20160145','100','20171010090541_20_20160145_wanghaiyan.zip','1','1507597541',''),
('944','20','20160146','100','20171010083810_20_20160146_wanghongjuan.zip','1','1507595890',''),
('945','20','20160147','100','20171010091319_20_20160147_wangjuan.zip','1','1507597999',''),
('946','20','20160148','100','20171010092751_20_20160148_wangxiaowei.zip','1','1507598871',''),
('947','20','20160149','100','20171010082901_20_20160149_wangxiaoxia.zip','1','1507595341',''),
('948','20','20160150','100','20171010083507_20_20160150_wangyan.zip','1','1507595707',''),
('949','20','20160152','100','20171010083058_20_20160152_weiyanning.zip','1','1507595458',''),
('950','20','20160153','100','20171010085752_20_20160153_xiehongli.zip','1','1507597072',''),
('951','20','20160154','100','20171010085844_20_20160154_xin.zip','1','1507597124',''),
('952','20','20160155','100','20171010092245_20_20160155_yangqin.zip','1','1507598565',''),
('953','20','20160156','100','20171010083756_20_20160156_zhouxinyan.zip','1','1507595876',''),
('954','20','20160158','100','20171010090153_20_20160158_zhangyali.zip','1','1507597313',''),
('955','21','20160101','100','20171010090341_21_20160101_heli.7z','1','1507597421',''),
('956','21','20160102','100','20171010092504_21_20160102_chouxiaomei.zip','1','1507598704',''),
('957','21','20160103','90','20171010091309_21_20160103_liuweili.zip','1','1507597989',''),
('958','21','20160104','100','20171010090513_21_20160104_liufaqiang.7z','1','1507597513',''),
('959','21','20160105','100','20171010090550_21_20160105_liu.zip','1','1507597550',''),
('960','21','20160106','80','20171010090722_21_20160106_kouzifang.zip','1','1507597642',''),
('961','21','20160107','100','20171010085838_21_20160107_zhoushiying.zip','1','1507597118',''),
('963','21','20160109','80','20171010085424_21_20160109_yuexiaole.zip','1','1507596864',''),
('964','21','20160110','80','20171010090807_21_20160110_juxijuan.zip','1','1507597687',''),
('965','21','20160111','100','20171010090844_21_20160111_zhangwei.zip','1','1507597724',''),
('966','21','20160112','100','20171010085516_21_20160112_zhangwenjun.zip','1','1507596916',''),
('967','21','20160114','100','20171010090351_21_20160114_zhanghongyan.rar','1','1507597431',''),
('968','21','20160115','100','20171010085428_21_20160115_li.7z','1','1507596868',''),
('969','21','20160116','100','20171010090036_21_20160116_caoyalong.zip','1','1507597236',''),
('970','21','20160117','100','20171010090448_21_20160117_zhuningning.zip','1','1507597488',''),
('971','21','20160118','100','20171010091208_21_20160118_zhuhaiyan.zip','1','1507597928',''),
('972','21','20160119','100','20171010090257_21_20160119_fanlong.zip','1','1507597377',''),
('973','21','20160120','100','20171010085352_21_20160120_wenhuan.7z','1','1507596832',''),
('974','21','20160122','100','20171010091844_21_20160122_wanglina.rar','1','1507598324',''),
('975','21','20160123','80','20171010092346_21_20160123_wang.aep','1','1507598626',''),
('976','21','20160124','100','20171010090618_21_20160124_wangchunfeng.rar','1','1507597578',''),
('977','21','20160125','80','20171010090349_21_20160125_wangpeng.zip','1','1507597429',''),
('978','21','20160126','80','20171010093538_21_20160126_baiwenli.zip','1','1507599338',''),
('979','21','20160127','70','20171010091058_21_20160127_zhangwenpei.zip','1','1507597858',''),
('980','21','20160128','100','20171010091318_21_20160128_zhangpengjie.zip','1','1507597998',''),
('981','21','20160129','100','20171010085418_21_20160129_huyajun.zip','1','1507596858',''),
('982','21','20160130','70','20171010091949_21_20160130_xue.7z','1','1507598389',''),
('983','21','20160131','70','20171010094411_21_20160131_lujinli.rar','1','1507599851',''),
('984','21','20160132','100','20171010090911_21_20160132_caorongfei.zip','1','1507597751',''),
('985','21','20160133','90','20171010090703_21_20160133_fujinmei.zip','1','1507597623',''),
('986','21','20160134','100','20171010090457_21_20160134_guohongyan.rar','1','1507597497',''),
('987','21','20160135','100','20171010091154_21_20160135_jingxiuying.zip','1','1507597914',''),
('988','21','20160136','80','20171010090848_21_20160136_jingyalin.zip','1','1507597728',''),
('989','21','20160137','90','20171010091030_21_20160137_leimiao.rar','1','1507597830',''),
('990','21','20160138','100','20171010085259_21_20160138_lirui.zip','1','1507596779',''),
('991','21','20160139','70','20171010092305_21_20160139_lixiaoxue.rar','1','1507598585',''),
('992','21','20160140','80','20171010090802_21_20160140_liangxingfa.zip','1','1507597682',''),
('993','21','20160142','100','20171010090908_21_20160142_lvmeng.zip','1','1507597748',''),
('994','21','20160143','100','20171010090800_21_20160143_lvshaodong.zip','1','1507597680',''),
('995','21','20160144','60','20171010092121_21_20160144_lvxiaoli.rar','1','1507598481',''),
('996','21','20160145','100','20171010090520_21_20160145_wanghaiyan.zip','1','1507597520',''),
('997','21','20160146','100','20171010092137_21_20160146_wanghongjuan.zip','1','1507598497',''),
('998','21','20160147','100','20171010090026_21_20160147_wangjuan.zip','1','1507597226',''),
('999','21','20160148','100','20171010092732_21_20160148_wangxiaowei.zip','1','1507598852',''),
('1000','21','20160149','100','20171010085355_21_20160149_wangxiaoxia.zip','1','1507596835',''),
('1001','21','20160150','100','20171010090220_21_20160150_wangyan.zip','1','1507597340',''),
('1002','21','20160152','100','20171010090314_21_20160152_weiyanning.zip','1','1507597394',''),
('1003','21','20160153','100','20171010085809_21_20160153_xiehongli.zip','1','1507597089',''),
('1004','21','20160154','100','20171010090908_21_20160154_xin.zip','1','1507597748',''),
('1005','21','20160155','100','20171010092259_21_20160155_yangqin.zip','1','1507598579',''),
('1006','21','20160156','100','20171010091737_21_20160156_zhouxinyan.zip','1','1507598257',''),
('1007','21','20160158','100','20171010090213_21_20160158_zhangyali.zip','1','1507597333',''),
('1008','22','20160101','100','20171011095254_22_20160101_heli.7z','1','1507686774',''),
('1009','22','20160102','100','20171013112840_22_20160102_chouxiaomei.pkt','1','1507865320',''),
('1010','22','20160103','80','20171011095430_22_20160103_liuweili.pkt','1','1507686870',''),
('1011','22','20160104','100','20171011095420_22_20160104_liufaqiang.pkt','1','1507686860',''),
('1012','22','20160105','100','20171011095425_22_20160105_liu.zip','1','1507686865',''),
('1013','22','20160106','100','20171011095524_22_20160106_kouzifang.zip','1','1507686924',''),
('1014','22','20160107','100','20171011094552_22_20160107_zhoushiying.zip','1','1507686352',''),
('1015','22','20160108','90','20171011094338_22_20160108_shangyujiao.zip','1','1507686218',''),
('1016','22','20160109','70','20171016090305_22_20160109_yuexiaole.pkt','1','1508115785',''),
('1017','22','20160110','70','20171011094703_22_20160110_juxijuan.pkt','1','1507686423',''),
('1018','22','20160111','100','20171013111001_22_20160111_zhangwei.zip','1','1507864201',''),
('1019','22','20160112','100','20171016081902_22_20160112_zhangwenjun.zip','1','1508113142',''),
('1020','22','20160114','90','20171011095533_22_20160114_zhanghongyan.pkt','1','1507686933',''),
('1021','22','20160115','100','20171011095119_22_20160115_li.7z','1','1507686679',''),
('1022','22','20160116','100','20171011095500_22_20160116_caoyalong.zip','1','1507686900',''),
('1023','22','20160117','100','20171013111037_22_20160117_zhuningning.zip','1','1507864237',''),
('1024','22','20160118','100','20171011092802_22_20160118_zhuhaiyan.pkt','1','1507685282',''),
('1025','22','20160119','100','20171016090602_22_20160119_fanlong.zip','1','1508115962',''),
('1026','22','20160120','90','20171011092958_22_20160120_wenhuan.zip','1','1507685398',''),
('1027','22','20160122','80','20171011095623_22_20160122_wanglina.pkt','1','1507686983',''),
('1028','22','20160123','80','20171016093146_22_20160123_wang.pkt','1','1508117506',''),
('1029','22','20160124','100','20171011093009_22_20160124_wangchunfeng.pkt','1','1507685409',''),
('1030','22','20160125','80','20171011094234_22_20160125_wangpeng.pkt','1','1507686154',''),
('1031','22','20160126','80','20171011094601_22_20160126_baiwenli.pkt','1','1507686361',''),
('1032','22','20160127','100','20171011094318_22_20160127_zhangwenpei.pkt','1','1507686198',''),
('1033','22','20160128','100','20171011095252_22_20160128_zhangpengjie.zip','1','1507686772',''),
('1034','22','20160129','100','20171011094238_22_20160129_huyajun.zip','1','1507686158',''),
('1035','22','20160130','100','20171011095441_22_20160130_xue.7z','1','1507686881',''),
('1036','22','20160131','80','20171013113346_22_20160131_lujinli.pkt','1','1507865626',''),
('1037','22','20160132','100','20171016092945_22_20160132_caorongfei.pkt','1','1508117385',''),
('1038','22','20160133','100','20171016093016_22_20160133_fujinmei.zip','1','1508117416',''),
('1039','22','20160134','100','20171013103307_22_20160134_guohongyan.pkt','1','1507861987',''),
('1040','22','20160135','90','20171011094951_22_20160135_jingxiuying.zip','1','1507686591',''),
('1041','22','20160136','100','20171011095448_22_20160136_jingyalin.zip','1','1507686888',''),
('1042','22','20160137','90','20171011095128_22_20160137_leimiao.pkt','1','1507686688',''),
('1043','22','20160138','100','20171011094343_22_20160138_lirui.pkt','1','1507686223',''),
('1044','22','20160139','100','20171011095400_22_20160139_lixiaoxue.rar','1','1507686840',''),
('1045','22','20160140','70','20171011094703_22_20160140_liangxingfa.pkt','1','1507686423',''),
('1046','22','20160142','100','20171016093056_22_20160142_lvmeng.pkt','1','1508117456',''),
('1047','22','20160143','100','20171011094550_22_20160143_lvshaodong.pkt','1','1507686350',''),
('1048','22','20160144','70','20171013112053_22_20160144_lvxiaoli.rar','1','1507864853',''),
('1049','22','20160145','100','20171016093214_22_20160145_wanghaiyan.zip','1','1508117534',''),
('1050','22','20160146','100','20171011095447_22_20160146_wanghongjuan.zip','1','1507686887',''),
('1051','22','20160147','100','20171012085508_22_20160147_wangjuan.pkt','1','1507769708',''),
('1052','22','20160148','90','20171013103824_22_20160148_wangxiaowei.pkt','1','1507862304',''),
('1053','22','20160149','100','20171011095528_22_20160149_wangxiaoxia.zip','1','1507686928',''),
('1054','22','20160150','100','20171011092948_22_20160150_wangyan.pkt','1','1507685388',''),
('1055','22','20160152','90','20171016094731_22_20160152_weiyanning.pkt','1','1508118451',''),
('1056','22','20160153','100','20171016093755_22_20160153_xiehongli.pkt','1','1508117875',''),
('1057','22','20160154','100','20171016095324_22_20160154_xin.zip','1','1508118804',''),
('1058','22','20160155','100','20171016093241_22_20160155_yangqin.pkt  _杨琴','1','1508117561',''),
('1059','22','20160156','100','20171016090335_22_20160156_zhouxinyan.zip','1','1508115815',''),
('1060','22','20160158','100','20171011094452_22_20160158_zhangyali.pkt','1','1507686292',''),
('1061','23','20172101','100','20171018112107_23_20172101_zhaohongli.rar','1','1508296867',''),
('1062','23','20172102','100','20171011114049_23_20172102_fengyaqin.html','1','1507693249',''),
('1063','23','20172103','','','0','0',''),
('1064','23','20172104','100','20171011114025_23_20172104_lichunyang.html','1','1507693225',''),
('1065','23','20172105','100','20171011114948_23_20172105_yaowenlong.zip','1','1507693788',''),
('1066','23','20172106','','','0','0',''),
('1067','23','20172107','100','20171011113947_23_20172107_liping.html','1','1507693187',''),
('1068','23','20172108','80','20171018111906_23_20172108_maojinhui.rar','1','1508296746',''),
('1069','23','20172109','100','20171018114513_23_20172109_sunwenhua.rar','1','1508298314',''),
('1070','23','20172110','100','20171011113431_23_20172110_shilinyong.zip','1','1507692871',''),
('1071','23','20172111','100','20171011114222_23_20172111_yuanxin.zip','1','1507693342',''),
('1072','23','20172112','90','20171011114849_23_20172112_zhuyali.zip','1','1507693729',''),
('1073','23','20172113','100','20171018114901_23_20172113_hexihong.rar','1','1508298541',''),
('1074','23','20172114','100','20171011113900_23_20172114_chenxiao.zip','1','1507693140',''),
('1075','23','20172115','','','0','0',''),
('1076','23','20172116','100','20171011113602_23_20172116_kangchuan.zip','1','1507692962',''),
('1077','23','20172117','100','20171011114455_23_20172117_huangtao.rar','1','1507693495',''),
('1078','23','20172118','100','20171018112737_23_20172118_yaowenli.rar','1','1508297257',''),
('1079','23','20172119','100','20171011114836_23_20172119_zhaochen.html','1','1507693716',''),
('1080','23','20172120','100','20171018112148_23_20172120_zhanghuhu.zip','1','1508296908',''),
('1081','23','20172121','100','20171018114836_23_20172121_lulingfang.rar','1','1508298516',''),
('1082','23','20172122','100','20171011114855_23_20172122_kouhan.zip','1','1507693735',''),
('1083','23','20172123','','','0','0',''),
('1084','23','20172124','20','20171025110641_23_20172124_dudazhong.exe','1','1508900802',''),
('1085','23','20172125','100','20171011114140_23_20172125_yangyuyan.zip','1','1507693300',''),
('1086','23','20172126','100','20171011113927_23_20172126_zhuyanan.png','1','1507693167',''),
('1087','23','20172127','100','20171018112107_23_20172127_menghaibo.zip','1','1508296867',''),
('1088','23','20172128','100','20171011114742_23_20172128_liumeili.zip','1','1507693663',''),
('1089','23','20172129','100','20171018114711_23_20172129_maoyanhua.zip','1','1508298432',''),
('1090','23','20172130','100','20171011114419_23_20172130_maojuan.zip','1','1507693459',''),
('1091','23','20172131','100','20171011113735_23_20172131_changwenjing.zip','1','1507693055',''),
('1092','23','20172132','100','20171011114058_23_20172132_gaihongli.zip','1','1507693258',''),
('1093','23','20172133','100','20171018112316_23_20172133_xuhaizhen.rar','1','1508296996',''),
('1094','23','20172134','100','20171025112326_23_20172134_duxiangli.rar','1','1508901806',''),
('1095','23','20172135','100','20171011114952_23_20172135_gaihongyan.7z','1','1507693792',''),
('1096','23','20172136','','','0','0',''),
('1097','23','20172137','100','20171018111212_23_20172137_kouwenjing.rar','1','1508296333',''),
('1098','23','20172138','100','20171011114106_23_20172138_weihuanyin.zip','1','1507693267',''),
('1099','23','20172139','100','20171011114400_23_20172139_qiaodongtao.rar','1','1507693440',''),
('1100','23','20172140','100','20171011114623_23_20172140_guojianqiang.zip','1','1507693583',''),
('1101','23','20172141','100','20171018114009_23_20172141_niuhongyan.rar','1','1508298009',''),
('1102','23','20172142','80','20171018112813_23_20172142_tangdengxia.zip','1','1508297293',''),
('1103','23','20172143','100','20171011114244_23_20172143_jingjiali.html','1','1507693364',''),
('1104','23','20172144','100','20171011114025_23_20172144_guoning.zip','1','1507693225',''),
('1105','23','20172145','100','20171011114252_23_20172145_kouwen.html','1','1507693372',''),
('1106','23','20172146','100','20171018114254_23_20172146_wuchangyong.zip','1','1508298174',''),
('1107','23','20172147','100','20171011114147_23_20172147_mawenbo.html','1','1507693307',''),
('1108','23','20172148','100','20171011114455_23_20172148_zhuzijian.zip','1','1507693495',''),
('1109','23','20172149','100','20171011114220_23_20172149_chenyongsheng.png','1','1507693340',''),
('1110','23','20172150','100','20171011114836_23_20172150_gaojiahao.zip','1','1507693716',''),
('1111','23','20172151','100','20171011113822_23_20172151_lvmingxing.html','1','1507693102',''),
('1112','23','20172152','','','0','0',''),
('1113','23','20172153','90','20171011113950_23_20172153_weixukang.rar','1','1507693190',''),
('1114','23','20172154','100','20171018111330_23_20172154_chenxiaofeng.rar','1','1508296410',''),
('1115','23','20172155','100','20171011114851_23_20172155_.7z','1','1507693731',''),
('1116','23','20172156','100','20171018112008_23_20172156_heqing.rar','1','1508296808',''),
('1117','23','20172157','100','20171018112136_23_20172157_wangfang.rar','1','1508296896',''),
('1118','23','20172158','100','20171011114026_23_20172158_songzhenxiao.html','1','1507693226',''),
('1119','24','20172101','100','20171018112120_24_20172101_zhaohongli.rar','1','1508296880',''),
('1120','24','20172102','100','20171018111505_24_20172102_fengyaqin.zip','1','1508296506',''),
('1121','24','20172103','','','0','0',''),
('1122','24','20172104','30','20171018111640_24_20172104_lichunyang.html','1','1508296600',''),
('1123','24','20172105','100','20171018114158_24_20172105_yaowenlong.zip','1','1508298118',''),
('1124','24','20172106','','','0','0',''),
('1125','24','20172107','100','20171018111344_24_20172107_liping.html','1','1508296424',''),
('1126','24','20172108','100','20171018111934_24_20172108_maojinhui.rar','1','1508296774',''),
('1127','24','20172109','100','20171018114528_24_20172109_sunwenhua.rar','1','1508298328',''),
('1128','24','20172110','100','20171011113702_24_20172110_shilinyong.zip','1','1507693022',''),
('1129','24','20172111','','','0','0',''),
('1130','24','20172112','','','0','0',''),
('1131','24','20172113','100','20171018114639_24_20172113_hexihong.rar','1','1508298399',''),
('1132','24','20172114','30','20171025112325_24_20172114_chenxiao.zip','1','1508901805',''),
('1133','24','20172115','','','0','0',''),
('1134','24','20172116','100','20171011113625_24_20172116_kangchuan.zip','1','1507692985',''),
('1135','24','20172117','30','20171018112411_24_20172117_huangtao.rar','1','1508297051',''),
('1136','24','20172118','100','20171018112756_24_20172118_yaowenli.rar','1','1508297276',''),
('1137','24','20172119','100','20171018113202_24_20172119_zhaochen.zip','1','1508297522',''),
('1138','24','20172120','100','20171018112217_24_20172120_zhanghuhu.zip','1','1508296937',''),
('1139','24','20172121','100','20171018114700_24_20172121_lulingfang.rar','1','1508298420',''),
('1140','24','20172122','100','20171018110943_24_20172122_kouhan.rar','1','1508296184',''),
('1141','24','20172123','100','20171018113751_24_20172123_hujing.zip','1','1508297871',''),
('1142','24','20172124','100','20171025110653_24_20172124_dudazhong.exe','1','1508900813',''),
('1143','24','20172125','100','20171011114204_24_20172125_yangyuyan.zip','1','1507693324',''),
('1144','24','20172126','100','20171018112633_24_20172126_zhuyanan.rar','1','1508297193',''),
('1145','24','20172127','100','20171018113337_24_20172127_menghaibo.zip','1','1508297617',''),
('1146','24','20172128','100','20171011114315_24_20172128_liumeili.zip','1','1507693395',''),
('1147','24','20172129','100','20171018114632_24_20172129_maoyanhua.zip','1','1508298392',''),
('1148','24','20172130','100','20171018114521_24_20172130_maojuan.zip','1','1508298321',''),
('1149','24','20172131','100','20171011114355_24_20172131_changwenjing.zip','1','1507693435',''),
('1150','24','20172132','100','20171011114125_24_20172132_gaihongli.zip','1','1507693285',''),
('1151','24','20172133','100','20171018112328_24_20172133_xuhaizhen.rar','1','1508297008',''),
('1152','24','20172134','100','20171025112340_24_20172134_duxiangli.rar','1','1508901821',''),
('1153','24','20172135','100','20171018111743_24_20172135_gaihongyan.html','1','1508296663',''),
('1154','24','20172136','','','0','0',''),
('1155','24','20172137','100','20171018111227_24_20172137_kouwenjing.rar','1','1508296348',''),
('1156','24','20172138','100','20171011114120_24_20172138_weihuanyin.zip','1','1507693281',''),
('1157','24','20172139','100','20171018113810_24_20172139_qiaodongtao.zip','1','1508297890',''),
('1158','24','20172140','100','20171018111950_24_20172140_guojianqiang.zip','1','1508296790',''),
('1159','24','20172141','100','20171018114112_24_20172141_niuhongyan.zip','1','1508298072',''),
('1160','24','20172142','100','20171025111321_24_20172142_tangdengxia.zip','1','1508901202',''),
('1161','24','20172143','100','20171018114532_24_20172143_jingjiali.rar','1','1508298332',''),
('1162','24','20172144','100','20171011114037_24_20172144_guoning.zip','1','1507693237',''),
('1163','24','20172145','100','20171018111259_24_20172145_kouwen.zip','1','1508296379',''),
('1164','24','20172146','70','20171018114343_24_20172146_wuchangyong.zip','1','1508298223',''),
('1165','24','20172147','100','20171025111802_24_20172147_mawenbo.zip','1','1508901482',''),
('1166','24','20172148','100','20171018113133_24_20172148_zhuzijian.zip','1','1508297493',''),
('1167','24','20172149','100','20171018114521_24_20172149_chenyongsheng.rar','1','1508298321',''),
('1168','24','20172150','100','20171018113206_24_20172150_gaojiahao.zip','1','1508297526',''),
('1169','24','20172151','100','20171018112234_24_20172151_lvmingxing.zip','1','1508296954',''),
('1170','24','20172152','','','0','0',''),
('1171','24','20172153','100','20171018112957_24_20172153_weixukang.zip','1','1508297397',''),
('1172','24','20172154','100','20171018111340_24_20172154_chenxiaofeng.rar','1','1508296420',''),
('1173','24','20172155','100','20171018111153_24_20172155_.zip','1','1508296313',''),
('1174','24','20172156','100','20171018112022_24_20172156_heqing.rar','1','1508296822',''),
('1175','24','20172157','100','20171018112119_24_20172157_wangfang.rar','1','1508296879',''),
('1176','24','20172158','100','20171018112107_24_20172158_songzhenxiao.zip','1','1508296868',''),
('1177','25','20160101','100','20171012083827_25_20160101_heli.7z','1','1507768707',''),
('1178','25','20160102','100','20171012091209_25_20160102_chouxiaomei.zip','1','1507770729',''),
('1179','25','20160103','90','20171012090038_25_20160103_liuweili.zip','1','1507770038',''),
('1180','25','20160104','100','20171013103324_25_20160104_liufaqiang.7z','1','1507862004',''),
('1181','25','20160105','100','20171012085516_25_20160105_liu.zip','1','1507769716',''),
('1182','25','20160106','90','20171012085646_25_20160106_kouzifang.rar','1','1507769806',''),
('1183','25','20160107','100','20171012084144_25_20160107_zhoushiying.zip','1','1507768904',''),
('1184','25','20160108','100','20171012084106_25_20160108_shangyujiao.zip','1','1507768866',''),
('1185','25','20160109','80','20171012083644_25_20160109_yuexiaole.zip','1','1507768604',''),
('1186','25','20160110','70','20171013103359_25_20160110_juxijuan.zip','1','1507862039',''),
('1187','25','20160111','100','20171012090241_25_20160111_zhangwei.zip','1','1507770161',''),
('1188','25','20160112','100','20171012083408_25_20160112_zhangwenjun.zip','1','1507768448',''),
('1189','25','20160114','100','20171012083443_25_20160114_zhanghongyan.rar','1','1507768483',''),
('1190','25','20160115','100','20171012083650_25_20160115_li.zip','1','1507768610',''),
('1191','25','20160116','100','20171013103747_25_20160116_caoyalong.zip','1','1507862267',''),
('1192','25','20160117','100','20171013103730_25_20160117_zhuningning.zip','1','1507862250',''),
('1193','25','20160118','100','20171012083900_25_20160118_zhuhaiyan.zip','1','1507768740',''),
('1194','25','20160119','100','20171012082902_25_20160119_fanlong.7z','1','1507768142',''),
('1195','25','20160120','100','20171012083132_25_20160120_wenhuan.zip','1','1507768292',''),
('1196','25','20160122','100','20171012083242_25_20160122_wanglina.rar','1','1507768362',''),
('1197','25','20160123','80','20171013103931_25_20160123_wang.aep','1','1507862371',''),
('1198','25','20160124','100','20171012083140_25_20160124_wangchunfeng.zip','1','1507768300',''),
('1199','25','20160125','80','20171012091800_25_20160125_wangpeng.zip','1','1507771080',''),
('1200','25','20160126','80','20171012090055_25_20160126_baiwenli.zip','1','1507770055',''),
('1201','25','20160127','100','20171012085501_25_20160127_zhangwenpei.zip','1','1507769701',''),
('1202','25','20160128','100','20171012083700_25_20160128_zhangpengjie.zip','1','1507768620',''),
('1203','25','20160129','100','20171012083205_25_20160129_huyajun.zip','1','1507768325',''),
('1204','25','20160130','70','20171012085641_25_20160130_xue.7z','1','1507769801',''),
('1205','25','20160131','70','20171012090030_25_20160131_lujinli.zip','1','1507770030',''),
('1206','25','20160132','100','20171013103259_25_20160132_caorongfei.zip','1','1507861979',''),
('1207','25','20160133','100','20171012090759_25_20160133_fujinmei.zip','1','1507770480',''),
('1208','25','20160134','100','20171012083959_25_20160134_guohongyan.zip','1','1507768799',''),
('1209','25','20160135','100','20171013103932_25_20160135_jingxiuying.zip','1','1507862372',''),
('1210','25','20160136','80','20171012085748_25_20160136_jingyalin.rar','1','1507769868',''),
('1211','25','20160137','100','20171012084019_25_20160137_leimiao.rar','1','1507768819',''),
('1212','25','20160138','100','20171012083522_25_20160138_lirui.zip','1','1507768522',''),
('1213','25','20160139','100','20171012083143_25_20160139_lixiaoxue.rar','1','1507768303',''),
('1214','25','20160140','70','20171013103347_25_20160140_liangxingfa.zip','1','1507862027',''),
('1215','25','20160142','100','20171012090046_25_20160142_lvmeng.zip','1','1507770046',''),
('1216','25','20160143','100','20171012084143_25_20160143_lvshaodong.zip','1','1507768903',''),
('1217','25','20160144','80','20171012085544_25_20160144_lvxiaoli.rar','1','1507769744',''),
('1218','25','20160145','100','20171012091055_25_20160145_wanghaiyan.zip','1','1507770655',''),
('1219','25','20160146','100','20171012085648_25_20160146_wanghongjuan.zip','1','1507769808',''),
('1220','25','20160147','100','20171012084121_25_20160147_wangjuan.zip','1','1507768882',''),
('1221','25','20160148','90','20171013103529_25_20160148_wangxiaowei.zip','1','1507862129',''),
('1222','25','20160149','100','20171012083824_25_20160149_wangxiaoxia.zip','1','1507768704',''),
('1223','25','20160150','100','20171012083617_25_20160150_wangyan.zip','1','1507768577',''),
('1224','25','20160152','100','20171012083524_25_20160152_weiyanning.zip','1','1507768524',''),
('1225','25','20160153','100','20171012090858_25_20160153_xiehongli.zip','1','1507770538',''),
('1226','25','20160154','100','20171013111953_25_20160154_xin.zip','1','1507864793',''),
('1227','25','20160155','100','20171013104110_25_20160155_yangqin.zip','1','1507862470',''),
('1228','25','20160156','100','20171013103307_25_20160156_zhouxinyan.zip','1','1507861987',''),
('1229','25','20160158','100','20171012083650_25_20160158_zhangyali.zip','1','1507768610',''),
('1230','26','20160101','100','20171013103254_26_20160101_heli.7z','1','1507861974',''),
('1231','26','20160102','100','20171013104012_26_20160102_chouxiaomei.zip','1','1507862412',''),
('1232','26','20160103','90','20171012090112_26_20160103_liuweili.zip','1','1507770072',''),
('1233','26','20160104','100','20171013103343_26_20160104_liufaqiang.7z','1','1507862023',''),
('1234','26','20160105','100','20171012091403_26_20160105_liu.zip','1','1507770843',''),
('1235','26','20160106','100','20171012092125_26_20160106_kouzifang.rar','1','1507771285',''),
('1236','26','20160107','100','20171012091135_26_20160107_zhoushiying.zip','1','1507770695',''),
('1237','26','20160108','100','20171013103303_26_20160108_shangyujiao.zip','1','1507861983',''),
('1238','26','20160109','80','20171013103224_26_20160109_yuexiaole.zip','1','1507861944',''),
('1239','26','20160110','70','20171013103426_26_20160110_juxijuan.zip','1','1507862066',''),
('1240','26','20160111','100','20171013103201_26_20160111_zhangwei.zip','1','1507861921',''),
('1241','26','20160112','100','20171013110118_26_20160112_zhangwenjun.zip','1','1507863678',''),
('1242','26','20160114','100','20171012090910_26_20160114_zhanghongyan.rar','1','1507770551',''),
('1243','26','20160115','100','20171012091928_26_20160115_li.zip','1','1507771169',''),
('1244','26','20160116','100','20171013103734_26_20160116_caoyalong.zip','1','1507862254',''),
('1245','26','20160117','100','20171013103751_26_20160117_zhuningning.zip','1','1507862271',''),
('1246','26','20160118','100','20171013103305_26_20160118_zhuhaiyan.zip','1','1507861985',''),
('1247','26','20160119','100','20171012090304_26_20160119_fanlong.zip','1','1507770184',''),
('1248','26','20160120','100','20171012090117_26_20160120_wenhuan.zip','1','1507770077',''),
('1249','26','20160122','100','20171012090604_26_20160122_wanglina.rar','1','1507770364',''),
('1250','26','20160123','90','20171013104043_26_20160123_wang.aep','1','1507862443',''),
('1251','26','20160124','100','20171012091109_26_20160124_wangchunfeng.zip','1','1507770669',''),
('1252','26','20160125','80','20171012091824_26_20160125_wangpeng.zip','1','1507771104',''),
('1253','26','20160126','80','20171013103256_26_20160126_baiwenli.zip','1','1507861976',''),
('1254','26','20160127','80','20171013103652_26_20160127_zhangwenpei.zip','1','1507862212',''),
('1255','26','20160128','100','20171012090954_26_20160128_zhangpengjie.zip','1','1507770594',''),
('1256','26','20160129','100','20171012090445_26_20160129_huyajun.zip','1','1507770285',''),
('1257','26','20160130','70','20171012091802_26_20160130_xue.7z','1','1507771082',''),
('1258','26','20160131','70','20171013103324_26_20160131_lujinli.zip','1','1507862004',''),
('1259','26','20160132','100','20171013103237_26_20160132_caorongfei.zip','1','1507861957',''),
('1260','26','20160133','100','20171013103521_26_20160133_fujinmei.zip','1','1507862121',''),
('1261','26','20160134','100','20171013103217_26_20160134_guohongyan.zip','1','1507861937',''),
('1262','26','20160135','100','20171013103946_26_20160135_jingxiuying.zip','1','1507862386',''),
('1263','26','20160136','90','20171013103321_26_20160136_jingyalin.rar','1','1507862002',''),
('1264','26','20160137','100','20171013103656_26_20160137_leimiao.zip','1','1507862223',''),
('1265','26','20160138','100','20171012091547_26_20160138_lirui.zip','1','1507770947',''),
('1266','26','20160139','100','20171013103256_26_20160139_lixiaoxue.rar','1','1507861976',''),
('1267','26','20160140','70','20171013103427_26_20160140_liangxingfa.zip','1','1507862067',''),
('1268','26','20160142','100','20171013103403_26_20160142_lvmeng.zip','1','1507862043',''),
('1269','26','20160143','100','20171012092052_26_20160143_lvshaodong.zip','1','1507771252',''),
('1270','26','20160144','70','20171013103255_26_20160144_lvxiaoli.rar','1','1507861975',''),
('1271','26','20160145','100','20171013105124_26_20160145_wanghaiyan.zip','1','1507863084',''),
('1272','26','20160146','90','20171012091920_26_20160146_wanghongjuan.zip','1','1507771161',''),
('1273','26','20160147','100','20171013112232_26_20160147_wangjuan.zip','1','1507864952',''),
('1274','26','20160148','90','20171013103415_26_20160148_wangxiaowei.zip','1','1507862056',''),
('1275','26','20160149','100','20171012092114_26_20160149_wangxiaoxia.zip','1','1507771274',''),
('1276','26','20160150','90','20171012091036_26_20160150_wangyan.zip','1','1507770636',''),
('1277','26','20160152','90','20171013105357_26_20160152_weiyanning.7z','1','1507863237',''),
('1278','26','20160153','100','20171013103435_26_20160153_xiehongli.zip','1','1507862075',''),
('1279','26','20160154','100','20171026094245_26_20160154_xin.aep','1','1508982165',''),
('1280','26','20160155','100','20171013104125_26_20160155_yangqin.zip','1','1507862485',''),
('1281','26','20160156','100','20171013103331_26_20160156_zhouxinyan.zip','1','1507862011',''),
('1282','26','20160158','100','20171012091752_26_20160158_zhangyali.zip','1','1507771072',''),
('1283','27','20160101','100','20171013110829_27_20160101_heli.7z','1','1507864109',''),
('1284','27','20160102','100','20171013112507_27_20160102_chouxiaomei.zip','1','1507865107',''),
('1285','27','20160103','70','20171023090918_27_20160103_liuweili.rar','1','1508720958',''),
('1286','27','20160104','100','20171013110237_27_20160104_liufaqiang.zip','1','1507863757',''),
('1287','27','20160105','80','20171013110640_27_20160105_liu.zip','1','1507864000',''),
('1288','27','20160106','100','20171013111017_27_20160106_kouzifang.rar','1','1507864218',''),
('1289','27','20160107','100','20171013105119_27_20160107_zhoushiying.zip','1','1507863079',''),
('1290','27','20160108','100','20171013111406_27_20160108_shangyujiao.zip','1','1507864446',''),
('1291','27','20160109','80','20171013111709_27_20160109_yuexiaole.zip','1','1507864629',''),
('1292','27','20160110','70','20171013110011_27_20160110_juxijuan.rar','1','1507863611',''),
('1293','27','20160111','100','20171013110653_27_20160111_zhangwei.zip','1','1507864014',''),
('1294','27','20160112','100','20171013105919_27_20160112_zhangwenjun.zip','1','1507863560',''),
('1295','27','20160114','90','20171013112605_27_20160114_zhanghongyan.rar','1','1507865165',''),
('1296','27','20160115','100','20171013105745_27_20160115_li.zip','1','1507863465',''),
('1297','27','20160116','100','20171013105735_27_20160116_caoyalong.zip','1','1507863455',''),
('1298','27','20160117','100','20171013110905_27_20160117_zhuningning.zip','1','1507864146',''),
('1299','27','20160118','100','20171013110728_27_20160118_zhuhaiyan.zip','1','1507864049',''),
('1300','27','20160119','100','20171013105834_27_20160119_fanlong.zip','1','1507863515',''),
('1301','27','20160120','100','20171013104141_27_20160120_wenhuan.zip','1','1507862501',''),
('1302','27','20160122','100','20171013112459_27_20160122_wanglina.rar','1','1507865099',''),
('1303','27','20160123','90','20171013112959_27_20160123_wang.avi','1','1507865401',''),
('1304','27','20160124','100','20171013111428_27_20160124_wangchunfeng.zip','1','1507864468',''),
('1305','27','20160125','80','20171013110106_27_20160125_wangpeng.zip','1','1507863666',''),
('1306','27','20160126','80','20171013111324_27_20160126_baiwenli.zip','1','1507864404',''),
('1307','27','20160127','90','20171013110332_27_20160127_zhangwenpei.zip','1','1507863812',''),
('1308','27','20160128','100','20171013105117_27_20160128_zhangpengjie.zip','1','1507863078',''),
('1309','27','20160129','100','20171013104603_27_20160129_huyajun.zip','1','1507862764',''),
('1310','27','20160130','70','20171013111623_27_20160130_xue.7z','1','1507864584',''),
('1311','27','20160131','90','20171013113212_27_20160131_lujinli.zip','1','1507865532',''),
('1312','27','20160132','100','20171013110952_27_20160132_caorongfei.zip','1','1507864193',''),
('1313','27','20160133','90','20171013112656_27_20160133_fujinmei.zip','1','1507865216',''),
('1314','27','20160134','100','20171013111721_27_20160134_guohongyan.rar','1','1507864641',''),
('1315','27','20160135','100','20171013110842_27_20160135_jingxiuying.rar','1','1507864122',''),
('1316','27','20160136','90','20171013110921_27_20160136_jingyalin.zip','1','1507864161',''),
('1317','27','20160137','90','20171013111502_27_20160137_leimiao.rar','1','1507864502',''),
('1318','27','20160138','100','20171013104735_27_20160138_lirui.zip','1','1507862855',''),
('1319','27','20160139','100','20171013111143_27_20160139_lixiaoxue.rar','1','1507864303',''),
('1320','27','20160140','70','20171013110056_27_20160140_liangxingfa.rar','1','1507863656',''),
('1321','27','20160142','90','20171013112821_27_20160142_lvmeng.zip','1','1507865301',''),
('1322','27','20160143','100','20171013105541_27_20160143_lvshaodong.zip','1','1507863341',''),
('1323','27','20160144','80','20171013111450_27_20160144_lvxiaoli.rar','1','1507864490',''),
('1324','27','20160145','80','20171013112048_27_20160145_wanghaiyan.zip','1','1507864849',''),
('1325','27','20160146','80','20171013112326_27_20160146_wanghongjuan.zip','1','1507865006',''),
('1326','27','20160147','100','20171013112201_27_20160147_wangjuan.zip','1','1507864922',''),
('1327','27','20160148','90','20171013113327_27_20160148_wangxiaowei.zip','1','1507865608',''),
('1328','27','20160149','100','20171013105300_27_20160149_wangxiaoxia.zip','1','1507863180',''),
('1329','27','20160150','90','20171013110923_27_20160150_wangyan.7z','1','1507864164',''),
('1330','27','20160152','90','20171013112011_27_20160152_weiyanning.7z','1','1507864811',''),
('1331','27','20160153','100','20171013113210_27_20160153_xiehongli.zip','1','1507865530',''),
('1332','27','20160154','100','20171016100318_27_20160154_xin.aep','1','1508119398',''),
('1333','27','20160155','100','20171013112628_27_20160155_yangqin.zip','1','1507865189',''),
('1334','27','20160156','100','20171013111813_27_20160156_zhouxinyan.zip','1','1507864694',''),
('1335','27','20160158','100','20171013104856_27_20160158_zhangyali.zip','1','1507862936',''),
('1336','28','20160101','100','20171016095411_28_20160101_heli.pkt','1','1508118851',''),
('1337','28','20160102','100','20171018081627_28_20160102_chouxiaomei.pkt','1','1508285787',''),
('1338','28','20160103','100','20171016094924_28_20160103_liuweili.pkt','1','1508118564',''),
('1339','28','20160104','100','20171016095442_28_20160104_liufaqiang.pkt','1','1508118882',''),
('1340','28','20160105','100','20171016095244_28_20160105_liu.zip','1','1508118764',''),
('1341','28','20160106','100','20171016095345_28_20160106_kouzifang.zip','1','1508118825',''),
('1342','28','20160107','100','20171016095316_28_20160107_zhoushiying.rar','1','1508118796',''),
('1343','28','20160108','100','20171016095421_28_20160108_shangyujiao.pkt','1','1508118861',''),
('1344','28','20160109','100','20171018081802_28_20160109_yuexiaole.rar','1','1508285882',''),
('1345','28','20160110','100','20171016101138_28_20160110_juxijuan.pkt','1','1508119898',''),
('1346','28','20160111','100','20171016095502_28_20160111_zhangwei.zip','1','1508118902',''),
('1347','28','20160112','100','20171018081959_28_20160112_zhangwenjun.pkt','1','1508285999',''),
('1348','28','20160114','90','20171016100936_28_20160114_zhanghongyan.zip','1','1508119776',''),
('1349','28','20160115','100','20171018082030_28_20160115_li.pkt','1','1508286030',''),
('1350','28','20160116','80','20171016095420_28_20160116_caoyalong.zip','1','1508118860',''),
('1351','28','20160117','100','20171016095502_28_20160117_zhuningning.zip','1','1508118902',''),
('1352','28','20160118','100','20171016100928_28_20160118_zhuhaiyan.rar','1','1508119768',''),
('1353','28','20160119','100','20171016100819_28_20160119_fanlong.zip','1','1508119699',''),
('1354','28','20160120','100','20171016101330_28_20160120_wenhuan.zip','1','1508120010',''),
('1355','28','20160122','100','20171016101452_28_20160122_wanglina.zip','1','1508120092',''),
('1356','28','20160123','70','20171016101027_28_20160123_wang.pkt','1','1508119827',''),
('1357','28','20160124','100','20171016094820_28_20160124_wangchunfeng.pkt','1','1508118500',''),
('1358','28','20160125','100','20171016095603_28_20160125_wangpeng.pkt','1','1508118963',''),
('1359','28','20160126','80','20171016095442_28_20160126_baiwenli.pkt','1','1508118882',''),
('1360','28','20160127','100','20171016100855_28_20160127_zhangwenpei.rar','1','1508119735',''),
('1361','28','20160128','100','20171016095414_28_20160128_zhangpengjie.zip','1','1508118854',''),
('1362','28','20160129','100','20171016095530_28_20160129_huyajun.zip','1','1508118930',''),
('1363','28','20160130','80','20171016100113_28_20160130_xue.7z','1','1508119273',''),
('1364','28','20160131','90','20171016101304_28_20160131_lujinli.pkt','1','1508119984',''),
('1365','28','20160132','100','20171016095518_28_20160132_caorongfei.pkt','1','1508118918',''),
('1366','28','20160133','100','20171016095155_28_20160133_fujinmei.pkt','1','1508118715',''),
('1367','28','20160134','100','20171016095350_28_20160134_guohongyan.pkt','1','1508118830',''),
('1368','28','20160135','100','20171016095513_28_20160135_jingxiuying.pkt','1','1508118913',''),
('1369','28','20160136','100','20171016095306_28_20160136_jingyalin.zip','1','1508118786',''),
('1370','28','20160137','90','20171016095446_28_20160137_leimiao.pkt','1','1508118886',''),
('1371','28','20160138','90','20171016095123_28_20160138_lirui.pkt','1','1508118683',''),
('1372','28','20160139','100','20171016095233_28_20160139_lixiaoxue.rar','1','1508118753',''),
('1373','28','20160140','100','20171018085925_28_20160140_liangxingfa.pkt','1','1508288365',''),
('1374','28','20160142','100','20171016095248_28_20160142_lvmeng.pkt','1','1508118768',''),
('1375','28','20160143','100','20171016095507_28_20160143_lvshaodong.pkt','1','1508118907',''),
('1376','28','20160144','70','20171018090208_28_20160144_lvxiaoli.rar','1','1508288528',''),
('1377','28','20160145','100','20171016095028_28_20160145_wanghaiyan.pkt','1','1508118628',''),
('1378','28','20160146','100','20171016100826_28_20160146_wanghongjuan.pkt','1','1508119706',''),
('1379','28','20160147','100','20171016095533_28_20160147_wangjuan.pkt','1','1508118933',''),
('1380','28','20160148','100','20171016101036_28_20160148_wangxiaowei.pkt','1','1508119836',''),
('1381','28','20160149','100','20171016095112_28_20160149_wangxiaoxia.zip','1','1508118672',''),
('1382','28','20160150','90','20171016095212_28_20160150_wangyan.pkt','1','1508118732',''),
('1383','28','20160152','90','20171016095427_28_20160152_weiyanning.pkt','1','1508118867',''),
('1384','28','20160153','100','20171016095118_28_20160153_xiehongli.pkt','1','1508118678',''),
('1385','28','20160154','100','20171016095414_28_20160154_xin.zip','1','1508118854',''),
('1386','28','20160155','100','20171016101157_28_20160155_yangqin.pkt','1','1508119917',''),
('1387','28','20160156','100','20171016095451_28_20160156_zhouxinyan.zip','1','1508118891',''),
('1388','28','20160158','100','20171016095414_28_20160158_zhangyali.pkt','1','1508118854',''),
('1389','29','20160101','100','20171023082215_29_20160101_heli.zip','1','1508718135',''),
('1390','29','20160102','100','20171018095228_29_20160102_chouxiaomei.pkt','1','1508291548',''),
('1391','29','20160103','90','20171023082252_29_20160103_liuweili.pkt','1','1508718172',''),
('1392','29','20160104','100','20171023081826_29_20160104_liufaqiang.pkt','1','1508717906',''),
('1393','29','20160105','100','20171023082710_29_20160105_liu.zip','1','1508718430',''),
('1394','29','20160106','90','20171023093128_29_20160106_kouzifang.pkt','1','1508722288',''),
('1395','29','20160107','100','20171018094852_29_20160107_zhoushiying.zip','1','1508291332',''),
('1396','29','20160108','90','20171023082110_29_20160108_shangyujiao.pkt','1','1508718070',''),
('1397','29','20160109','70','20171023082242_29_20160109_yuexiaole.zip','1','1508718162',''),
('1398','29','20160110','70','20171023082057_29_20160110_juxijuan.pkt','1','1508718057',''),
('1399','29','20160111','100','20171023082419_29_20160111_zhangwei.zip','1','1508718259',''),
('1400','29','20160112','60','20171023081940_29_20160112_zhangwenjun.zip','1','1508717980',''),
('1401','29','20160114','100','20171023082205_29_20160114_zhanghongyan.rar','1','1508718125',''),
('1402','29','20160115','70','20171023081839_29_20160115_li.zip','1','1508717919',''),
('1403','29','20160116','100','20171018095446_29_20160116_caoyalong.zip','1','1508291686',''),
('1404','29','20160117','100','20171023082605_29_20160117_zhuningning.pkt','1','1508718365',''),
('1405','29','20160118','100','20171023082849_29_20160118_zhuhaiyan.pkt','1','1508718529',''),
('1406','29','20160119','100','20171018094548_29_20160119_fanlong.zip','1','1508291148',''),
('1407','29','20160120','100','20171018094728_29_20160120_wenhuan.pkt','1','1508291248',''),
('1408','29','20160122','100','20171023082334_29_20160122_wanglina.zip','1','1508718214',''),
('1409','29','20160123','70','20171023082405_29_20160123_wang.pkt','1','1508718245',''),
('1410','29','20160124','100','20171023082042_29_20160124_wangchunfeng.zip','1','1508718042',''),
('1411','29','20160125','100','20171023082037_29_20160125_wangpeng.pkt','1','1508718037',''),
('1412','29','20160126','100','20171023082409_29_20160126_baiwenli.zip','1','1508718249',''),
('1413','29','20160127','100','20171023082324_29_20160127_zhangwenpei.zip','1','1508718204',''),
('1414','29','20160128','100','20171023082044_29_20160128_zhangpengjie.pkt','1','1508718044',''),
('1415','29','20160129','100','20171018094759_29_20160129_huyajun.pkt','1','1508291279',''),
('1416','29','20160130','80','20171023085233_29_20160130_xue.pkt','1','1508719953',''),
('1417','29','20160131','80','20171023082727_29_20160131_lujinli.pkt','1','1508718447',''),
('1418','29','20160132','100','20171018095354_29_20160132_caorongfei.zip','1','1508291634',''),
('1419','29','20160133','100','20171023082532_29_20160133_fujinmei.zip','1','1508718332',''),
('1420','29','20160134','100','20171018095540_29_20160134_guohongyan.pkt','1','1508291740',''),
('1421','29','20160135','100','20171023082403_29_20160135_jingxiuying.pkt','1','1508718243',''),
('1422','29','20160136','100','20171023082640_29_20160136_jingyalin.zip','1','1508718400',''),
('1423','29','20160137','90','20171023082323_29_20160137_leimiao.pkt','1','1508718203',''),
('1424','29','20160138','80','20171018095524_29_20160138_lirui.pkt','1','1508291724',''),
('1425','29','20160139','100','20171023082149_29_20160139_lixiaoxue.rar','1','1508718109',''),
('1426','29','20160140','70','20171023081951_29_20160140_liangxingfa.pkt','1','1508717991',''),
('1427','29','20160142','100','20171023082917_29_20160142_lvmeng.pkt','1','1508718557',''),
('1428','29','20160143','100','20171023082224_29_20160143_lvshaodong.pkt','1','1508718144',''),
('1429','29','20160144','70','20171023082557_29_20160144_lvxiaoli.rar','1','1508718357',''),
('1430','29','20160145','100','20171018095443_29_20160145_wanghaiyan.pkt','1','1508291683',''),
('1431','29','20160146','100','20171023085403_29_20160146_wanghongjuan.pkt','1','1508720043',''),
('1432','29','20160147','100','20171023081916_29_20160147_wangjuan.pkt','1','1508717956',''),
('1433','29','20160148','100','20171023085132_29_20160148_wangxiaowei.pkt','1','1508719892',''),
('1434','29','20160149','100','20171023081800_29_20160149_wangxiaoxia.zip','1','1508717880',''),
('1435','29','20160150','90','20171023082026_29_20160150_wangyan.pkt','1','1508718026',''),
('1436','29','20160152','90','20171023082018_29_20160152_weiyanning.pkt','1','1508718018',''),
('1437','29','20160153','','','0','0',''),
('1438','29','20160154','100','20171023092009_29_20160154_xin.zip','1','1508721609',''),
('1439','29','20160155','100','20171023085022_29_20160155_yangqin.pkt','1','1508719822',''),
('1440','29','20160156','100','20171023081915_29_20160156_zhouxinyan.zip','1','1508717955',''),
('1441','29','20160158','90','20171018095359_29_20160158_zhangyali.pkt','1','1508291639',''),
('1442','30','20172101','100','20171025111500_30_20172101_zhaohongli.rar','1','1508901300',''),
('1443','30','20172102','100','20171018112913_30_20172102_fengyaqin.zip','1','1508297353',''),
('1444','30','20172103','100','20171018114129_30_20172103_lipengchen.zip','1','1508298089',''),
('1445','30','20172104','100','20171018114717_30_20172104_lichunyang.zip','1','1508298437',''),
('1446','30','20172105','100','20171018114143_30_20172105_yaowenlong.zip','1','1508298103',''),
('1447','30','20172106','','','0','0',''),
('1448','30','20172107','100','20171018113046_30_20172107_liping.zip','1','1508297447',''),
('1449','30','20172108','100','20171018112003_30_20172108_maojinhui.rar','1','1508296803',''),
('1450','30','20172109','100','20171018114541_30_20172109_sunwenhua.rar','1','1508298341',''),
('1451','30','20172110','100','20171018112158_30_20172110_shilinyong.rar','1','1508296918',''),
('1452','30','20172111','100','20171018114731_30_20172111_yuanxin.zip','1','1508298451',''),
('1453','30','20172112','','','0','0',''),
('1454','30','20172113','100','20171018112840_30_20172113_hexihong.rar','1','1508297320',''),
('1455','30','20172114','30','20171025112303_30_20172114_chenxiao.zip','1','1508901783',''),
('1456','30','20172115','100','20171018113903_30_20172115_wuyongjie.zip','1','1508297943',''),
('1457','30','20172116','100','20171018111728_30_20172116_kangchuan.zip','1','1508296648',''),
('1458','30','20172117','30','20171018112211_30_20172117_huangtao.rar','1','1508296931',''),
('1459','30','20172118','30','20171018112118_30_20172118_yaowenli.html','1','1508296878',''),
('1460','30','20172119','100','20171018111628_30_20172119_zhaochen.zip','1','1508296588',''),
('1461','30','20172120','100','20171018111948_30_20172120_zhanghuhu.zip','1','1508296789',''),
('1462','30','20172121','40','20171018114021_30_20172121_lulingfang.rar','1','1508298021',''),
('1463','30','20172122','100','20171018114338_30_20172122_kouhan.zip','1','1508298219',''),
('1464','30','20172123','100','20171018113403_30_20172123_hujing.zip','1','1508297643',''),
('1465','30','20172124','100','20171018114549_30_20172124_dudazhong.zip','1','1508298349',''),
('1466','30','20172125','100','20171018111747_30_20172125_yangyuyan.zip','1','1508296667',''),
('1467','30','20172126','100','20171018112411_30_20172126_zhuyanan.html','1','1508297051',''),
('1468','30','20172127','100','20171018112006_30_20172127_menghaibo.zip','1','1508296806',''),
('1469','30','20172128','100','20171018112020_30_20172128_liumeili.zip','1','1508296820',''),
('1470','30','20172129','100','20171018114806_30_20172129_maoyanhua.zip','1','1508298486',''),
('1471','30','20172130','100','20171018114112_30_20172130_maojuan.zip','1','1508298072',''),
('1472','30','20172131','100','20171018112209_30_20172131_changwenjing.zip','1','1508296929',''),
('1473','30','20172132','100','20171018112525_30_20172132_gaihongli.rar','1','1508297125',''),
('1474','30','20172133','100','20171018112339_30_20172133_xuhaizhen.rar','1','1508297019',''),
('1475','30','20172134','100','20171025112354_30_20172134_duxiangli.rar','1','1508901834',''),
('1476','30','20172135','100','20171018111723_30_20172135_gaihongyan.zip','1','1508296643',''),
('1477','30','20172136','','','0','0',''),
('1478','30','20172137','100','20171018114525_30_20172137_kouwenjing.zip','1','1508298325',''),
('1479','30','20172138','100','20171018112003_30_20172138_weihuanyin.zip','1','1508296803',''),
('1480','30','20172139','100','20171018113757_30_20172139_qiaodongtao.zip','1','1508297877',''),
('1481','30','20172140','','','0','0',''),
('1482','30','20172141','100','20171018112336_30_20172141_niuhongyan.rar','1','1508297016',''),
('1483','30','20172142','100','20171018114903_30_20172142_tangdengxia.zip','1','1508298543',''),
('1484','30','20172143','100','20171018112109_30_20172143_jingjiali.rar','1','1508296869',''),
('1485','30','20172144','100','20171018113509_30_20172144_guoning.zip','1','1508297709',''),
('1486','30','20172145','100','20171018111626_30_20172145_kouwen.zip','1','1508296586',''),
('1487','30','20172146','80','20171018114420_30_20172146_wuchangyong.zip','1','1508298260',''),
('1488','30','20172147','100','20171018113457_30_20172147_mawenbo.zip','1','1508297697',''),
('1489','30','20172148','100','20171018113116_30_20172148_zhuzijian.zip','1','1508297476',''),
('1490','30','20172149','100','20171018114534_30_20172149_chenyongsheng.rar','1','1508298334',''),
('1491','30','20172150','100','20171018112016_30_20172150_gaojiahao.zip','1','1508296816',''),
('1492','30','20172151','100','20171018112248_30_20172151_lvmingxing.zip','1','1508296968',''),
('1493','30','20172152','100','20171018114020_30_20172152_zhang.zip','1','1508298020',''),
('1494','30','20172153','100','20171018112024_30_20172153_weixukang.zip','1','1508296825',''),
('1495','30','20172154','100','20171018114609_30_20172154_chenxiaofeng.zip','1','1508298369',''),
('1496','30','20172155','100','20171018112604_30_20172155_.zip','1','1508297165',''),
('1497','30','20172156','100','20171018112041_30_20172156_heqing.rar','1','1508296841',''),
('1498','30','20172157','100','20171018112054_30_20172157_wangfang.rar','1','1508296854',''),
('1499','30','20172158','100','20171018112120_30_20172158_songzhenxiao.zip','1','1508296880',''),
('1500','31','20160101','100','20171023094538_31_20160101_heli.pkt','1','1508723138',''),
('1501','31','20160102','100','20171023094233_31_20160102_chouxiaomei.pkt','1','1508722953',''),
('1502','31','20160103','100','20171023092830_31_20160103_liuweili.pkt','1','1508722110',''),
('1503','31','20160104','100','20171023093651_31_20160104_liufaqiang.pkt','1','1508722611',''),
('1504','31','20160105','100','20171023093247_31_20160105_liu.zip','1','1508722367',''),
('1505','31','20160106','100','20171023093236_31_20160106_kouzifang.pkt','1','1508722356',''),
('1506','31','20160107','100','20171023093420_31_20160107_zhoushiying.rar','1','1508722460',''),
('1507','31','20160108','100','20171023092912_31_20160108_shangyujiao.pkt','1','1508722152',''),
('1508','31','20160109','80','20171023094301_31_20160109_yuexiaole.zip','1','1508722981',''),
('1509','31','20160110','70','20171023094628_31_20160110_juxijuan.pkt','1','1508723188',''),
('1510','31','20160111','100','20171023093724_31_20160111_zhangwei.zip','1','1508722644',''),
('1511','31','20160112','80','20171023094349_31_20160112_zhangwenjun.zip','1','1508723029',''),
('1512','31','20160114','100','20171023094432_31_20160114_zhanghongyan.rar','1','1508723072',''),
('1513','31','20160115','80','20171023094222_31_20160115_li.zip','1','1508722942',''),
('1514','31','20160116','100','20171023093524_31_20160116_caoyalong.zip','1','1508722524',''),
('1515','31','20160117','100','20171023093418_31_20160117_zhuningning.pkt','1','1508722458',''),
('1516','31','20160118','100','20171023095015_31_20160118_zhuhaiyan.pkt','1','1508723415',''),
('1517','31','20160119','100','20171023093322_31_20160119_fanlong.zip','1','1508722402',''),
('1518','31','20160120','100','20171023093312_31_20160120_wenhuan.pkt','1','1508722392',''),
('1519','31','20160122','100','20171023093313_31_20160122_wanglina.rar','1','1508722393',''),
('1520','31','20160123','80','20171025082423_31_20160123_wang.pkt','1','1508891063',''),
('1521','31','20160124','100','20171023092746_31_20160124_wangchunfeng.pkt','1','1508722066',''),
('1522','31','20160125','80','20171023094645_31_20160125_wangpeng.pkt','1','1508723205',''),
('1523','31','20160126','80','20171023094343_31_20160126_baiwenli.zip','1','1508723023',''),
('1524','31','20160127','100','20171023100747_31_20160127_zhangwenpei.pkt','1','1508724467',''),
('1525','31','20160128','100','20171023093524_31_20160128_zhangpengjie.pkt','1','1508722524',''),
('1526','31','20160129','100','20171023094326_31_20160129_huyajun.pkt','1','1508723006',''),
('1527','31','20160130','80','20171023094709_31_20160130_xue.pkt','1','1508723229',''),
('1528','31','20160131','70','20171023095116_31_20160131_lujinli.rar','1','1508723476',''),
('1529','31','20160132','100','20171023094346_31_20160132_caorongfei.pkt','1','1508723026',''),
('1530','31','20160133','100','20171023094227_31_20160133_fujinmei.zip','1','1508722947',''),
('1531','31','20160134','100','20171023093102_31_20160134_guohongyan.pkt','1','1508722262',''),
('1532','31','20160135','100','20171023093452_31_20160135_jingxiuying.pkt','1','1508722492',''),
('1533','31','20160136','100','20171023093312_31_20160136_jingyalin.zip','1','1508722392',''),
('1534','31','20160137','90','20171023093400_31_20160137_leimiao.pkt','1','1508722440',''),
('1535','31','20160138','100','20171023093556_31_20160138_lirui.pkt','1','1508722556',''),
('1536','31','20160139','100','20171023093241_31_20160139_lixiaoxue.rar','1','1508722361',''),
('1537','31','20160140','70','20171023094706_31_20160140_liangxingfa.pkt','1','1508723226',''),
('1538','31','20160142','100','20171023094713_31_20160142_lvmeng.pkt','1','1508723233',''),
('1539','31','20160143','90','20171023093640_31_20160143_lvshaodong.pkt','1','1508722600',''),
('1540','31','20160144','70','20171023094405_31_20160144_lvxiaoli.rar','1','1508723045',''),
('1541','31','20160145','100','20171023094352_31_20160145_wanghaiyan.pkt','1','1508723032',''),
('1542','31','20160146','90','20171023094906_31_20160146_wanghongjuan.pkt','1','1508723346',''),
('1543','31','20160147','100','20171023094841_31_20160147_wangjuan.pkt','1','1508723321',''),
('1544','31','20160148','100','20171023094949_31_20160148_wangxiaowei.pkt','1','1508723389',''),
('1545','31','20160149','100','20171023094635_31_20160149_wangxiaoxia.zip','1','1508723195',''),
('1546','31','20160150','100','20171023093421_31_20160150_wangyan.pkt','1','1508722461',''),
('1547','31','20160152','90','20171025082517_31_20160152_weiyanning.pkt','1','1508891117',''),
('1548','31','20160153','100','20171025090739_31_20160153_xiehongli.zip','1','1508893659',''),
('1549','31','20160154','100','20171023095235_31_20160154_xin.zip','1','1508723555',''),
('1550','31','20160155','100','20171023095101_31_20160155_yangqin.pkt','1','1508723461',''),
('1551','31','20160156','100','20171023095015_31_20160156_zhouxinyan.zip','1','1508723415',''),
('1552','31','20160158','100','20171023093726_31_20160158_zhangyali.pkt','1','1508722646',''),
('1553','32','20160101','','','0','0',''),
('1554','32','20160102','','','0','0',''),
('1555','32','20160103','','','0','0',''),
('1556','32','20160104','','','0','1508981414',''),
('1557','32','20160105','','','0','0',''),
('1558','32','20160106','','','0','0',''),
('1559','32','20160107','','','0','0',''),
('1560','32','20160108','','','0','0',''),
('1561','32','20160109','','','0','0',''),
('1562','32','20160110','','','0','0',''),
('1563','32','20160111','','','0','0',''),
('1564','32','20160112','100','20171026093517_32_20160112_zhangwenjun.exe','1','1508981717',''),
('1565','32','20160114','','','0','0',''),
('1566','32','20160115','100','20171026093554_32_20160115_li.exe','1','1508981754',''),
('1567','32','20160116','','','0','1508982164',''),
('1568','32','20160117','','','0','0',''),
('1569','32','20160118','','','0','0',''),
('1570','32','20160119','100','20171026093434_32_20160119_fanlong.exe','1','1508981674',''),
('1571','32','20160120','','','0','1508981316',''),
('1572','32','20160122','','','0','0',''),
('1573','32','20160123','','','0','0',''),
('1574','32','20160124','','','0','1508895950',''),
('1575','32','20160125','','','0','0',''),
('1576','32','20160126','','','0','0',''),
('1577','32','20160127','','','0','0',''),
('1578','32','20160128','100','20171026093344_32_20160128_zhangpengjie.exe','1','1508981624',''),
('1579','32','20160129','','','0','0',''),
('1580','32','20160130','','','0','0',''),
('1581','32','20160131','','','0','0',''),
('1582','32','20160132','100','20171026095136_32_20160132_caorongfei.zip','1','1508982696',''),
('1583','32','20160133','','','0','0',''),
('1584','32','20160134','','','0','0',''),
('1585','32','20160135','','','0','0',''),
('1586','32','20160136','','','0','0',''),
('1587','32','20160137','','','0','0',''),
('1588','32','20160138','','','0','0',''),
('1589','32','20160139','','','0','1508982026',''),
('1590','32','20160140','','','0','0',''),
('1591','32','20160142','','','0','0',''),
('1592','32','20160143','','','0','0',''),
('1593','32','20160144','','','0','0',''),
('1594','32','20160145','','','0','0',''),
('1595','32','20160146','','','0','0',''),
('1596','32','20160147','','','0','0',''),
('1597','32','20160148','','','0','0',''),
('1598','32','20160149','','','0','0',''),
('1599','32','20160150','','','0','0',''),
('1600','32','20160152','','','0','0',''),
('1601','32','20160153','','','0','0',''),
('1602','32','20160154','','','0','0',''),
('1603','32','20160155','','','0','0',''),
('1604','32','20160156','','','0','0',''),
('1605','32','20160158','','','0','0',''),
('1606','33','20172101','100','20171025111351_33_20172101_zhaohongli.zip','1','1508901231',''),
('1607','33','20172102','100','20171025112224_33_20172102_fengyaqin.zip','1','1508901744',''),
('1608','33','20172103','100','20171025111126_33_20172103_lipengchen.zip','1','1508901086',''),
('1609','33','20172104','100','20171025112358_33_20172104_lichunyang.zip','1','1508901838',''),
('1610','33','20172105','100','20171025113816_33_20172105_yaowenlong.zip','1','1508902696',''),
('1611','33','20172106','100','20171025112449_33_20172106_yuanyuanyuan.zip','1','1508901889',''),
('1612','33','20172107','100','20171025112449_33_20172107_liping.zip','1','1508901889',''),
('1613','33','20172108','90','20171025111055_33_20172108_maojinhui.rar','1','1508901055',''),
('1614','33','20172109','100','20171025111941_33_20172109_sunwenhua.rar','1','1508901581',''),
('1615','33','20172110','100','20171025112037_33_20172110_shilinyong.rar','1','1508901637',''),
('1616','33','20172111','100','20171025112132_33_20172111_yuanxin.rar','1','1508901692',''),
('1617','33','20172112','100','20171025112554_33_20172112_zhuyali.zip','1','1508901954',''),
('1618','33','20172113','100','20171025111410_33_20172113_hexihong.zip','1','1508901251',''),
('1619','33','20172114','40','20171025111815_33_20172114_chenxiao.zip','1','1508901495',''),
('1620','33','20172115','100','20171025111944_33_20172115_wuyongjie.zip','1','1508901584',''),
('1621','33','20172116','100','20171025111813_33_20172116_kangchuan.zip','1','1508901493',''),
('1622','33','20172117','30','20171025112451_33_20172117_huangtao.rar','1','1508901891',''),
('1623','33','20172118','100','20171025111830_33_20172118_yaowenli.rar','1','1508901510',''),
('1624','33','20172119','100','20171025111901_33_20172119_zhaochen.zip','1','1508901541',''),
('1625','33','20172120','100','20171025112212_33_20172120_zhanghuhu.zip','1','1508901732',''),
('1626','33','20172121','100','20171025111503_33_20172121_lulingfang.zip','1','1508901303',''),
('1627','33','20172122','100','20171025111541_33_20172122_kouhan.zip','1','1508901341',''),
('1628','33','20172123','100','20171025113121_33_20172123_hujing.zip','1','1508902281',''),
('1629','33','20172124','100','20171025112342_33_20172124_dudazhong.html','1','1508901822',''),
('1630','33','20172125','100','20171025111437_33_20172125_yangyuyan.zip','1','1508901277',''),
('1631','33','20172126','100','20171025111841_33_20172126_zhuyanan.html','1','1508901521',''),
('1632','33','20172127','100','20171025112155_33_20172127_menghaibo.zip','1','1508901715',''),
('1633','33','20172128','100','20171025111903_33_20172128_liumeili.zip','1','1508901543',''),
('1634','33','20172129','100','20171025113148_33_20172129_maoyanhua.zip','1','1508902308',''),
('1635','33','20172130','100','20171025112639_33_20172130_maojuan.zip','1','1508901999',''),
('1636','33','20172131','100','20171025111529_33_20172131_changwenjing.zip','1','1508901329',''),
('1637','33','20172132','100','20171025112655_33_20172132_gaihongli.zip','1','1508902015',''),
('1638','33','20172133','100','20171025112217_33_20172133_xuhaizhen.rar','1','1508901737',''),
('1639','33','20172134','100','20171025112246_33_20172134_duxiangli.rar','1','1508901766',''),
('1640','33','20172135','10','20171025112729_33_20172135_gaihongyan.exe','1','1508902049',''),
('1641','33','20172136','100','20171025112551_33_20172136_koujinli.html','1','1508901951',''),
('1642','33','20172137','100','20171025111629_33_20172137_kouwenjing.zip','1','1508901389',''),
('1643','33','20172138','100','20171025111528_33_20172138_weihuanyin.zip','1','1508901328',''),
('1644','33','20172139','100','20171025112655_33_20172139_qiaodongtao.zip','1','1508902015',''),
('1645','33','20172140','100','20171025112514_33_20172140_guojianqiang.zip','1','1508901914',''),
('1646','33','20172141','100','20171025112015_33_20172141_niuhongyan.zip','1','1508901615',''),
('1647','33','20172142','100','20171025111350_33_20172142_tangdengxia.zip','1','1508901230',''),
('1648','33','20172143','100','20171025114330_33_20172143_jingjiali.zip','1','1508903010',''),
('1649','33','20172144','100','20171025112122_33_20172144_guoning.zip','1','1508901682',''),
('1650','33','20172145','100','20171025111113_33_20172145_kouwen.zip','1','1508901073',''),
('1651','33','20172146','100','20171025112724_33_20172146_wuchangyong.rar','1','1508902044',''),
('1652','33','20172147','100','20171025111907_33_20172147_mawenbo.zip','1','1508901547',''),
('1653','33','20172148','100','20171025112358_33_20172148_zhuzijian.zip','1','1508901838',''),
('1654','33','20172149','100','20171025111431_33_20172149_chenyongsheng.zip','1','1508901271',''),
('1655','33','20172150','100','20171025111733_33_20172150_gaojiahao.zip','1','1508901453',''),
('1656','33','20172151','100','20171025111132_33_20172151_lvmingxing.zip','1','1508901092',''),
('1657','33','20172152','100','20171025111437_33_20172152_zhang.zip','1','1508901277',''),
('1658','33','20172153','','','0','0',''),
('1659','33','20172154','100','20171025111752_33_20172154_chenxiaofeng.zip','1','1508901472',''),
('1660','33','20172155','100','20171025114454_33_20172155_.zip','1','1508903094',''),
('1661','33','20172156','100','20171025111917_33_20172156_heqing.rar','1','1508901557',''),
('1662','33','20172157','100','20171025112645_33_20172157_wangfang.zip','1','1508902005',''),
('1663','33','20172158','100','20171025110911_33_20172158_songzhenxiao.zip','1','1508900951',''),
('1823','37','20160101','70','20171029201819_37_20160101_heli.jpg','1','1509279499',''),
('1824','37','20160102','60','20171029201856_37_20160102_chouxiaomei.jpg','1','1509279537',''),
('1825','37','20160103','','','0','0',''),
('1826','37','20160104','','','0','0',''),
('1827','37','20160105','','','0','0',''),
('1828','37','20160106','','','0','0',''),
('1829','37','20160107','','','0','0',''),
('1830','37','20160108','','','0','0',''),
('1831','37','20160109','','','0','0',''),
('1832','37','20160110','','','0','0',''),
('1833','37','20160111','','','0','0',''),
('1834','37','20160112','','','0','0',''),
('1835','37','20160114','','','0','0',''),
('1836','37','20160115','','','0','0',''),
('1837','37','20160116','','','0','0',''),
('1838','37','20160117','','','0','0',''),
('1839','37','20160118','','','0','0',''),
('1840','37','20160119','','','0','0',''),
('1841','37','20160120','','','0','0',''),
('1842','37','20160122','','','0','0',''),
('1843','37','20160123','','','0','0',''),
('1844','37','20160124','','','0','0',''),
('1845','37','20160125','','','0','0',''),
('1846','37','20160126','','','0','0',''),
('1847','37','20160127','','','0','0',''),
('1848','37','20160128','','','0','0',''),
('1849','37','20160129','','','0','0',''),
('1850','37','20160130','','','0','0',''),
('1851','37','20160131','','','0','0',''),
('1852','37','20160132','','','0','0',''),
('1853','37','20160133','','','0','0',''),
('1854','37','20160134','','','0','0',''),
('1855','37','20160135','','','0','0',''),
('1856','37','20160136','','','0','0',''),
('1857','37','20160137','','','0','0',''),
('1858','37','20160138','','','0','0',''),
('1859','37','20160139','','','0','0',''),
('1860','37','20160140','','','0','0',''),
('1861','37','20160142','','','0','0',''),
('1862','37','20160143','','','0','0',''),
('1863','37','20160144','','','0','0',''),
('1864','37','20160145','','','0','0',''),
('1865','37','20160146','','','0','0',''),
('1866','37','20160147','','','0','0',''),
('1867','37','20160148','','','0','0',''),
('1868','37','20160149','','','0','0',''),
('1869','37','20160150','','','0','0',''),
('1870','37','20160152','','','0','0',''),
('1871','37','20160153','','','0','0',''),
('1872','37','20160154','','','0','0',''),
('1873','37','20160155','','','0','0',''),
('1874','37','20160156','','','0','0',''),
('1875','37','20160158','','','0','0',''),
('1876','38','20160101','','','0','1509279511',''),
('1877','38','20160102','','','0','0',''),
('1878','38','20160103','','','0','0',''),
('1879','38','20160104','','','0','0',''),
('1880','38','20160105','','','0','0',''),
('1881','38','20160106','','','0','0',''),
('1882','38','20160107','','','0','0',''),
('1883','38','20160108','','','0','0',''),
('1884','38','20160109','','','0','0',''),
('1885','38','20160110','','','0','0',''),
('1886','38','20160111','','','0','0',''),
('1887','38','20160112','','','0','0',''),
('1888','38','20160114','','','0','0',''),
('1889','38','20160115','','','0','0',''),
('1890','38','20160116','','','0','0',''),
('1891','38','20160117','','','0','0',''),
('1892','38','20160118','','','0','0',''),
('1893','38','20160119','','','0','0',''),
('1894','38','20160120','','','0','0',''),
('1895','38','20160122','','','0','0',''),
('1896','38','20160123','','','0','0',''),
('1897','38','20160124','','','0','0',''),
('1898','38','20160125','','','0','0',''),
('1899','38','20160126','','','0','0',''),
('1900','38','20160127','','','0','0',''),
('1901','38','20160128','','','0','0',''),
('1902','38','20160129','','','0','0',''),
('1903','38','20160130','','','0','0',''),
('1904','38','20160131','','','0','0',''),
('1905','38','20160132','','','0','0',''),
('1906','38','20160133','','','0','0',''),
('1907','38','20160134','','','0','0',''),
('1908','38','20160135','','','0','0',''),
('1909','38','20160136','','','0','0',''),
('1910','38','20160137','','','0','0',''),
('1911','38','20160138','','','0','0',''),
('1912','38','20160139','','','0','0',''),
('1913','38','20160140','','','0','0',''),
('1914','38','20160142','','','0','0',''),
('1915','38','20160143','','','0','0',''),
('1916','38','20160144','','','0','0',''),
('1917','38','20160145','','','0','0',''),
('1918','38','20160146','','','0','0',''),
('1919','38','20160147','','','0','0',''),
('1920','38','20160148','','','0','0',''),
('1921','38','20160149','','','0','0',''),
('1922','38','20160150','','','0','0',''),
('1923','38','20160152','','','0','0',''),
('1924','38','20160153','','','0','0',''),
('1925','38','20160154','','','0','0',''),
('1926','38','20160155','','','0','0',''),
('1927','38','20160156','','','0','0',''),
('1928','38','20160158','','','0','0',''),
('1929','39','20160101','90','20171030115333_39_20160101_heli.docx','1','1509335613',''),
('1930','39','20160102','','','0','0',''),
('1931','39','20160103','','','0','0',''),
('1932','39','20160104','','','0','0',''),
('1933','39','20160105','','','0','0',''),
('1934','39','20160106','','','0','0',''),
('1935','39','20160107','','','0','0',''),
('1936','39','20160108','','','0','0',''),
('1937','39','20160109','','','0','0',''),
('1938','39','20160110','','','0','0',''),
('1939','39','20160111','','','0','0',''),
('1940','39','20160112','','','0','0',''),
('1941','39','20160114','','','0','0',''),
('1942','39','20160115','','','0','0',''),
('1943','39','20160116','','','0','0',''),
('1944','39','20160117','','','0','0',''),
('1945','39','20160118','','','0','0',''),
('1946','39','20160119','','','0','0',''),
('1947','39','20160120','','','0','0',''),
('1948','39','20160122','','','0','0',''),
('1949','39','20160123','','','0','0',''),
('1950','39','20160124','','','0','0',''),
('1951','39','20160125','','','0','0',''),
('1952','39','20160126','','','0','0',''),
('1953','39','20160127','','','0','0',''),
('1954','39','20160128','','','0','0',''),
('1955','39','20160129','','','0','0',''),
('1956','39','20160130','','','0','0',''),
('1957','39','20160131','','','0','0',''),
('1958','39','20160132','','','0','0',''),
('1959','39','20160133','','','0','0',''),
('1960','39','20160134','','','0','0',''),
('1961','39','20160135','','','0','0',''),
('1962','39','20160136','','','0','0',''),
('1963','39','20160137','','','0','0',''),
('1964','39','20160138','','','0','0',''),
('1965','39','20160139','','','0','0',''),
('1966','39','20160140','','','0','0',''),
('1967','39','20160142','','','0','0',''),
('1968','39','20160143','','','0','0',''),
('1969','39','20160144','','','0','0',''),
('1970','39','20160145','','','0','0',''),
('1971','39','20160146','','','0','0',''),
('1972','39','20160147','','','0','0',''),
('1973','39','20160148','','','0','0',''),
('1974','39','20160149','','','0','0',''),
('1975','39','20160150','','','0','0',''),
('1976','39','20160152','','','0','0',''),
('1977','39','20160153','','','0','0',''),
('1978','39','20160154','','','0','0',''),
('1979','39','20160155','','','0','0',''),
('1980','39','20160156','','','0','0',''),
('1981','39','20160158','','','0','0',''),
('1982','40','20160101','','','0','0',''),
('1983','40','20160102','','','0','0',''),
('1984','40','20160103','','','0','0',''),
('1985','40','20160104','','','0','0',''),
('1986','40','20160105','','','0','0',''),
('1987','40','20160106','','','0','0',''),
('1988','40','20160107','','','0','0',''),
('1989','40','20160108','','','0','0',''),
('1990','40','20160109','','','0','0',''),
('1991','40','20160110','','','0','0',''),
('1992','40','20160111','','','0','0',''),
('1993','40','20160112','','','0','0',''),
('1994','40','20160114','','','0','0',''),
('1995','40','20160115','','','0','0',''),
('1996','40','20160116','','','0','0',''),
('1997','40','20160117','','','0','0',''),
('1998','40','20160118','','','0','0',''),
('1999','40','20160119','','','0','0',''),
('2000','40','20160120','','','0','0',''),
('2001','40','20160122','','','0','0',''),
('2002','40','20160123','','','0','0',''),
('2003','40','20160124','','','0','0',''),
('2004','40','20160125','','','0','0',''),
('2005','40','20160126','','','0','0',''),
('2006','40','20160127','','','0','0',''),
('2007','40','20160128','','','0','0',''),
('2008','40','20160129','','','0','0',''),
('2009','40','20160130','','','0','0',''),
('2010','40','20160131','','','0','0',''),
('2011','40','20160132','','','0','0',''),
('2012','40','20160133','','','0','0',''),
('2013','40','20160134','','','0','0',''),
('2014','40','20160135','','','0','0',''),
('2015','40','20160136','','','0','0',''),
('2016','40','20160137','','','0','0',''),
('2017','40','20160138','','','0','0',''),
('2018','40','20160139','','','0','0',''),
('2019','40','20160140','','','0','0',''),
('2020','40','20160142','','','0','0',''),
('2021','40','20160143','','','0','0',''),
('2022','40','20160144','','','0','0',''),
('2023','40','20160145','','','0','0',''),
('2024','40','20160146','','','0','0',''),
('2025','40','20160147','','','0','0',''),
('2026','40','20160148','','','0','0',''),
('2027','40','20160149','','','0','0',''),
('2028','40','20160150','','','0','0',''),
('2029','40','20160152','','','0','0',''),
('2030','40','20160153','','','0','0',''),
('2031','40','20160154','','','0','0',''),
('2032','40','20160155','','','0','0',''),
('2033','40','20160156','','','0','0',''),
('2034','40','20160158','','','0','0',''),
('2035','41','20170101','90','20171030115151_41_20170101_wangyanyan.jpg','1','1509335511',''),
('2036','41','20170102','','','0','0',''),
('2037','41','20170103','','','0','0',''),
('2038','41','20170104','','','0','0',''),
('2039','41','20170105','','','0','0',''),
('2040','41','20170106','','','0','0',''),
('2041','41','20170107','','','0','0',''),
('2042','41','20170108','','','0','0',''),
('2043','41','20170109','','','0','0',''),
('2044','41','20170110','','','0','0',''),
('2045','41','20170111','','','0','0',''),
('2046','41','20170112','','','0','0',''),
('2047','41','20170113','','','0','0',''),
('2048','41','20170114','','','0','0',''),
('2049','41','20170115','','','0','0',''),
('2050','41','20170116','','','0','0',''),
('2051','41','20170117','','','0','0',''),
('2052','41','20170118','','','0','0',''),
('2053','41','20170119','','','0','0',''),
('2054','41','20170120','','','0','0',''),
('2055','41','20170121','','','0','0',''),
('2056','41','20170122','','','0','0',''),
('2057','41','20170123','','','0','0',''),
('2058','41','20170124','','','0','0',''),
('2059','41','20170125','','','0','0',''),
('2060','41','20170126','','','0','0',''),
('2061','41','20170127','','','0','0',''),
('2062','41','20170128','','','0','0',''),
('2063','41','20170129','','','0','0',''),
('2064','41','20170130','','','0','0',''),
('2065','41','20170131','','','0','0',''),
('2066','41','20170132','','','0','0',''),
('2067','41','20170133','','','0','0',''),
('2068','41','20170134','','','0','0',''),
('2069','41','20170135','','','0','0',''),
('2070','41','20170136','','','0','0',''),
('2071','41','20170137','','','0','0',''),
('2072','41','20170138','','','0','0',''),
('2073','41','20170139','','','0','0',''),
('2074','41','20170140','','','0','0',''),
('2075','41','20170141','','','0','0',''),
('2076','41','20170142','','','0','0',''),
('2077','41','20170143','','','0','0',''),
('2078','41','20170144','','','0','0',''),
('2079','41','20170145','','','0','0',''),
('2080','41','20170146','','','0','0',''),
('2081','41','20170147','','','0','0',''),
('2082','41','20170148','','','0','0',''),
('2083','41','20170149','','','0','0',''),
('2084','41','20170150','','','0','0',''),
('2085','41','20170151','','','0','0',''),
('2086','41','20170152','','','0','0',''),
('2087','41','20170153','','','0','0','');-- <xjx> --

-- ±íµÄÊý¾Ý£ºxh_teacher --
INSERT INTO `xh_teacher` VALUES
('1','WYH','王永辉','男','15095519896','123456','计算机组'),
('2','GS','郭盛','男','18993351660','123456','计算机组'),
('3','YZH','姚振华','男','15825836792','123456','计算机组'),
('4','LHB','卢宏博','男','13919540500','123456','计算机组'),
('5','XHT','薛红涛','男','13993396695','123456','计算机组'),
('6','SCB','孙崇丙','男','15509332828','123456','计算机组'),
('7','ZHH','闫会会','女','13809337258','123456','计算机组'),
('8','WR','武瑞','女','13830395569','123456','计算机组'),
('9','WLZ','王灵张','男','15095526486','123456','计算机组'),
('10','GXY','高雪莹','女','13993392459','123456','计算机组'),
('11','HJH','胡建华','男','18293326331','123456','计算机组'),
('12','WXQ','王喜前','男','13919502410','123456','计算机组'),
('13','WHL','王惠莲','男','15120401699','123456','计算机组'),
('14','YXY','袁小颖','女','18193327053','123456','计算机组'),
('15','GW','高伟','男','18215332957','123456','计算机组'),
('16','MWQ','马文强','男','15097061324','123456','计算机组'),
('17','HN','黄宁','男','13629330364','123456','计算机组'),
('18','SCS','史春生','男','15249331153','123456','计算机组'),
('19','ZJM','朱金明','女','18152251286','123456','计算机组'),
('20','WLM','王黎民','男','18215302226','123456','计算机组'),
('21','CC','陈超','男','18293385819','123456','机加工组'),
('22','DHW','杜红伟','男','18034628112','123456','机加工组'),
('23','SCY','史晨宇','女','15809330363','123456','电子电器组'),
('24','SYM','邵禹铭','男','15249301458','123456','服务组'),
('25','SWZ','史万珍','女','15193355701','123456','服务组'),
('26','DWH','杜文华','女','15352060239','123456','服务组'),
('27','GLY','高乐义','男','13830349752','123456','机电焊接组'),
('28','YY','姚远','男','18293324549','123456','机电焊接组'),
('29','FSQ','冯三强','男','17339769339','123456','机电焊接组'),
('30','GLL','郭亮亮','男','13993343914','123456','机电焊接组'),
('31','ZJL','赵金龙','男','13919533955','123456','服务组'),
('32','LFF','刘飞飞','男','18215377808','123456','服务组'),
('33','FMM','樊苗苗','女','13830375080','123456','学前教育组'),
('34','JL','巨琳','女','18693302580','123456','学前教育组'),
('35','TXL','陶晓玲','女','15293306289','123456','学前教育组'),
('36','FXD','冯旭东','男','18993333131','123456','数英组'),
('37','CYC','褚翊超','男','15249324062','123456','机电焊接组');-- <xjx> --

-- ±íµÄÊý¾Ý£ºxh_term --
INSERT INTO `xh_term` VALUES
('1','2017-2018-1');-- <xjx> --

-- ±íµÄÊý¾Ý£ºxh_user --
INSERT INTO `xh_user` VALUES
('1','admin','7911336b11c605acc3884920384d96ed','1509323505','0.0.0.0','0'),
('2','xiaohan','7911336b11c605acc3884920384d96ed','1505718164','127.0.0.1','0'),
('3','cm','e10adc3949ba59abbe56e057f20f883e','1505201675','127.0.0.1','1'),
('4','em','e10adc3949ba59abbe56e057f20f883e','1505290542','127.0.0.1','1'),
('5','dm','e10adc3949ba59abbe56e057f20f883e','1505353912','127.0.0.1','0');-- <xjx> --

