-- ±íµÄ½á¹¹£ºxh_access --
CREATE TABLE `xh_access` (
  `role_id` smallint(6) unsigned NOT NULL,
  `node_id` smallint(6) unsigned NOT NULL,
  `level` tinyint(1) NOT NULL,
  `module` varchar(50) DEFAULT NULL,
  KEY `groupId` (`role_id`),
  KEY `nodeId` (`node_id`)
) ENGINE=MyISAM DEFAULT CHARSET=utf8 COMMENT='权限配备表';-- <xjx> --

-- ±íµÄ½á¹¹£ºxh_classes --
CREATE TABLE `xh_classes` (
  `id` int(5) unsigned NOT NULL AUTO_INCREMENT,
  `ccode` varchar(6) NOT NULL,
  `cname` varchar(100) NOT NULL,
  `master` varchar(9) NOT NULL COMMENT '班主任',
  `zjsj` varchar(11) NOT NULL COMMENT '组建时间',
  `proname` varchar(50) NOT NULL COMMENT '专业名称',
  PRIMARY KEY (`id`),
  UNIQUE KEY `ccode` (`ccode`)
) ENGINE=MyISAM AUTO_INCREMENT=25 DEFAULT CHARSET=utf8 COMMENT='班级表';-- <xjx> --

-- ±íµÄ½á¹¹£ºxh_course --
CREATE TABLE `xh_course` (
  `id` int(10) NOT NULL AUTO_INCREMENT,
  `name` varchar(50) NOT NULL,
  `proname` varchar(50) NOT NULL COMMENT '专业名称',
  `coursetype` int(1) NOT NULL DEFAULT '2' COMMENT '1-公共课 2-专业课',
  PRIMARY KEY (`id`)
) ENGINE=MyISAM AUTO_INCREMENT=24 DEFAULT CHARSET=utf8 COMMENT='课程表';-- <xjx> --

-- ±íµÄ½á¹¹£ºxh_news --
CREATE TABLE `xh_news` (
  `id` int(11) NOT NULL AUTO_INCREMENT,
  `title` varchar(255) NOT NULL,
  `content` text NOT NULL,
  `pubtype` int(1) NOT NULL COMMENT 'pubtype=1 表示管理员->所有教师和学生，pubtype=3 表示管理员->所有学生 4-教师->学生(限定班级)',
  `ccode` varchar(6) NOT NULL COMMENT '如果是教师->学生，则指定班级，其他班级学生不接收',
  `userxm` varchar(30) NOT NULL,
  `pubtime` int(10) NOT NULL,
  PRIMARY KEY (`id`)
) ENGINE=MyISAM AUTO_INCREMENT=5 DEFAULT CHARSET=utf8 COMMENT='新闻通知公告表';-- <xjx> --

-- ±íµÄ½á¹¹£ºxh_node --
CREATE TABLE `xh_node` (
  `id` smallint(6) unsigned NOT NULL AUTO_INCREMENT,
  `name` varchar(20) NOT NULL,
  `title` varchar(50) DEFAULT NULL,
  `status` tinyint(1) DEFAULT '0',
  `remark` varchar(255) DEFAULT NULL,
  `sort` smallint(6) unsigned DEFAULT NULL,
  `pid` smallint(6) unsigned NOT NULL,
  `level` tinyint(1) unsigned NOT NULL,
  PRIMARY KEY (`id`),
  KEY `level` (`level`),
  KEY `pid` (`pid`),
  KEY `status` (`status`),
  KEY `name` (`name`)
) ENGINE=MyISAM AUTO_INCREMENT=133 DEFAULT CHARSET=utf8 COMMENT='节点表';-- <xjx> --

-- ±íµÄ½á¹¹£ºxh_office --
CREATE TABLE `xh_office` (
  `id` int(5) NOT NULL AUTO_INCREMENT,
  `name` varchar(50) NOT NULL,
  PRIMARY KEY (`id`)
) ENGINE=MyISAM AUTO_INCREMENT=8 DEFAULT CHARSET=utf8 COMMENT='处室表';-- <xjx> --

-- ±íµÄ½á¹¹£ºxh_professional --
CREATE TABLE `xh_professional` (
  `id` int(5) unsigned NOT NULL AUTO_INCREMENT,
  `name` varchar(50) NOT NULL,
  PRIMARY KEY (`id`)
) ENGINE=MyISAM AUTO_INCREMENT=11 DEFAULT CHARSET=utf8 COMMENT='专业';-- <xjx> --

-- ±íµÄ½á¹¹£ºxh_role --
CREATE TABLE `xh_role` (
  `id` smallint(6) unsigned NOT NULL AUTO_INCREMENT,
  `name` varchar(20) NOT NULL,
  `pid` smallint(6) DEFAULT NULL,
  `status` tinyint(1) unsigned DEFAULT NULL,
  `remark` varchar(255) DEFAULT NULL,
  PRIMARY KEY (`id`),
  KEY `pid` (`pid`),
  KEY `status` (`status`)
) ENGINE=MyISAM AUTO_INCREMENT=5 DEFAULT CHARSET=utf8 COMMENT='角色表';-- <xjx> --

-- ±íµÄ½á¹¹£ºxh_role_user --
CREATE TABLE `xh_role_user` (
  `role_id` mediumint(9) unsigned DEFAULT NULL,
  `user_id` char(32) DEFAULT NULL,
  KEY `group_id` (`role_id`),
  KEY `user_id` (`user_id`)
) ENGINE=MyISAM DEFAULT CHARSET=utf8 COMMENT='角色配置表';-- <xjx> --

-- ±íµÄ½á¹¹£ºxh_site --
CREATE TABLE `xh_site` (
  `id` int(10) NOT NULL AUTO_INCREMENT,
  `title` varchar(200) NOT NULL,
  `description` text NOT NULL,
  `keywords` varchar(200) NOT NULL,
  `copyright` varchar(200) NOT NULL,
  `icp` varchar(200) NOT NULL,
  `address` varchar(255) NOT NULL,
  PRIMARY KEY (`id`)
) ENGINE=MyISAM AUTO_INCREMENT=5 DEFAULT CHARSET=utf8 COMMENT='站点信息表';-- <xjx> --

-- ±íµÄ½á¹¹£ºxh_student --
CREATE TABLE `xh_student` (
  `id` int(10) unsigned NOT NULL AUTO_INCREMENT,
  `xsno` varchar(13) NOT NULL,
  `xsxm` varchar(20) NOT NULL,
  `xsxb` varchar(2) NOT NULL,
  `xsmm` varchar(32) NOT NULL DEFAULT '123456',
  `rxsj` varchar(11) NOT NULL COMMENT '入学时间',
  `ccode` int(5) unsigned NOT NULL COMMENT '班级编码',
  PRIMARY KEY (`id`),
  UNIQUE KEY `xsno` (`xsno`)
) ENGINE=MyISAM AUTO_INCREMENT=503 DEFAULT CHARSET=utf8 COMMENT='学生表';-- <xjx> --

-- ±íµÄ½á¹¹£ºxh_sxdisexicise --
CREATE TABLE `xh_sxdisexicise` (
  `deid` int(11) NOT NULL AUTO_INCREMENT,
  `peid` int(11) NOT NULL COMMENT '所属任务',
  `atuser` varchar(50) NOT NULL DEFAULT '',
  `content` text NOT NULL COMMENT '评价内容',
  `userxm` varchar(20) NOT NULL COMMENT '参评用户',
  `usertype` varchar(10) NOT NULL COMMENT '参评用户类型：教师和学生',
  `distime` int(11) NOT NULL COMMENT '参评时间',
  `pdeid` int(11) NOT NULL COMMENT 'pid',
  PRIMARY KEY (`deid`)
) ENGINE=MyISAM DEFAULT CHARSET=utf8 COMMENT='实训任务讨论评价表';-- <xjx> --

-- ±íµÄ½á¹¹£ºxh_sxpubexcise --
CREATE TABLE `xh_sxpubexcise` (
  `peid` int(10) NOT NULL AUTO_INCREMENT,
  `scid` int(10) NOT NULL COMMENT '指定教师班级课程',
  `title` varchar(100) NOT NULL COMMENT '任务标题',
  `desc` text NOT NULL COMMENT '任务描述',
  `url` varchar(500) NOT NULL,
  `filename` varchar(200) NOT NULL,
  `status` int(11) NOT NULL DEFAULT '0' COMMENT '布置否，0表示否',
  `pubtime` int(11) NOT NULL COMMENT '布置时间',
  `isrec` int(1) NOT NULL DEFAULT '0' COMMENT '是否推荐，0表示不推荐',
  PRIMARY KEY (`peid`)
) ENGINE=MyISAM DEFAULT CHARSET=utf8 COMMENT='发布作业表';-- <xjx> --

-- ±íµÄ½á¹¹£ºxh_sxsetcourse --
CREATE TABLE `xh_sxsetcourse` (
  `scid` int(10) NOT NULL AUTO_INCREMENT,
  `jsno` varchar(9) NOT NULL,
  `ccode` varchar(6) NOT NULL,
  `coursename` varchar(50) NOT NULL COMMENT '课程名称',
  `term` varchar(11) NOT NULL COMMENT '学期',
  PRIMARY KEY (`scid`)
) ENGINE=MyISAM DEFAULT CHARSET=utf8 COMMENT='设置课程表';-- <xjx> --

-- ±íµÄ½á¹¹£ºxh_sxsubexcise --
CREATE TABLE `xh_sxsubexcise` (
  `seid` int(11) NOT NULL AUTO_INCREMENT,
  `peid` int(10) NOT NULL COMMENT '教师布置的任务',
  `xsno` varchar(13) NOT NULL COMMENT '学号',
  `desc` varchar(50) NOT NULL COMMENT '自我评价',
  `filename` varchar(100) NOT NULL COMMENT '附件文件名',
  `status` int(1) NOT NULL DEFAULT '0' COMMENT '提交否，0未提交',
  `subtime` int(11) NOT NULL COMMENT '提交时间',
  `isrec` varchar(50) NOT NULL COMMENT '教师评价',
  PRIMARY KEY (`seid`)
) ENGINE=MyISAM DEFAULT CHARSET=utf8 COMMENT='学生任务完成表';-- <xjx> --

-- ±íµÄ½á¹¹£ºxh_teacher --
CREATE TABLE `xh_teacher` (
  `id` int(5) unsigned NOT NULL AUTO_INCREMENT,
  `jsno` varchar(9) NOT NULL,
  `jsxm` varchar(10) NOT NULL,
  `jsxb` varchar(2) NOT NULL,
  `jsdh` varchar(11) NOT NULL,
  `jsmm` varchar(32) NOT NULL DEFAULT '123456',
  `offname` varchar(50) NOT NULL COMMENT '处室名称',
  PRIMARY KEY (`id`),
  UNIQUE KEY `jsno` (`jsno`)
) ENGINE=MyISAM AUTO_INCREMENT=38 DEFAULT CHARSET=utf8 COMMENT='教师表';-- <xjx> --

-- ±íµÄ½á¹¹£ºxh_term --
CREATE TABLE `xh_term` (
  `id` int(5) NOT NULL AUTO_INCREMENT,
  `name` varchar(11) NOT NULL,
  PRIMARY KEY (`id`)
) ENGINE=MyISAM AUTO_INCREMENT=2 DEFAULT CHARSET=utf8 COMMENT='学期';-- <xjx> --

-- ±íµÄ½á¹¹£ºxh_user --
CREATE TABLE `xh_user` (
  `id` int(10) unsigned NOT NULL AUTO_INCREMENT,
  `username` varchar(20) NOT NULL DEFAULT '',
  `password` char(32) NOT NULL DEFAULT '',
  `logintime` int(10) unsigned NOT NULL DEFAULT '0',
  `loginip` char(20) CHARACTER SET ucs2 NOT NULL DEFAULT '',
  `lock` smallint(1) unsigned NOT NULL DEFAULT '0' COMMENT '0-正常 1-锁定',
  PRIMARY KEY (`id`),
  UNIQUE KEY `username` (`username`)
) ENGINE=MyISAM AUTO_INCREMENT=18 DEFAULT CHARSET=utf8 COMMENT='用户表';-- <xjx> --

-- ±íµÄÊý¾Ý£ºxh_access --
INSERT INTO `xh_access` VALUES
('4','105','3',NULL),
('4','104','3',NULL),
('4','103','3',NULL),
('4','102','3',NULL),
('4','101','3',NULL),
('4','100','3',NULL),
('4','99','3',NULL),
('4','98','3',NULL),
('4','97','3',NULL),
('4','96','3',NULL),
('4','93','3',NULL),
('4','92','3',NULL),
('4','91','3',NULL),
('4','90','3',NULL),
('4','89','3',NULL),
('4','88','3',NULL),
('4','87','3',NULL),
('4','8','2',NULL),
('4','132','3',NULL),
('4','131','3',NULL),
('4','130','3',NULL),
('4','86','3',NULL),
('4','85','3',NULL),
('4','84','3',NULL),
('4','83','3',NULL),
('4','82','3',NULL),
('4','81','3',NULL),
('4','80','3',NULL),
('4','79','3',NULL),
('4','78','3',NULL),
('4','77','3',NULL),
('4','76','3',NULL),
('4','75','3',NULL),
('4','74','3',NULL),
('4','73','3',NULL),
('4','72','3',NULL),
('4','71','3',NULL),
('4','70','3',NULL),
('1','105','3',NULL),
('1','104','3',NULL),
('1','103','3',NULL),
('1','102','3',NULL),
('1','101','3',NULL),
('1','100','3',NULL),
('1','99','3',NULL),
('1','98','3',NULL),
('1','97','3',NULL),
('1','96','3',NULL),
('1','93','3',NULL),
('1','92','3',NULL),
('1','91','3',NULL),
('1','90','3',NULL),
('1','89','3',NULL),
('1','88','3',NULL),
('1','87','3',NULL),
('1','8','2',NULL),
('1','132','3',NULL),
('1','131','3',NULL),
('1','130','3',NULL),
('1','86','3',NULL),
('1','85','3',NULL),
('1','84','3',NULL),
('1','83','3',NULL),
('1','82','3',NULL),
('1','81','3',NULL),
('1','80','3',NULL),
('1','79','3',NULL),
('1','78','3',NULL),
('1','77','3',NULL),
('1','76','3',NULL),
('1','75','3',NULL),
('1','74','3',NULL),
('1','73','3',NULL),
('1','72','3',NULL),
('1','71','3',NULL),
('1','70','3',NULL),
('1','69','3',NULL),
('1','68','3',NULL),
('1','67','3',NULL),
('1','66','3',NULL),
('1','65','3',NULL),
('1','64','3',NULL),
('1','63','3',NULL),
('1','62','3',NULL),
('1','61','3',NULL),
('1','60','3',NULL),
('1','59','3',NULL),
('1','58','3',NULL),
('1','57','3',NULL),
('1','56','3',NULL),
('1','55','3',NULL),
('1','54','3',NULL),
('1','53','3',NULL),
('1','52','3',NULL),
('1','51','3',NULL),
('1','50','3',NULL),
('1','49','3',NULL),
('1','48','3',NULL),
('1','47','3',NULL),
('1','46','3',NULL),
('1','45','3',NULL),
('1','44','3',NULL),
('1','7','2',NULL),
('1','43','3',NULL),
('1','42','3',NULL),
('1','41','3',NULL),
('2','86','3',NULL),
('2','85','3',NULL),
('2','84','3',NULL),
('2','83','3',NULL),
('2','82','3',NULL),
('2','81','3',NULL),
('2','80','3',NULL),
('2','79','3',NULL),
('2','78','3',NULL),
('2','77','3',NULL),
('2','76','3',NULL),
('2','75','3',NULL),
('2','74','3',NULL),
('2','73','3',NULL),
('2','72','3',NULL),
('2','71','3',NULL),
('2','70','3',NULL),
('2','69','3',NULL),
('2','68','3',NULL),
('2','67','3',NULL),
('2','66','3',NULL),
('2','65','3',NULL),
('2','64','3',NULL),
('2','63','3',NULL),
('2','62','3',NULL),
('2','61','3',NULL),
('2','60','3',NULL),
('2','59','3',NULL),
('2','58','3',NULL),
('2','57','3',NULL),
('2','56','3',NULL),
('2','55','3',NULL),
('2','54','3',NULL),
('2','53','3',NULL),
('2','52','3',NULL),
('2','51','3',NULL),
('2','50','3',NULL),
('2','49','3',NULL),
('2','48','3',NULL),
('2','47','3',NULL),
('2','46','3',NULL),
('2','45','3',NULL),
('2','44','3',NULL),
('2','7','2',NULL),
('2','43','3',NULL),
('2','42','3',NULL),
('2','41','3',NULL),
('2','40','3',NULL),
('2','39','3',NULL),
('2','38','2',NULL),
('2','129','3',NULL),
('2','19','3',NULL),
('2','18','3',NULL),
('2','6','2',NULL),
('2','14','3',NULL),
('2','13','3',NULL),
('2','3','2',NULL),
('2','12','3',NULL),
('2','11','3',NULL),
('2','10','3',NULL),
('2','9','3',NULL),
('2','2','2',NULL),
('3','107','3',NULL),
('3','106','3',NULL),
('3','105','3',NULL),
('3','104','3',NULL),
('3','103','3',NULL),
('3','102','3',NULL),
('3','101','3',NULL),
('3','100','3',NULL),
('3','99','3',NULL),
('3','98','3',NULL),
('3','97','3',NULL),
('3','96','3',NULL),
('3','93','3',NULL),
('3','92','3',NULL),
('3','91','3',NULL),
('3','90','3',NULL),
('3','89','3',NULL),
('3','88','3',NULL),
('3','87','3',NULL),
('3','8','2',NULL),
('3','43','3',NULL),
('3','42','3',NULL),
('3','41','3',NULL),
('3','40','3',NULL),
('3','39','3',NULL),
('3','38','2',NULL),
('3','129','3',NULL),
('3','19','3',NULL),
('3','18','3',NULL),
('3','6','2',NULL),
('3','14','3',NULL),
('3','13','3',NULL),
('3','3','2',NULL),
('3','12','3',NULL),
('3','11','3',NULL),
('3','10','3',NULL),
('3','9','3',NULL),
('3','2','2',NULL),
('3','1','1',NULL),
('1','40','3',NULL),
('1','39','3',NULL),
('1','38','2',NULL),
('1','129','3',NULL),
('1','19','3',NULL),
('1','18','3',NULL),
('1','6','2',NULL),
('1','14','3',NULL),
('1','13','3',NULL),
('1','3','2',NULL),
('1','12','3',NULL),
('1','11','3',NULL),
('1','10','3',NULL),
('1','9','3',NULL),
('1','2','2',NULL),
('4','69','3',NULL),
('4','68','3',NULL),
('4','67','3',NULL),
('4','66','3',NULL),
('4','65','3',NULL),
('4','64','3',NULL),
('4','63','3',NULL),
('4','62','3',NULL),
('4','61','3',NULL),
('4','60','3',NULL),
('4','59','3',NULL),
('4','58','3',NULL),
('4','57','3',NULL),
('4','56','3',NULL),
('4','55','3',NULL),
('4','54','3',NULL),
('4','53','3',NULL),
('4','52','3',NULL),
('4','51','3',NULL),
('4','50','3',NULL),
('4','49','3',NULL),
('4','48','3',NULL),
('4','47','3',NULL),
('4','46','3',NULL),
('4','45','3',NULL),
('4','44','3',NULL),
('4','7','2',NULL),
('4','43','3',NULL),
('4','42','3',NULL),
('4','41','3',NULL),
('4','40','3',NULL),
('4','39','3',NULL),
('4','38','2',NULL),
('4','129','3',NULL),
('4','19','3',NULL),
('4','18','3',NULL),
('4','6','2',NULL),
('4','37','3',NULL),
('4','36','3',NULL),
('4','35','3',NULL),
('4','34','3',NULL),
('4','33','3',NULL),
('4','32','3',NULL),
('4','31','3',NULL),
('4','30','3',NULL),
('4','29','3',NULL),
('4','28','3',NULL),
('4','27','3',NULL),
('4','26','3',NULL),
('4','25','3',NULL),
('4','24','3',NULL),
('4','23','3',NULL),
('4','22','3',NULL),
('4','21','3',NULL),
('4','20','3',NULL),
('4','5','2',NULL),
('4','128','3',NULL),
('4','127','3',NULL),
('4','126','3',NULL),
('4','125','3',NULL),
('4','124','3',NULL),
('4','123','3',NULL),
('4','122','3',NULL),
('4','121','3',NULL),
('4','120','3',NULL),
('4','119','3',NULL),
('4','118','3',NULL),
('4','117','3',NULL),
('4','116','3',NULL),
('4','115','3',NULL),
('4','113','3',NULL),
('4','114','3',NULL),
('4','16','3',NULL),
('4','15','3',NULL),
('4','4','2',NULL),
('4','14','3',NULL),
('4','13','3',NULL),
('4','3','2',NULL),
('4','12','3',NULL),
('4','11','3',NULL),
('4','10','3',NULL),
('4','9','3',NULL),
('4','2','2',NULL),
('1','1','1',NULL),
('2','1','1',NULL),
('3','108','3',NULL),
('4','1','1',NULL),
('1','106','3',NULL),
('1','107','3',NULL),
('1','108','3',NULL),
('2','130','3',NULL),
('2','131','3',NULL),
('2','132','3',NULL),
('4','106','3',NULL),
('4','107','3',NULL),
('4','108','3',NULL);-- <xjx> --

-- ±íµÄÊý¾Ý£ºxh_classes --
INSERT INTO `xh_classes` VALUES
('1','201601','2016级计算机班','YZH','2016-2017-1','计算机平面设计'),
('2','201701','2017级计算机1班','WXQ','2017-2018-1','计算机平面设计'),
('3','201702','2017级计算机2班','LHB','2017-2018-1','计算机平面设计'),
('4','201703','2017级计算机3班','HJH','2017-2018-1','计算机平面设计'),
('5','201704','2017级数控1班','CC','2017-2018-1','数控'),
('6','201705','2017级数控2班','DHW','2017-2018-1','数控'),
('7','201706','2017级服装1班','WLM','2017-2018-1','服装设计'),
('8','201707','2017级服装2班','SYM','2017-2018-1','服装设计'),
('9','201708','2017级焊接1班','GLY','2017-2018-1','焊接'),
('10','201709','2017级焊接2班','YY','2017-2018-1','焊接'),
('11','201710','2017级电子电器1班','XHT','2017-2018-1','电子电器'),
('12','201711','2017级电子电器2班','SCY','2017-2018-1','电子电器'),
('13','201712','2017级汽修1班','ZJL','2017-2018-1','汽车应用与维修'),
('14','201713','2017级汽修2班','LFF','2017-2018-1','汽车应用与维修'),
('15','201714','2017级酒店1班','SWZ','2017-2018-1','酒店管理'),
('16','201715','2017级酒店2班','DWH','2017-2018-1','酒店管理'),
('17','201716','2017级学前教育1班','FMM','2017-2018-1','学前教育'),
('18','201717','2017级学前教育2班','JL','2017-2018-1','学前教育'),
('19','201718','2017级学前教育3班','TXL','2017-2018-1','学前教育'),
('20','201719','2017级机电1班','FSQ','2017-2018-1','机电一体化'),
('21','201720','2017级机电2班','GLL','2017-2018-1','机电一体化'),
('22','201721','2017级电子商务班','GXY','2017-2018-1','电子商务'),
('23','201602','2016级信息类高考班','FXD','2016-2017-1','计算机平面设计'),
('24','201603','2016级电子商务班','CYC','2016-2017-1','电子商务');-- <xjx> --

-- ±íµÄÊý¾Ý£ºxh_course --
INSERT INTO `xh_course` VALUES
('13','计算机应用基础','计算机平面设计','1'),
('14','Flash动漫设计与制作','计算机平面设计','2'),
('15','PS图形图像处理','计算机平面设计','2'),
('16','美工基础','计算机平面设计','2'),
('17','网页制作','计算机平面设计','2'),
('18','AE影视后期制作','计算机平面设计','2'),
('19','VF数据库基础','计算机平面设计','2'),
('20','CorelDRAW','计算机平面设计','2'),
('21','企业网搭建','计算机平面设计','2'),
('22','计算机网络技术','计算机平面设计','2'),
('23','自由设计','计算机平面设计','2');-- <xjx> --

-- ±íµÄÊý¾Ý£ºxh_news --
INSERT INTO `xh_news` VALUES
('1','系统消息','<p>任务管理系统已部署到位，使用时请注意下面三个问题：</p><p>1、教师用户名为姓名的首写字母(大小写不区分)，密码默认为123456；</p><p>2、学生用户名为班级编号(六位)+班级序号（两位），需教师在第一次发布任务后参照学生完成列表告诉学生，密码默认为123456；</p><p>3、若在使用中遇到问题，请及时联系计算机教研室郭老师解决，电话：18993351660。</p>','1','','admin','1505259274');-- <xjx> --

-- ±íµÄÊý¾Ý£ºxh_node --
INSERT INTO `xh_node` VALUES
('1','Admin','管理员','1',NULL,'1','0','1'),
('2','Login','登录管理','1',NULL,'1','1','2'),
('3','Index','首页管理','1',NULL,'2','1','2'),
('4','System','系统设置','1',NULL,'3','1','2'),
('5','Rbac','权限管理','1',NULL,'4','1','2'),
('6','Userinfor','个人信息','1',NULL,'5','1','2'),
('7','Basicdata','基础数据管理','1',NULL,'7','1','2'),
('8','Excise','实训任务管理','1',NULL,'8','1','2'),
('9','index','登录视图','1',NULL,'1','2','3'),
('10','login','登录处理','1',NULL,'1','2','3'),
('11','verify','验证码显示','1',NULL,'1','2','3'),
('12','logout','退出登录','1',NULL,'1','2','3'),
('13','index','首页视图','1',NULL,'1','3','3'),
('14','infor','运行环境','1',NULL,'1','3','3'),
('15','site','系统全局设置','1',NULL,'1','4','3'),
('16','verify','验证码设置','1',NULL,'1','4','3'),
('114','install','系统部署设置视图','1',NULL,'1','4','3'),
('18','index','登录信息','1',NULL,'1','6','3'),
('19','editUserpass','修改密码','1',NULL,'1','6','3'),
('20','resetUSER','初始化用户','1',NULL,'1','5','3'),
('21','resetROLE','初始化角色','1',NULL,'1','5','3'),
('22','resetNODE','初始化节点','1',NULL,'1','5','3'),
('23','index','用户列表','1',NULL,'1','5','3'),
('24','role','角色列表','1',NULL,'1','5','3'),
('25','node','节点列表','1',NULL,'1','5','3'),
('26','sortNode','节点排序','1',NULL,'1','5','3'),
('27','addUser','用户添加','1',NULL,'1','5','3'),
('28','editUser','用户角色配置','1',NULL,'1','5','3'),
('29','lock','用户锁定修改','1',NULL,'1','5','3'),
('30','delUser','用户删除','1',NULL,'1','5','3'),
('31','addRole','角色添加','1',NULL,'1','5','3'),
('32','editRole','角色修改','1',NULL,'1','5','3'),
('33','delRole','角色删除','1',NULL,'1','5','3'),
('34','addNode','节点添加','1',NULL,'1','5','3'),
('35','editNode','节点修改','1',NULL,'1','5','3'),
('36','delNode','节点删除','1',NULL,'1','5','3'),
('37','access','角色权限配置','1',NULL,'1','5','3'),
('38','Home','消息管理','1',NULL,'6','1','2'),
('39','resetNEWS','初始化消息','1',NULL,'1','38','3'),
('40','news','消息列表','1',NULL,'1','38','3'),
('41','addNews','消息添加','1',NULL,'1','38','3'),
('42','editNews','消息修改','1',NULL,'1','38','3'),
('43','delNews','消息删除','1',NULL,'1','38','3'),
('44','resetTER','初始化学期','1',NULL,'1','7','3'),
('45','resetPRO','初始化专业','1',NULL,'1','7','3'),
('46','resetOFF','初始化处室','1',NULL,'1','7','3'),
('47','resetCOU','初始化课程','1',NULL,'1','7','3'),
('48','resetTEA','初始化教师','1',NULL,'1','7','3'),
('49','resetCLA','初始化班级','1',NULL,'1','7','3'),
('50','resetSTU','初始化学生','1',NULL,'1','7','3'),
('51','term','学期列表','1',NULL,'1','7','3'),
('52','saveTerm','添加修改学期视图','1',NULL,'1','7','3'),
('53','saveTermH','添加修改学期处理','1',NULL,'1','7','3'),
('54','delTerm','删除学期','1',NULL,'1','7','3'),
('55','professional','专业列表','1',NULL,'1','7','3'),
('56','saveProfessional','添加修改专业视图','1',NULL,'1','7','3'),
('57','saveProfessionalH','添加修改专业处理','1',NULL,'1','7','3'),
('58','importProfessional','导入专业','1',NULL,'1','7','3'),
('59','delProfessional','删除专业','1',NULL,'1','7','3'),
('60','office','处室列表','1',NULL,'1','7','3'),
('61','saveOffice','添加修改处室视图','1',NULL,'1','7','3'),
('62','saveOfficeH','添加修改处室处理','1',NULL,'1','7','3'),
('63','importOffice','导入处室','1',NULL,'1','7','3'),
('64','delOffice','删除处室','1',NULL,'1','7','3'),
('65','course','课程列表','1',NULL,'1','7','3'),
('66','saveCourse','添加修改课程视图','1',NULL,'1','7','3'),
('67','saveCourseH','添加修改课程处理','1',NULL,'1','7','3'),
('68','importCourse','导入课程','1',NULL,'1','7','3'),
('69','delCourse','删除课程','1',NULL,'1','7','3'),
('70','classes','班级列表','1',NULL,'1','7','3'),
('71','saveClasses','添加修改班级视图','1',NULL,'1','7','3'),
('72','saveClassesH','添加修改班级处理','1',NULL,'1','7','3'),
('73','importClasses','导入班级','1',NULL,'1','7','3'),
('74','delClasses','删除班级','1',NULL,'1','7','3'),
('75','teacher','教师列表','1',NULL,'1','7','3'),
('76','saveTeacher','添加修改教师视图','1',NULL,'1','7','3'),
('77','saveTeacherH','添加修改教师处理','1',NULL,'1','7','3'),
('78','importTeacher','导入教师','1',NULL,'1','7','3'),
('79','resetTeacherPass','教师登录密码重置','1',NULL,'1','7','3'),
('80','delTeacher','删除教师','1',NULL,'1','7','3'),
('81','student','学生列表','1',NULL,'1','7','3'),
('82','saveStudent','添加修改学生视图','1',NULL,'1','7','3'),
('83','saveStudentH','添加修改学生处理','1',NULL,'1','7','3'),
('84','importStudent','导入学生','1',NULL,'1','7','3'),
('85','resetStudentPass','学生登录密码重置','1',NULL,'1','7','3'),
('86','delStudent','删除学生','1',NULL,'1','7','3'),
('87','resetSX','初始化所有实训任务','1',NULL,'1','8','3'),
('88','courseTable','课程列表','1',NULL,'1','8','3'),
('89','coursetableSave','添加课程','1',NULL,'1','8','3'),
('90','sxcoursePackage','课程资料下载','1',NULL,'1','8','3'),
('91','delcourseTable','删除课程表','1',NULL,'1','8','3'),
('92','sxpubexciseList','任务列表','1',NULL,'1','8','3'),
('93','sxpubexciseSave','添加任务','1',NULL,'1','8','3'),
('96','sxpubexciseStatus','任务发布状态修改','1',NULL,'1','8','3'),
('97','sxpubexciseDownAttac','任务附件下载','1',NULL,'1','8','3'),
('98','sxpubexciseDel','删除任务','1',NULL,'1','8','3'),
('99','sxexcisePackage','任务资料下载','1',NULL,'1','8','3'),
('100','sxsubexciseList','学生完成列表','1',NULL,'1','8','3'),
('101','sxsubexciseTable','任务完成情况Excel下载','1',NULL,'1','8','3'),
('102','sxexciseDiscuss','交流讨论','1',NULL,'1','8','3'),
('103','sxexciseDiscussSave','添加发言','1',NULL,'1','8','3'),
('104','sxexciseDiscussDel','删除发言','1',NULL,'1','8','3'),
('105','sxsubexciseDownAttac','学生作业下载','1',NULL,'1','8','3'),
('106','sxsubexciseDel','删除学生作业','1',NULL,'1','8','3'),
('107','sxsubexciseRedo','指定学生作业重做','1',NULL,'1','8','3'),
('108','sxsubexciseRedoAll','一键所有学生作业重做','1',NULL,'1','8','3'),
('113','backup','数据备份恢复','1',NULL,'1','4','3'),
('115','resetTEMP','清理系统临时文件','1',NULL,'1','4','3'),
('116','resetUSER','用户数据清空','1',NULL,'1','4','3'),
('117','resetROLE','角色数据清空','1',NULL,'1','4','3'),
('118','resetNODE','节点数据清空','1',NULL,'1','4','3'),
('119','resetNEWS','消息数据清空','1',NULL,'1','4','3'),
('120','resetTER','学期数据清空','1',NULL,'1','4','3'),
('121','resetPRO','专业数据清空','1',NULL,'1','4','3'),
('122','resetOFF','处室数据清空','1',NULL,'1','4','3'),
('123','resetCOU','课程数据清空','1',NULL,'1','4','3'),
('124','resetTEA','教师数据清空','1',NULL,'1','4','3'),
('125','resetCLA','班级数据清空','1',NULL,'1','4','3'),
('126','resetSTU','学生数据清空','1',NULL,'1','4','3'),
('127','resetSX','实训任务数据清空','1',NULL,'1','4','3'),
('128','resetUPFILE','实训任务文件清理','1',NULL,'1','4','3'),
('129','access','个人权限查看','1',NULL,'1','6','3'),
('130','delProfessionalCou','清空指定专业的课程','1',NULL,'1','7','3'),
('131','delOfficeTea','清空指定处室的教师','1',NULL,'1','7','3'),
('132','delClassesStu','清空指定班级的学生','1',NULL,'1','7','3');-- <xjx> --

-- ±íµÄÊý¾Ý£ºxh_office --
INSERT INTO `xh_office` VALUES
('1','计算机组'),
('2','机加工组'),
('3','电子电器组'),
('4','服务组'),
('5','机电焊接组'),
('6','学前教育组'),
('7','数英组');-- <xjx> --

-- ±íµÄÊý¾Ý£ºxh_professional --
INSERT INTO `xh_professional` VALUES
('1','计算机平面设计'),
('2','数控'),
('3','服装设计'),
('4','焊接'),
('5','电子电器'),
('6','汽车应用与维修'),
('7','酒店管理'),
('8','学前教育'),
('9','机电一体化'),
('10','电子商务');-- <xjx> --

-- ±íµÄÊý¾Ý£ºxh_role --
INSERT INTO `xh_role` VALUES
('1','SystemAdmin',NULL,'1','系统管理员'),
('2','DataManager',NULL,'1','基础数据管理员'),
('3','ExciseManager',NULL,'1','实训任务管理员'),
('4','SuperAdmin',NULL,'1','超级管理员');-- <xjx> --

-- ±íµÄÊý¾Ý£ºxh_role_user --
INSERT INTO `xh_role_user` VALUES
('2','14'),
('3','15'),
('4','16'),
('1','17');-- <xjx> --

-- ±íµÄÊý¾Ý£ºxh_site --
INSERT INTO `xh_site` VALUES
('1','任务管理系统','基于B/S模式,采用PHP语言+Apache服务器+MySQL数据库设计开发.\r\n针对计算机专业项目教学中的任务管理开发.','','©版权归泾川县职业教育中心计算机教研室郭盛老师所有,联系电话:18993351660','','推荐使用360浏览器或谷歌浏览器,计算机分辨率为1440*900或1280*800；地址:泾川县城北新区新城西路,电话:0933-3308249'),
('2','简介','<p style=\"margin-top: 0px; margin-bottom: 0px; padding: 8px; font-family: Arial, Helvetica, sans-serif, 宋体; font-size: 12px; white-space: normal; text-align: center; background-color: rgb(255, 255, 255);\"><span style=\"color: rgb(238, 19, 15); font-family: Arial, Helvetica, sans-serif, 宋体; font-weight: bold; line-height: 40px; text-align: center; font-size: 20px; background-color: rgb(255, 255, 255);\">泾川县职业教育中心简介</span><span style=\"margin: 0px; padding: 0px; line-height: 28px; color: rgb(77, 78, 83); font-size: 14px;\"></span></p><hr/><p style=\"margin-top: 0px; margin-bottom: 0px; padding: 8px; font-family: Arial, Helvetica, sans-serif, 宋体; font-size: 12px; white-space: normal; background-color: rgb(255, 255, 255);\"><span style=\"color: rgb(77, 78, 83); font-size: 14px; line-height: 28px;\">&nbsp; &nbsp; &nbsp; <strong>泾川县职业教育中心</strong>始建于1983年7月。建校以来，三迁校址，四易校名，现已成为以中等职业技术教育为主体，集高等成人教育、专业技术人员继续教育、城镇下岗职工再就业培训和农村劳动力转移培训为一体的职业教育实体，是国家级重点中等职业学校，国家中等职业教育改革发展示范学校第三批项目建设单位。</span></p><p style=\"margin-top: 0px; margin-bottom: 0px; padding: 8px; list-style-type: none; -webkit-padding-start: 0px; -webkit-margin-before: 0px; -webkit-margin-after: 0px; font-family: Arial, Helvetica, sans-serif, 宋体; font-size: 12px; white-space: normal; background-color: rgb(255, 255, 255);\"><span style=\"margin: 0px; padding: 0px; line-height: 28px; color: rgb(77, 78, 83); font-size: 14px;\">&nbsp; &nbsp; &nbsp; &nbsp;近年来，在省、市、县党委、政府和教育主管部门的正确领导、大力支持和亲切关怀下，泾川县职业教育中心认真贯彻落实党和国家教育方针，以发展职业教育为己任，坚持以服务为宗旨，以就业为导向，不断创新办学理念，大力深化教学改革，不断丰富教育内涵，努力突出办学特色，实现了职业教育的转型跨越发展。基础设施配套完备。</span></p><p style=\"margin-top: 0px; margin-bottom: 0px; padding: 8px; list-style-type: none; -webkit-padding-start: 0px; -webkit-margin-before: 0px; -webkit-margin-after: 0px; font-family: Arial, Helvetica, sans-serif, 宋体; font-size: 12px; white-space: normal; background-color: rgb(255, 255, 255);\"><span style=\"margin: 0px; padding: 0px; line-height: 28px; color: rgb(77, 78, 83); font-size: 14px;\">&nbsp;&nbsp;&nbsp;&nbsp;&nbsp;&nbsp;<strong style=\"margin: 0px; padding: 0px;\">&nbsp;教学质量显著提升。</strong>学校建有教学楼、科技实验楼、学生公寓楼、实训中心、餐饮中心等。建有独立的校园网站，装备有电力拖动、维修电工、数控加工中心、CAD/CAM、PLC、数控仿真模拟等40多个高标准实训室，能满足各个专业学生实习实训及社会培训鉴定需求。</span></p><p style=\"margin-top: 0px; margin-bottom: 0px; padding: 8px; list-style-type: none; -webkit-padding-start: 0px; -webkit-margin-before: 0px; -webkit-margin-after: 0px; font-family: Arial, Helvetica, sans-serif, 宋体; font-size: 12px; white-space: normal; background-color: rgb(255, 255, 255);\"><span style=\"margin: 0px; padding: 0px; line-height: 28px; color: rgb(77, 78, 83); font-size: 14px;\">&nbsp; &nbsp; &nbsp; &nbsp;积极推行理实一体化教学模式和“做中教，做中学”的教学方式，狠抓实训教学，实行“定标、实训、考核、鉴定、竞赛”系列管理，努力培养学生实训操作技能，学生的技能鉴定合格率达到了100%，毕业生“双证”率达到98%以上。先后有400多名学生在各级技能大赛中荣获等次奖；2013年47名学生参加全省“三校生”对口高考，本科录取4人，占参考人数的8.5%，高出全省本科录取率5个百分点，专科及以上录取率达到了100%，参加各级各类征文及课堂讲赛活动获奖师生达200余人次。</span></p><p style=\"margin-top: 0px; margin-bottom: 0px; padding: 8px; list-style-type: none; -webkit-padding-start: 0px; -webkit-margin-before: 0px; -webkit-margin-after: 0px; font-family: Arial, Helvetica, sans-serif, 宋体; font-size: 12px; white-space: normal; background-color: rgb(255, 255, 255);\"><span style=\"margin: 0px; padding: 0px; line-height: 28px; color: rgb(77, 78, 83); font-size: 14px;\">&nbsp;&nbsp;&nbsp;&nbsp;&nbsp;&nbsp;&nbsp;<strong style=\"margin: 0px; padding: 0px;\">培养模式灵活多样。</strong>学校积极开展多层次办学，不断探索职业教育发展途径，加强校际、校企合作，积极推进工学结合、半工半读、订单培养（联合办学）办学模式，联手培养高素质技能型人才。与甘肃电大、陇东学院、陕西中医学院等学校联合，开办成人高等学历教育；与大金中国投资有限公司、宁波菱茂、上海英业达集团等企业签订了校外实训基地协议，建立了企业冠名班，使学生学习有方向，就业有保障。</span></p><p style=\"margin-top: 0px; margin-bottom: 0px; padding: 8px; list-style-type: none; -webkit-padding-start: 0px; -webkit-margin-before: 0px; -webkit-margin-after: 0px; font-family: Arial, Helvetica, sans-serif, 宋体; font-size: 12px; white-space: normal; background-color: rgb(255, 255, 255);\"><span style=\"margin: 0px; padding: 0px; line-height: 28px; color: rgb(77, 78, 83); font-size: 14px;\">&nbsp;&nbsp;&nbsp;&nbsp;&nbsp;&nbsp;&nbsp;<strong style=\"margin: 0px; padding: 0px;\">就业网络四通八达。</strong>积极拓宽就业渠道，持续加大学校与企业的合作力度，与天津、上海、苏州、宁波等地的部分企业建立合作伙伴关系，初步形成了南到广东，西至兰州，北临北京，东达上海的四通八达的就业网络，毕业生就业率达97.4%，学生月收入达到了3500元以上, 实现了“招收一个学生，培养一个学生，就业一个学生，致富一个家庭”的目标。</span></p><p><span style=\"margin: 0px; padding: 0px; line-height: 28px; color: rgb(77, 78, 83); font-size: 14px;\"><strong style=\"margin: 0px; padding: 0px; color: rgb(77, 78, 83); font-family: Arial, Helvetica, sans-serif, 宋体; font-size: 14px; line-height: 28px; white-space: normal; background-color: rgb(255, 255, 255);\">&nbsp; &nbsp; &nbsp; &nbsp; &nbsp;学校所在位置</strong></span></p><p style=\"text-align: center;\"><span style=\"margin: 0px; padding: 0px; line-height: 28px; color: rgb(77, 78, 83); font-size: 14px;\"><strong style=\"margin: 0px; padding: 0px; color: rgb(77, 78, 83); font-family: Arial, Helvetica, sans-serif, 宋体; font-size: 14px; line-height: 28px; white-space: normal; background-color: rgb(255, 255, 255);\"><iframe class=\"ueditor_baidumap\" src=\"http://localhost/xygl/Data/Ueditor/dialogs/map/show.html#center=107.368549,35.346975&zoom=17&width=530&height=340&markers=107.37427,35.338584&markerStyles=l,A\" style=\"width: 617px; height: 414px;\" frameborder=\"0\" width=\"534\" height=\"344\"></iframe></strong></span></p>','','','',''),
('3','首页顶端显示的网站所属单位','平凉理工中等专业学校 | 泾川县职业教育中心','','','','http://www.jczyxx.com'),
('4','10','','','','','');-- <xjx> --

-- ±íµÄÊý¾Ý£ºxh_student --
INSERT INTO `xh_student` VALUES
('1','20160101','何丽','男','123456','2016-2017-1','201601'),
('2','20160102','仇小梅','女','123456','2016-2017-1','201601'),
('3','20160103','刘伟莉','女','123456','2016-2017-1','201601'),
('4','20160104','刘发强','男','123456','2016-2017-1','201601'),
('5','20160105','刘薇','女','123456','2016-2017-1','201601'),
('6','20160106','口自芳','女','123456','2016-2017-1','201601'),
('7','20160107','周世英','女','123456','2016-2017-1','201601'),
('8','20160108','尚玉娇','女','123456','2016-2017-1','201601'),
('9','20160109','岳小乐','女','123456','2016-2017-1','201601'),
('10','20160110','巨喜娟','女','123456','2016-2017-1','201601'),
('11','20160111','张伟','男','123456','2016-2017-1','201601'),
('12','20160112','张文军','男','123456','2016-2017-1','201601'),
('13','20160114','张鸿艳','女','123456','2016-2017-1','201601'),
('14','20160115','晁娅莉','女','123456','2016-2017-1','201601'),
('15','20160116','曹亚龙','男','123456','2016-2017-1','201601'),
('16','20160117','朱宁宁','男','123456','2016-2017-1','201601'),
('17','20160118','朱海燕','女','123456','2016-2017-1','201601'),
('18','20160119','樊龙','男','123456','2016-2017-1','201601'),
('19','20160120','温欢','男','123456','2016-2017-1','201601'),
('20','20160122','王丽娜','女','123456','2016-2017-1','201601'),
('21','20160123','王媛媛','女','123456','2016-2017-1','201601'),
('22','20160124','王春凤','女','123456','2016-2017-1','201601'),
('23','20160125','王鹏','男','123456','2016-2017-1','201601'),
('24','20160126','白文丽','女','123456','2016-2017-1','201601'),
('25','20160127','章文佩','女','123456','2016-2017-1','201601'),
('26','20160128','章鹏杰','男','123456','2016-2017-1','201601'),
('27','20160129','胡亚军','男','123456','2016-2017-1','201601'),
('28','20160130','薛倩','女','123456','2016-2017-1','201601'),
('29','20160131','鲁金丽','女','123456','2016-2017-1','201601'),
('30','20160132','曹荣飞','男','123456','2016-2017-1','201601'),
('31','20160133','付金梅','女','123456','2016-2017-1','201601'),
('32','20160134','郭红艳','女','123456','2016-2017-1','201601'),
('33','20160135','景秀英','女','123456','2016-2017-1','201601'),
('34','20160136','景亚林','女','123456','2016-2017-1','201601'),
('35','20160137','雷苗','女','123456','2016-2017-1','201601'),
('36','20160138','李锐','女','123456','2016-2017-1','201601'),
('37','20160139','李小雪','女','123456','2016-2017-1','201601'),
('38','20160140','梁兴发','男','123456','2016-2017-1','201601'),
('39','20160142','吕萌','女','123456','2016-2017-1','201601'),
('40','20160143','吕少东','男','123456','2016-2017-1','201601'),
('41','20160144','吕小丽','女','123456','2016-2017-1','201601'),
('42','20160145','王海燕','女','123456','2016-2017-1','201601'),
('43','20160146','王红娟','女','123456','2016-2017-1','201601'),
('44','20160147','王娟','女','123456','2016-2017-1','201601'),
('45','20160148','王小唯','女','123456','2016-2017-1','201601'),
('46','20160149','王小霞','女','123456','2016-2017-1','201601'),
('47','20160150','王岩','男','123456','2016-2017-1','201601'),
('48','20160152','魏艳宁','女','123456','2016-2017-1','201601'),
('49','20160153','谢红丽','女','123456','2016-2017-1','201601'),
('50','20160154','辛梓榕','女','123456','2016-2017-1','201601'),
('51','20160155','杨琴','女','123456','2016-2017-1','201601'),
('52','20160156','周新燕','女','123456','2016-2017-1','201601'),
('53','20160158','张亚丽','女','123456','2016-2017-1','201601'),
('54','20160201','史景峰','男','123456','2016-2017-1','201602'),
('55','20160202','李嗥','男','123456','2016-2017-1','201602'),
('56','20160203','康雅哲','女','123456','2016-2017-1','201602'),
('57','20160204','鲁娇娇','女','123456','2016-2017-1','201602'),
('58','20160205','杨莹莹','女','123456','2016-2017-1','201602'),
('59','20160206','赵小燕','女','123456','2016-2017-1','201602'),
('60','20160207','张鑫','男','123456','2016-2017-1','201602'),
('61','20160208','刘宝隆','男','123456','2016-2017-1','201602'),
('62','20160209','于福林','男','123456','2016-2017-1','201602'),
('63','20160210','王蕊','女','123456','2016-2017-1','201602'),
('64','20160211','白小红','女','123456','2016-2017-1','201602'),
('65','20160212','郝晶','女','123456','2016-2017-1','201602'),
('66','20160213','姚金凤','女','123456','2016-2017-1','201602'),
('67','20160214','景瑞雪','女','123456','2016-2017-1','201602'),
('68','20160215','蒋宝龙','男','123456','2016-2017-1','201602'),
('69','20160216','何海瑞','男','123456','2016-2017-1','201602'),
('70','20160217','武娇娇','女','123456','2016-2017-1','201602'),
('71','20160218','脱文艳','女','123456','2016-2017-1','201602'),
('72','20160219','吕双燕','女','123456','2016-2017-1','201602'),
('73','20160220','何红艳','女','123456','2016-2017-1','201602'),
('74','20160221','何金艳','女','123456','2016-2017-1','201602'),
('75','20160222','于强','男','123456','2016-2017-1','201602'),
('76','20160223','任海银','男','123456','2016-2017-1','201602'),
('77','20160224','李永强','男','123456','2016-2017-1','201602'),
('78','20160225','白冰','男','123456','2016-2017-1','201602'),
('79','20160226','朱丽娟','女','123456','2016-2017-1','201602'),
('80','20160227','胡瑾毓','女','123456','2016-2017-1','201602'),
('81','20160228','薛清泉','男','123456','2016-2017-1','201602'),
('82','20160229','王亚军','男','123456','2016-2017-1','201602'),
('83','20160230','景桐','男','123456','2016-2017-1','201602'),
('84','20160231','申文娜','女','123456','2016-2017-1','201602'),
('85','20160232','脱玲玲','女','123456','2016-2017-1','201602'),
('86','20160233','毛丽琴','女','123456','2016-2017-1','201602'),
('87','20160234','袁丽萍','女','123456','2016-2017-1','201602'),
('88','20160235','王雪','女','123456','2016-2017-1','201602'),
('89','20160236','王云飞','男','123456','2016-2017-1','201602'),
('90','20160237','王丹','女','123456','2016-2017-1','201602'),
('91','20160238','刘萍','女','123456','2016-2017-1','201602'),
('92','20160239','朱文娟','女','123456','2016-2017-1','201602'),
('93','20160301','陈亚萍','女','123456','2016-2017-1','201603'),
('94','20160302','代金鑫','男','123456','2016-2017-1','201603'),
('95','20160303','杜美娟','女','123456','2016-2017-1','201603'),
('96','20160304','杜悦','女','123456','2016-2017-1','201603'),
('97','20160305','樊金凤','女','123456','2016-2017-1','201603'),
('98','20160306','樊明星','男','123456','2016-2017-1','201603'),
('99','20160307','高娅妮','女','123456','2016-2017-1','201603'),
('100','20160308','康蕾','女','123456','2016-2017-1','201603'),
('101','20160309','口文华','男','123456','2016-2017-1','201603'),
('102','20160310','雷鑫','女','123456','2016-2017-1','201603'),
('103','20160311','李春艳','女','123456','2016-2017-1','201603'),
('104','20160312','李雪','女','123456','2016-2017-1','201603'),
('105','20160313','李永强','男','123456','2016-2017-1','201603'),
('106','20160314','力文慧','女','123456','2016-2017-1','201603'),
('107','20160315','刘兰','女','123456','2016-2017-1','201603'),
('108','20160316','吕花婷','女','123456','2016-2017-1','201603'),
('109','20160317','吕勇涛','男','123456','2016-2017-1','201603'),
('110','20160318','马海娟','女','123456','2016-2017-1','201603'),
('111','20160319','宁璐','女','123456','2016-2017-1','201603'),
('112','20160320','史玲玲','女','123456','2016-2017-1','201603'),
('113','20160321','史肖肖','女','123456','2016-2017-1','201603'),
('114','20160322','王博','男','123456','2016-2017-1','201603'),
('115','20160323','王丹','女','123456','2016-2017-1','201603'),
('116','20160324','王娟','女','123456','2016-2017-1','201603'),
('117','20160325','王靓','女','123456','2016-2017-1','201603'),
('118','20160326','王苗苗','女','123456','2016-2017-1','201603'),
('119','20160327','王宁','男','123456','2016-2017-1','201603'),
('120','20160328','王瑢','女','123456','2016-2017-1','201603'),
('121','20160329','王雅楠','女','123456','2016-2017-1','201603'),
('122','20160330','魏强','男','123456','2016-2017-1','201603'),
('123','20160331','魏雅雯','女','123456','2016-2017-1','201603'),
('124','20160332','席文涛','男','123456','2016-2017-1','201603'),
('125','20160333','许永新','男','123456','2016-2017-1','201603'),
('126','20160334','闫婷婷','女','123456','2016-2017-1','201603'),
('127','20160335','姚芸','女','123456','2016-2017-1','201603'),
('128','20160336','袁敏','女','123456','2016-2017-1','201603'),
('129','20160337','张楠','男','123456','2016-2017-1','201603'),
('130','20160338','张明星','男','123456','2016-2017-1','201603'),
('131','20160339','张小娟','女','123456','2016-2017-1','201603'),
('132','20160340','张瑜','女','123456','2016-2017-1','201603'),
('133','20160341','张玉宏','男','123456','2016-2017-1','201603'),
('134','20160342','章彤彤','女','123456','2016-2017-1','201603'),
('135','20160343','赵苗苗','女','123456','2016-2017-1','201603'),
('136','20160344','赵明辉','男','123456','2016-2017-1','201603'),
('137','20160345','朱海云','女','123456','2016-2017-1','201603'),
('138','20160346','朱玉燕','女','123456','2016-2017-1','201603'),
('139','20160347','左丽霞','女','123456','2016-2017-1','201603'),
('140','20170101','王燕燕','女','123456','2017-2018-1','201701'),
('141','20170102','罗红艳','女','123456','2017-2018-1','201701'),
('142','20170103','曹永福','男','123456','2017-2018-1','201701'),
('143','20170104','苏鹏','男','123456','2017-2018-1','201701'),
('144','20170105','景浩天','男','123456','2017-2018-1','201701'),
('145','20170106','常文艳','女','123456','2017-2018-1','201701'),
('146','20170107','耿佳美','女','123456','2017-2018-1','201701'),
('147','20170108','脱红芳','女','123456','2017-2018-1','201701'),
('148','20170109','李伟平','男','123456','2017-2018-1','201701'),
('149','20170110','樊补元','男','123456','2017-2018-1','201701'),
('150','20170111','郭超荣','男','123456','2017-2018-1','201701'),
('151','20170112','李艳艳','女','123456','2017-2018-1','201701'),
('152','20170113','薛彩琴','女','123456','2017-2018-1','201701'),
('153','20170114','崔英磾','女','123456','2017-2018-1','201701'),
('154','20170115','赵海晴','女','123456','2017-2018-1','201701'),
('155','20170116','吕盼弟','女','123456','2017-2018-1','201701'),
('156','20170117','景兴科','男','123456','2017-2018-1','201701'),
('157','20170118','何晶','女','123456','2017-2018-1','201701'),
('158','20170119','朱永杰','男','123456','2017-2018-1','201701'),
('159','20170120','魏亚云','女','123456','2017-2018-1','201701'),
('160','20170121','吴晓薇','女','123456','2017-2018-1','201701'),
('161','20170122','王改霞','女','123456','2017-2018-1','201701'),
('162','20170123','吴娜','女','123456','2017-2018-1','201701'),
('163','20170124','吕婷婷','女','123456','2017-2018-1','201701'),
('164','20170125','吕媛媛','女','123456','2017-2018-1','201701'),
('165','20170126','李小龙','男','123456','2017-2018-1','201701'),
('166','20170127','吕嘉雯','女','123456','2017-2018-1','201701'),
('167','20170128','吴昊翔','男','123456','2017-2018-1','201701'),
('168','20170129','赵菲菲','女','123456','2017-2018-1','201701'),
('169','20170130','王权','男','123456','2017-2018-1','201701'),
('170','20170131','薛彤彤','男','123456','2017-2018-1','201701'),
('171','20170132','蒋小伟','男','123456','2017-2018-1','201701'),
('172','20170133','吕盼粉','女','123456','2017-2018-1','201701'),
('173','20170134','张诗祥','男','123456','2017-2018-1','201701'),
('174','20170135','尚梦圆','男','123456','2017-2018-1','201701'),
('175','20170136','景磊','男','123456','2017-2018-1','201701'),
('176','20170137','魏海龙','男','123456','2017-2018-1','201701'),
('177','20170138','贾静','女','123456','2017-2018-1','201701'),
('178','20170139','吕楠','男','123456','2017-2018-1','201701'),
('179','20170140','乔爽丽','女','123456','2017-2018-1','201701'),
('180','20170141','申越','男','123456','2017-2018-1','201701'),
('181','20170142','完彦玉','男','123456','2017-2018-1','201701'),
('182','20170143','袁艳红','女','123456','2017-2018-1','201701'),
('183','20170144','吕永杰','男','123456','2017-2018-1','201701'),
('184','20170145','宋振霄','男','123456','2017-2018-1','201701'),
('185','20170146','吕慧琳','女','123456','2017-2018-1','201701'),
('186','20170147','文卓','男','123456','2017-2018-1','201701'),
('187','20170148','权淑惠','女','123456','2017-2018-1','201701'),
('188','20170149','刘鑫','男','123456','2017-2018-1','201701'),
('189','20170150','景建龙','男','123456','2017-2018-1','201701'),
('190','20170151','陈云山','男','123456','2017-2018-1','201701'),
('191','20170152','张荣祥','男','123456','2017-2018-1','201701'),
('192','20170201','陈亚丽','女','123456','2017-2018-1','201702'),
('193','20170202','陈阳阳','男','123456','2017-2018-1','201702'),
('194','20170203','代新博','男','123456','2017-2018-1','201702'),
('195','20170204','党紫娟','女','123456','2017-2018-1','201702'),
('196','20170205','樊娇娇','女','123456','2017-2018-1','201702'),
('197','20170206','盖聪','男','123456','2017-2018-1','201702'),
('198','20170207','甘慧丽','女','123456','2017-2018-1','201702'),
('199','20170208','郭超','男','123456','2017-2018-1','201702'),
('200','20170209','郭海燕','女','123456','2017-2018-1','201702'),
('201','20170210','郭瑾','女','123456','2017-2018-1','201702'),
('202','20170211','贾敏洁','女','123456','2017-2018-1','201702'),
('203','20170212','景丽霞','女','123456','2017-2018-1','201702'),
('204','20170213','康福平','男','123456','2017-2018-1','201702'),
('205','20170214','李娜','女','123456','2017-2018-1','201702'),
('206','20170215','李佩瑶','女','123456','2017-2018-1','201702'),
('207','20170216','梁欢','女','123456','2017-2018-1','201702'),
('208','20170217','刘倩','女','123456','2017-2018-1','201702'),
('209','20170218','路列列','女','123456','2017-2018-1','201702'),
('210','20170219','路昭君','女','123456','2017-2018-1','201702'),
('211','20170220','吕建欢','男','123456','2017-2018-1','201702'),
('212','20170221','吕娜','女','123456','2017-2018-1','201702'),
('213','20170222','吕瑞东','男','123456','2017-2018-1','201702'),
('214','20170223','马辉','男','123456','2017-2018-1','201702'),
('215','20170224','马凯文','男','123456','2017-2018-1','201702'),
('216','20170225','孟小春','男','123456','2017-2018-1','201702'),
('217','20170226','史彩虹','女','123456','2017-2018-1','201702'),
('218','20170227','史家瑞','男','123456','2017-2018-1','201702'),
('219','20170228','史丽花','女','123456','2017-2018-1','201702'),
('220','20170229','史龙','男','123456','2017-2018-1','201702'),
('221','20170230','史银升','男','123456','2017-2018-1','201702'),
('222','20170231','史云辉','男','123456','2017-2018-1','201702'),
('223','20170232','孙博','男','123456','2017-2018-1','201702'),
('224','20170233','王樊强','男','123456','2017-2018-1','201702'),
('225','20170234','王龙升','男','123456','2017-2018-1','201702'),
('226','20170235','王英','女','123456','2017-2018-1','201702'),
('227','20170236','王忠','男','123456','2017-2018-1','201702'),
('228','20170237','温家伟','男','123456','2017-2018-1','201702'),
('229','20170238','吴东东','男','123456','2017-2018-1','201702'),
('230','20170239','辛杰','男','123456','2017-2018-1','201702'),
('231','20170240','徐双双','女','123456','2017-2018-1','201702'),
('232','20170241','许小玉','女','123456','2017-2018-1','201702'),
('233','20170242','杨丽霞','女','123456','2017-2018-1','201702'),
('234','20170243','杨丽霞','女','123456','2017-2018-1','201702'),
('235','20170244','袁超','男','123456','2017-2018-1','201702'),
('236','20170245','张李伟','男','123456','2017-2018-1','201702'),
('237','20170246','张盼盼','男','123456','2017-2018-1','201702'),
('238','20170247','章淑翡','女','123456','2017-2018-1','201702'),
('239','20170248','赵彩虹','女','123456','2017-2018-1','201702'),
('240','20170249','赵慧娟','女','123456','2017-2018-1','201702'),
('241','20170250','赵祥','男','123456','2017-2018-1','201702'),
('242','20170251','郑琴琴','女','123456','2017-2018-1','201702'),
('243','20170252','周贵荣','女','123456','2017-2018-1','201702'),
('244','20170301','陈红','女','123456','2017-2018-1','201703'),
('245','20170302','任世祥','男','123456','2017-2018-1','201703'),
('246','20170303','梁雪','女','123456','2017-2018-1','201703'),
('247','20170304','景娅婷','女','123456','2017-2018-1','201703'),
('248','20170305','窦星','女','123456','2017-2018-1','201703'),
('249','20170306','李勇','男','123456','2017-2018-1','201703'),
('250','20170307','樊泽荣','男','123456','2017-2018-1','201703'),
('251','20170308','吴晓雨','女','123456','2017-2018-1','201703'),
('252','20170309','薛世龙','男','123456','2017-2018-1','201703'),
('253','20170310','刘秀娟','女','123456','2017-2018-1','201703'),
('254','20170311','段燕青','女','123456','2017-2018-1','201703'),
('255','20170312','田高','男','123456','2017-2018-1','201703'),
('256','20170313','王顺','男','123456','2017-2018-1','201703'),
('257','20170314','申正兴','男','123456','2017-2018-1','201703'),
('258','20170315','刘艳','女','123456','2017-2018-1','201703'),
('259','20170316','吴春梅','女','123456','2017-2018-1','201703'),
('260','20170317','梁丽红','女','123456','2017-2018-1','201703'),
('261','20170318','何小艳','女','123456','2017-2018-1','201703'),
('262','20170319','吕青霞','女','123456','2017-2018-1','201703'),
('263','20170320','史成龙','男','123456','2017-2018-1','201703'),
('264','20170321','吕祥祥','男','123456','2017-2018-1','201703'),
('265','20170322','袁超','男','123456','2017-2018-1','201703'),
('266','20170323','袁金霞','女','123456','2017-2018-1','201703'),
('267','20170324','吕海珍','女','123456','2017-2018-1','201703'),
('268','20170325','毛莉婷','女','123456','2017-2018-1','201703'),
('269','20170326','赵婧娟','女','123456','2017-2018-1','201703'),
('270','20170327','刘子旭','男','123456','2017-2018-1','201703'),
('271','20170328','张伟龙','男','123456','2017-2018-1','201703'),
('272','20170329','赵彤','女','123456','2017-2018-1','201703'),
('273','20170330','李霄','男','123456','2017-2018-1','201703'),
('274','20170331','代佳骐','男','123456','2017-2018-1','201703'),
('275','20170332','刘静','女','123456','2017-2018-1','201703'),
('276','20170333','尚瑞娟','女','123456','2017-2018-1','201703'),
('277','20170334','刘郭祥','男','123456','2017-2018-1','201703'),
('278','20170335','完京','男','123456','2017-2018-1','201703'),
('279','20170336','何娅琴','女','123456','2017-2018-1','201703'),
('280','20170337','高欢','女','123456','2017-2018-1','201703'),
('281','20170338','程佳立','男','123456','2017-2018-1','201703'),
('282','20170339','马建国','男','123456','2017-2018-1','201703'),
('283','20170340','张萌','女','123456','2017-2018-1','201703'),
('284','20170341','李冬琴','女','123456','2017-2018-1','201703'),
('285','20170342','史海丽','女','123456','2017-2018-1','201703'),
('286','20170343','赵燕妮','女','123456','2017-2018-1','201703'),
('287','20170344','罗丽雪','女','123456','2017-2018-1','201703'),
('288','20170345','脱婷婷','女','123456','2017-2018-1','201703'),
('289','20170346','孟文娟','女','123456','2017-2018-1','201703'),
('290','20170347','王蕊蕊','女','123456','2017-2018-1','201703'),
('291','20170348','胡婷','女','123456','2017-2018-1','201703'),
('292','20170349','马玲红','女','123456','2017-2018-1','201703'),
('293','20170350','孟欢欢','男','123456','2017-2018-1','201703'),
('294','20170351','郭斌瑞','男','123456','2017-2018-1','201703'),
('295','20170352','刘瑶瑶','女','123456','2017-2018-1','201703'),
('296','20170353','赵鑫','男','123456','2017-2018-1','201703'),
('297','20171001','安晶','女','123456','2017-2018-1','201710'),
('298','20171002','曹龙','男','123456','2017-2018-1','201710'),
('299','20171003','陈旭东','男','123456','2017-2018-1','201710'),
('300','20171004','陈志宏','男','123456','2017-2018-1','201710'),
('301','20171005','崔静英','女','123456','2017-2018-1','201710'),
('302','20171006','丁志伟','男','123456','2017-2018-1','201710'),
('303','20171007','樊嘉','女','123456','2017-2018-1','201710'),
('304','20171008','甘尚武','男','123456','2017-2018-1','201710'),
('305','20171009','高冰','女','123456','2017-2018-1','201710'),
('306','20171010','高飞飞','男','123456','2017-2018-1','201710'),
('307','20171012','韩琴','女','123456','2017-2018-1','201710'),
('308','20171013','何静','女','123456','2017-2018-1','201710'),
('309','20171014','何俊超','男','123456','2017-2018-1','201710'),
('310','20171015','何玲','女','123456','2017-2018-1','201710'),
('311','20171016','何王龙','男','123456','2017-2018-1','201710'),
('312','20171017','何玉龙','男','123456','2017-2018-1','201710'),
('313','20171018','胡金鹏','男','123456','2017-2018-1','201710'),
('314','20171019','胡康乐','男','123456','2017-2018-1','201710'),
('315','20171020','胡小龙','男','123456','2017-2018-1','201710'),
('316','20171021','贾建忠','男','123456','2017-2018-1','201710'),
('317','20171022','贾兰英','女','123456','2017-2018-1','201710'),
('318','20171023','焦乐强','男','123456','2017-2018-1','201710'),
('319','20171024','焦林娟','女','123456','2017-2018-1','201710'),
('320','20171025','景永刚','男','123456','2017-2018-1','201710'),
('321','20171026','口继龙','男','123456','2017-2018-1','201710'),
('322','20171027','口亚妮','女','123456','2017-2018-1','201710'),
('323','20171028','李东华','男','123456','2017-2018-1','201710'),
('324','20171029','李辉','男','123456','2017-2018-1','201710'),
('325','20171030','李继红','男','123456','2017-2018-1','201710'),
('326','20171031','李凯','男','123456','2017-2018-1','201710'),
('327','20171032','李馨瑶','女','123456','2017-2018-1','201710'),
('328','20171033','李雪健','女','123456','2017-2018-1','201710'),
('329','20171034','李亚梅','女','123456','2017-2018-1','201710'),
('330','20171035','李亚楠','女','123456','2017-2018-1','201710'),
('331','20171036','梁金梅','女','123456','2017-2018-1','201710'),
('332','20171037','刘繁荣','男','123456','2017-2018-1','201710'),
('333','20171038','刘根继','男','123456','2017-2018-1','201710'),
('334','20171039','刘惠云','女','123456','2017-2018-1','201710'),
('335','20171040','刘林艳','女','123456','2017-2018-1','201710'),
('336','20171041','刘文宁','女','123456','2017-2018-1','201710'),
('337','20171042','刘小刚','男','123456','2017-2018-1','201710'),
('338','20171043','朱亚娟','女','123456','2017-2018-1','201710'),
('339','20171044','景飞强','男','123456','2017-2018-1','201710'),
('340','20171045','王国华','男','123456','2017-2018-1','201710'),
('341','20171011','吕智琦','男','123456','2017-2018-1','201710'),
('342','20171046','袁涛','男','123456','2017-2018-1','201710'),
('343','20171047','高琪','女','123456','2017-2018-1','201710'),
('344','20171048','胡敏敏','女','123456','2017-2018-1','201710'),
('345','20170801','崔文涛','男','123456','2017-2018-1','201708'),
('346','20170802','崔泽毓','男','123456','2017-2018-1','201708'),
('347','20170803','董文涛','男','123456','2017-2018-1','201708'),
('348','20170804','段义龙','男','123456','2017-2018-1','201708'),
('349','20170805','樊金龙','男','123456','2017-2018-1','201708'),
('350','20170806','樊金涛','男','123456','2017-2018-1','201708'),
('351','20170807','樊世强','男','123456','2017-2018-1','201708'),
('352','20170808','高鹏铠','男','123456','2017-2018-1','201708'),
('353','20170809','高毅','男','123456','2017-2018-1','201708'),
('354','20170810','郭欣荣','男','123456','2017-2018-1','201708'),
('355','20170811','何李','男','123456','2017-2018-1','201708'),
('356','20170812','何鹏贵','男','123456','2017-2018-1','201708'),
('357','20170813','何文杰','男','123456','2017-2018-1','201708'),
('358','20170814','胡海平','男','123456','2017-2018-1','201708'),
('359','20170815','姬红亮','男','123456','2017-2018-1','201708'),
('360','20170816','景志勇','男','123456','2017-2018-1','201708'),
('361','20170817','巨强','男','123456','2017-2018-1','201708'),
('362','20170818','雷录祥','男','123456','2017-2018-1','201708'),
('363','20170819','李红军','男','123456','2017-2018-1','201708'),
('364','20170820','刘成','男','123456','2017-2018-1','201708'),
('365','20170821','刘佳乐','男','123456','2017-2018-1','201708'),
('366','20170822','刘琦','男','123456','2017-2018-1','201708'),
('367','20170823','刘强','男','123456','2017-2018-1','201708'),
('368','20170824','刘相','男','123456','2017-2018-1','201708'),
('369','20170825','刘志鑫','男','123456','2017-2018-1','201708'),
('370','20170826','鲁建国','男','123456','2017-2018-1','201708'),
('371','20170827','吕红杰','男','123456','2017-2018-1','201708'),
('372','20170828','罗宁','男','123456','2017-2018-1','201708'),
('373','20170829','马思阳','男','123456','2017-2018-1','201708'),
('374','20170830','毛银龙','男','123456','2017-2018-1','201708'),
('375','20170831','梅文龙','男','123456','2017-2018-1','201708'),
('376','20170832','乔欣雨','男','123456','2017-2018-1','201708'),
('377','20170901','任轲','男','123456','2017-2018-1','201709'),
('378','20170902','尚继锋','男','123456','2017-2018-1','201709'),
('379','20170903','沈金文','男','123456','2017-2018-1','201709'),
('380','20170904','史凤鸣','男','123456','2017-2018-1','201709'),
('381','20170905','史建强','男','123456','2017-2018-1','201709'),
('382','20170906','史新宏','男','123456','2017-2018-1','201709'),
('383','20170907','史志骞','男','123456','2017-2018-1','201709'),
('384','20170908','宋文博','男','123456','2017-2018-1','201709'),
('385','20170909','王超峰','男','123456','2017-2018-1','201709'),
('386','20170910','王洪涛','男','123456','2017-2018-1','201709'),
('387','20170911','王亮','男','123456','2017-2018-1','201709'),
('388','20170912','王林刚','男','123456','2017-2018-1','201709'),
('389','20170913','王涛','男','123456','2017-2018-1','201709'),
('390','20170914','王勇强','男','123456','2017-2018-1','201709'),
('391','20170915','魏俊峰','男','123456','2017-2018-1','201709'),
('392','20170916','温浩东','男','123456','2017-2018-1','201709'),
('393','20170917','许晓龙','男','123456','2017-2018-1','201709'),
('394','20170918','薛君','男','123456','2017-2018-1','201709'),
('395','20170919','闫文博','男','123456','2017-2018-1','201709'),
('396','20170920','袁红斌','男','123456','2017-2018-1','201709'),
('397','20170921','张衡','男','123456','2017-2018-1','201709'),
('398','20170922','张键','男','123456','2017-2018-1','201709'),
('399','20170923','张明','男','123456','2017-2018-1','201709'),
('400','20170924','张少军','男','123456','2017-2018-1','201709'),
('401','20170925','张双宏','男','123456','2017-2018-1','201709'),
('402','20170926','张喜鸿','男','123456','2017-2018-1','201709'),
('403','20170927','张钊','男','123456','2017-2018-1','201709'),
('404','20170928','朱银涛','男','123456','2017-2018-1','201709'),
('405','20170601','黄丽红','女','123456','2017-2018-1','201706'),
('406','20170602','秦鑫','男','123456','2017-2018-1','201706'),
('407','20170603','吕婷婷','女','123456','2017-2018-1','201706'),
('408','20170604','景莹莹','女','123456','2017-2018-1','201706'),
('409','20170605','吕龙丽','女','123456','2017-2018-1','201706'),
('410','20170606','李瑞娟','女','123456','2017-2018-1','201706'),
('411','20170607','郭彩丽','女','123456','2017-2018-1','201706'),
('412','20170608','许潇','女','123456','2017-2018-1','201706'),
('413','20170609','史艺佳','女','123456','2017-2018-1','201706'),
('414','20170610','高强','女','123456','2017-2018-1','201706'),
('415','20170611','杜莹','女','123456','2017-2018-1','201706'),
('416','20170612','孟婷','女','123456','2017-2018-1','201706'),
('417','20170613','康霞霞','女','123456','2017-2018-1','201706'),
('418','20170614','赵粉粉','女','123456','2017-2018-1','201706'),
('419','20170615','史文婧','女','123456','2017-2018-1','201706'),
('420','20170616','刘雪琴','女','123456','2017-2018-1','201706'),
('421','20170617','陈攀凤','女','123456','2017-2018-1','201706'),
('422','20170618','牛海娟','女','123456','2017-2018-1','201706'),
('423','20170619','马培椿','女','123456','2017-2018-1','201706'),
('424','20170620','史晓萱','女','123456','2017-2018-1','201706'),
('425','20170621','史金霞','女','123456','2017-2018-1','201706'),
('426','20170622','樊莹','女','123456','2017-2018-1','201706'),
('427','20170623','马丽婷','女','123456','2017-2018-1','201706'),
('428','20170624','崔娜','女','123456','2017-2018-1','201706'),
('429','20170625','林艳','女','123456','2017-2018-1','201706'),
('430','20170626','尚芳','女','123456','2017-2018-1','201706'),
('431','20170627','刘婷','女','123456','2017-2018-1','201706'),
('432','20170628','陈丽','女','123456','2017-2018-1','201706'),
('433','20170629','路丽娜','女','123456','2017-2018-1','201706'),
('434','20170630','董淑敏','女','123456','2017-2018-1','201706'),
('435','20170631','史雪玲','女','123456','2017-2018-1','201706'),
('436','20170632','雷娇','女','123456','2017-2018-1','201706'),
('437','20170633','刘佩玺','女','123456','2017-2018-1','201706'),
('438','20170634','高虹芳','女','123456','2017-2018-1','201706'),
('439','20170635','梁晓花','女','123456','2017-2018-1','201706'),
('440','20170636','段娟琴','女','123456','2017-2018-1','201706'),
('441','20170637','牛海娟','女','123456','2017-2018-1','201706'),
('442','20170638','李秀娟','女','123456','2017-2018-1','201706'),
('443','20170639','巨志珍','女','123456','2017-2018-1','201706'),
('444','20170640','葛文静','女','123456','2017-2018-1','201706'),
('445','20170641','蒋莉雅','女','123456','2017-2018-1','201706'),
('446','20172101','赵红丽','女','123456','2017-2018-1','201721'),
('447','20172102','冯亚琴','女','123456','2017-2018-1','201721'),
('448','20172103','李鹏陈','男','123456','2017-2018-1','201721'),
('449','20172104','李春阳','女','123456','2017-2018-1','201721'),
('450','20172105','姚文龙','男','123456','2017-2018-1','201721'),
('451','20172106','袁园园','女','123456','2017-2018-1','201721'),
('452','20172107','李萍','女','123456','2017-2018-1','201721'),
('453','20172108','毛金慧','女','123456','2017-2018-1','201721'),
('454','20172109','孙文华','女','123456','2017-2018-1','201721'),
('455','20172110','史林勇','男','123456','2017-2018-1','201721'),
('456','20172111','袁心怡','女','123456','2017-2018-1','201721'),
('457','20172112','朱亚莉','女','123456','2017-2018-1','201721'),
('458','20172113','何喜红','女','123456','2017-2018-1','201721'),
('459','20172114','陈小鑫','男','123456','2017-2018-1','201721'),
('460','20172115','巫永杰','男','123456','2017-2018-1','201721'),
('461','20172116','康川','男','123456','2017-2018-1','201721'),
('462','20172117','黄涛','男','123456','2017-2018-1','201721'),
('463','20172118','姚文丽','女','123456','2017-2018-1','201721'),
('464','20172119','赵晨','男','123456','2017-2018-1','201721'),
('465','20172120','张虎虎','男','123456','2017-2018-1','201721'),
('466','20172121','卢玲芳','女','123456','2017-2018-1','201721'),
('467','20172122','口涵钰','女','123456','2017-2018-1','201721'),
('468','20172123','胡晶','女','123456','2017-2018-1','201721'),
('469','20172124','杜大中','男','123456','2017-2018-1','201721'),
('470','20172125','杨玉艳','女','123456','2017-2018-1','201721'),
('471','20172126','朱亚男','女','123456','2017-2018-1','201721'),
('472','20172127','孟海博','男','123456','2017-2018-1','201721'),
('473','20172128','刘美丽','女','123456','2017-2018-1','201721'),
('474','20172129','毛艳花','女','123456','2017-2018-1','201721'),
('475','20172130','毛娟','女','123456','2017-2018-1','201721'),
('476','20172131','常文静','女','123456','2017-2018-1','201721'),
('477','20172132','盖红丽','女','123456','2017-2018-1','201721'),
('478','20172133','徐海珍','女','123456','2017-2018-1','201721'),
('479','20172134','杜向丽','女','123456','2017-2018-1','201721'),
('480','20172135','盖红艳','女','123456','2017-2018-1','201721'),
('481','20172136','口金丽','女','123456','2017-2018-1','201721'),
('482','20172137','口文静','女','123456','2017-2018-1','201721'),
('483','20172138','魏焕银','男','123456','2017-2018-1','201721'),
('484','20172139','乔东涛','男','123456','2017-2018-1','201721'),
('485','20172140','郭建强','男','123456','2017-2018-1','201721'),
('486','20172141','牛红艳','女','123456','2017-2018-1','201721'),
('487','20172142','唐等霞','女','123456','2017-2018-1','201721'),
('488','20172143','景嘉丽','女','123456','2017-2018-1','201721'),
('489','20172144','郭宁','男','123456','2017-2018-1','201721'),
('490','20172145','口文昊','男','123456','2017-2018-1','201721'),
('491','20172146','吴长勇','男','123456','2017-2018-1','201721'),
('492','20172147','马文博','男','123456','2017-2018-1','201721'),
('493','20172148','朱子健','男','123456','2017-2018-1','201721'),
('494','20172149','陈勇生','男','123456','2017-2018-1','201721'),
('495','20172150','高嘉豪','男','123456','2017-2018-1','201721'),
('496','20172151','吕明星','男','123456','2017-2018-1','201721'),
('497','20172152','张楠','男','123456','2017-2018-1','201721'),
('498','20172153','魏旭康','男','123456','2017-2018-1','201721'),
('499','20172154','陈晓凤','女','123456','2017-2018-1','201721'),
('500','20172155','貟伟东','男','123456','2017-2018-1','201721'),
('501','20172156','何卿','女','123456','2017-2018-1','201721'),
('502','20172157','王芳','女','123456','2017-2018-1','201721');-- <xjx> --

-- ±íµÄÊý¾Ý£ºxh_teacher --
INSERT INTO `xh_teacher` VALUES
('1','WYH','王永辉','男','15095519896','123456','计算机组'),
('2','GS','郭盛','男','18993351660','123456','计算机组'),
('3','YZH','姚振华','男','15825836792','123456','计算机组'),
('4','LHB','卢宏博','男','13919540500','123456','计算机组'),
('5','XHT','薛红涛','男','13993396695','123456','计算机组'),
('6','SCB','孙崇丙','男','15509332828','123456','计算机组'),
('7','ZHH','闫会会','女','13809337258','123456','计算机组'),
('8','WR','武瑞','女','13830395569','123456','计算机组'),
('9','WLZ','王灵张','男','15095526486','123456','计算机组'),
('10','GXY','高雪莹','女','13993392459','123456','计算机组'),
('11','HJH','胡建华','男','18293326331','123456','计算机组'),
('12','WXQ','王喜前','男','13919502410','123456','计算机组'),
('13','WHL','王惠莲','男','15120401699','123456','计算机组'),
('14','YXY','袁小颖','女','18193327053','123456','计算机组'),
('15','GW','高伟','男','18215332957','123456','计算机组'),
('16','MWQ','马文强','男','15097061324','123456','计算机组'),
('17','HN','黄宁','男','13629330364','123456','计算机组'),
('18','SCS','史春生','男','15249331153','123456','计算机组'),
('19','ZJM','朱金明','女','18152251286','123456','计算机组'),
('20','WLM','王黎民','男','18215302226','123456','计算机组'),
('21','CC','陈超','男','18293385819','123456','机加工组'),
('22','DHW','杜红伟','男','18034628112','123456','机加工组'),
('23','SCY','史晨宇','女','15809330363','123456','电子电器组'),
('24','SYM','邵禹铭','男','15249301458','123456','服务组'),
('25','SWZ','史万珍','女','15193355701','123456','服务组'),
('26','DWH','杜文华','女','15352060239','123456','服务组'),
('27','GLY','高乐义','男','13830349752','123456','机电焊接组'),
('28','YY','姚远','男','18293324549','123456','机电焊接组'),
('29','FSQ','冯三强','男','17339769339','123456','机电焊接组'),
('30','GLL','郭亮亮','男','13993343914','123456','机电焊接组'),
('31','ZJL','赵金龙','男','13919533955','123456','服务组'),
('32','LFF','刘飞飞','男','18215377808','123456','服务组'),
('33','FMM','樊苗苗','女','13830375080','123456','学前教育组'),
('34','JL','巨琳','女','18693302580','123456','学前教育组'),
('35','TXL','陶晓玲','女','15293306289','123456','学前教育组'),
('36','FXD','冯旭东','男','18993333131','123456','数英组'),
('37','CYC','褚翊超','男','15249324062','123456','机电焊接组');-- <xjx> --

-- ±íµÄÊý¾Ý£ºxh_term --
INSERT INTO `xh_term` VALUES
('1','2017-2018-1');-- <xjx> --

-- ±íµÄÊý¾Ý£ºxh_user --
INSERT INTO `xh_user` VALUES
('1','admin','21232f297a57a5a743894a0e4a801fc3','1505351282','127.0.0.1','0'),
('17','cm','e10adc3949ba59abbe56e057f20f883e','1505201675','127.0.0.1','0'),
('15','em','e10adc3949ba59abbe56e057f20f883e','1505290542','127.0.0.1','0'),
('14','dm','e10adc3949ba59abbe56e057f20f883e','1505353912','127.0.0.1','0'),
('16','xiaohan','7911336b11c605acc3884920384d96ed','1505287359','127.0.0.1','0');-- <xjx> --

