-- ±íµÄ½á¹¹£ºxh_access --
CREATE TABLE `xh_access` (
  `role_id` smallint(6) unsigned NOT NULL,
  `node_id` smallint(6) unsigned NOT NULL,
  `level` tinyint(1) NOT NULL,
  `module` varchar(50) DEFAULT NULL,
  KEY `groupId` (`role_id`),
  KEY `nodeId` (`node_id`)
) ENGINE=MyISAM DEFAULT CHARSET=utf8 COMMENT='权限配备表';-- <xjx> --

-- ±íµÄ½á¹¹£ºxh_classes --
CREATE TABLE `xh_classes` (
  `id` int(5) unsigned NOT NULL AUTO_INCREMENT,
  `ccode` varchar(6) NOT NULL,
  `cname` varchar(100) NOT NULL,
  `master` varchar(9) NOT NULL COMMENT '班主任',
  `zjsj` varchar(11) NOT NULL COMMENT '组建时间',
  `proname` varchar(50) NOT NULL COMMENT '专业名称',
  PRIMARY KEY (`id`),
  UNIQUE KEY `ccode` (`ccode`)
) ENGINE=MyISAM DEFAULT CHARSET=utf8 COMMENT='班级表';-- <xjx> --

-- ±íµÄ½á¹¹£ºxh_course --
CREATE TABLE `xh_course` (
  `id` int(10) NOT NULL AUTO_INCREMENT,
  `name` varchar(50) NOT NULL,
  `proname` varchar(50) NOT NULL COMMENT '专业名称',
  `coursetype` int(1) NOT NULL DEFAULT '2' COMMENT '1-公共课 2-专业课',
  PRIMARY KEY (`id`)
) ENGINE=MyISAM AUTO_INCREMENT=13 DEFAULT CHARSET=utf8 COMMENT='课程表';-- <xjx> --

-- ±íµÄ½á¹¹£ºxh_news --
CREATE TABLE `xh_news` (
  `id` int(11) NOT NULL AUTO_INCREMENT,
  `title` varchar(255) NOT NULL,
  `content` text NOT NULL,
  `pubtype` int(1) NOT NULL COMMENT 'pubtype=1 表示管理员->所有教师和学生，pubtype=3 表示管理员->所有学生 4-教师->学生(限定班级)',
  `ccode` varchar(6) NOT NULL COMMENT '如果是教师->学生，则指定班级，其他班级学生不接收',
  `userxm` varchar(30) NOT NULL,
  `pubtime` int(10) NOT NULL,
  PRIMARY KEY (`id`)
) ENGINE=MyISAM AUTO_INCREMENT=5 DEFAULT CHARSET=utf8 COMMENT='新闻通知公告表';-- <xjx> --

-- ±íµÄ½á¹¹£ºxh_node --
CREATE TABLE `xh_node` (
  `id` smallint(6) unsigned NOT NULL AUTO_INCREMENT,
  `name` varchar(20) NOT NULL,
  `title` varchar(50) DEFAULT NULL,
  `status` tinyint(1) DEFAULT '0',
  `remark` varchar(255) DEFAULT NULL,
  `sort` smallint(6) unsigned DEFAULT NULL,
  `pid` smallint(6) unsigned NOT NULL,
  `level` tinyint(1) unsigned NOT NULL,
  PRIMARY KEY (`id`),
  KEY `level` (`level`),
  KEY `pid` (`pid`),
  KEY `status` (`status`),
  KEY `name` (`name`)
) ENGINE=MyISAM AUTO_INCREMENT=133 DEFAULT CHARSET=utf8 COMMENT='节点表';-- <xjx> --

-- ±íµÄ½á¹¹£ºxh_office --
CREATE TABLE `xh_office` (
  `id` int(5) NOT NULL AUTO_INCREMENT,
  `name` varchar(50) NOT NULL,
  PRIMARY KEY (`id`)
) ENGINE=MyISAM DEFAULT CHARSET=utf8 COMMENT='处室表';-- <xjx> --

-- ±íµÄ½á¹¹£ºxh_professional --
CREATE TABLE `xh_professional` (
  `id` int(5) unsigned NOT NULL AUTO_INCREMENT,
  `name` varchar(50) NOT NULL,
  PRIMARY KEY (`id`)
) ENGINE=MyISAM DEFAULT CHARSET=utf8 COMMENT='专业';-- <xjx> --

-- ±íµÄ½á¹¹£ºxh_role --
CREATE TABLE `xh_role` (
  `id` smallint(6) unsigned NOT NULL AUTO_INCREMENT,
  `name` varchar(20) NOT NULL,
  `pid` smallint(6) DEFAULT NULL,
  `status` tinyint(1) unsigned DEFAULT NULL,
  `remark` varchar(255) DEFAULT NULL,
  PRIMARY KEY (`id`),
  KEY `pid` (`pid`),
  KEY `status` (`status`)
) ENGINE=MyISAM AUTO_INCREMENT=5 DEFAULT CHARSET=utf8 COMMENT='角色表';-- <xjx> --

-- ±íµÄ½á¹¹£ºxh_role_user --
CREATE TABLE `xh_role_user` (
  `role_id` mediumint(9) unsigned DEFAULT NULL,
  `user_id` char(32) DEFAULT NULL,
  KEY `group_id` (`role_id`),
  KEY `user_id` (`user_id`)
) ENGINE=MyISAM DEFAULT CHARSET=utf8 COMMENT='角色配置表';-- <xjx> --

-- ±íµÄ½á¹¹£ºxh_site --
CREATE TABLE `xh_site` (
  `id` int(10) NOT NULL AUTO_INCREMENT,
  `title` varchar(200) NOT NULL,
  `description` text NOT NULL,
  `keywords` varchar(200) NOT NULL,
  `copyright` varchar(200) NOT NULL,
  `icp` varchar(200) NOT NULL,
  `address` varchar(255) NOT NULL,
  PRIMARY KEY (`id`)
) ENGINE=MyISAM AUTO_INCREMENT=5 DEFAULT CHARSET=utf8 COMMENT='站点信息表';-- <xjx> --

-- ±íµÄ½á¹¹£ºxh_student --
CREATE TABLE `xh_student` (
  `id` int(10) unsigned NOT NULL AUTO_INCREMENT,
  `xsno` varchar(13) NOT NULL,
  `xsxm` varchar(20) NOT NULL,
  `xsxb` varchar(2) NOT NULL,
  `xsmm` varchar(32) NOT NULL DEFAULT '123456',
  `rxsj` varchar(11) NOT NULL COMMENT '入学时间',
  `ccode` int(5) unsigned NOT NULL COMMENT '班级编码',
  PRIMARY KEY (`id`),
  UNIQUE KEY `xsno` (`xsno`)
) ENGINE=MyISAM DEFAULT CHARSET=utf8 COMMENT='学生表';-- <xjx> --

-- ±íµÄ½á¹¹£ºxh_sxdisexicise --
CREATE TABLE `xh_sxdisexicise` (
  `deid` int(11) NOT NULL AUTO_INCREMENT,
  `peid` int(11) NOT NULL COMMENT '所属任务',
  `atuser` varchar(50) NOT NULL DEFAULT '',
  `content` text NOT NULL COMMENT '评价内容',
  `userxm` varchar(20) NOT NULL COMMENT '参评用户',
  `usertype` varchar(10) NOT NULL COMMENT '参评用户类型：教师和学生',
  `distime` int(11) NOT NULL COMMENT '参评时间',
  `pdeid` int(11) NOT NULL COMMENT 'pid',
  PRIMARY KEY (`deid`)
) ENGINE=MyISAM DEFAULT CHARSET=utf8 COMMENT='实训任务讨论评价表';-- <xjx> --

-- ±íµÄ½á¹¹£ºxh_sxpubexcise --
CREATE TABLE `xh_sxpubexcise` (
  `peid` int(10) NOT NULL AUTO_INCREMENT,
  `scid` int(10) NOT NULL COMMENT '指定教师班级课程',
  `title` varchar(100) NOT NULL COMMENT '任务标题',
  `desc` text NOT NULL COMMENT '任务描述',
  `url` varchar(500) NOT NULL,
  `filename` varchar(200) NOT NULL,
  `status` int(11) NOT NULL DEFAULT '0' COMMENT '布置否，0表示否',
  `pubtime` int(11) NOT NULL COMMENT '布置时间',
  `isrec` int(1) NOT NULL DEFAULT '0' COMMENT '是否推荐，0表示不推荐',
  PRIMARY KEY (`peid`)
) ENGINE=MyISAM DEFAULT CHARSET=utf8 COMMENT='发布作业表';-- <xjx> --

-- ±íµÄ½á¹¹£ºxh_sxsetcourse --
CREATE TABLE `xh_sxsetcourse` (
  `scid` int(10) NOT NULL AUTO_INCREMENT,
  `jsno` varchar(9) NOT NULL,
  `ccode` varchar(6) NOT NULL,
  `coursename` varchar(50) NOT NULL COMMENT '课程名称',
  `term` varchar(11) NOT NULL COMMENT '学期',
  PRIMARY KEY (`scid`)
) ENGINE=MyISAM DEFAULT CHARSET=utf8 COMMENT='设置课程表';-- <xjx> --

-- ±íµÄ½á¹¹£ºxh_sxsubexcise --
CREATE TABLE `xh_sxsubexcise` (
  `seid` int(11) NOT NULL AUTO_INCREMENT,
  `peid` int(10) NOT NULL COMMENT '教师布置的任务',
  `xsno` varchar(13) NOT NULL COMMENT '学号',
  `desc` varchar(50) NOT NULL COMMENT '自我评价',
  `filename` varchar(100) NOT NULL COMMENT '附件文件名',
  `status` int(1) NOT NULL DEFAULT '0' COMMENT '提交否，0未提交',
  `subtime` int(11) NOT NULL COMMENT '提交时间',
  `isrec` varchar(50) NOT NULL COMMENT '教师评价',
  PRIMARY KEY (`seid`)
) ENGINE=MyISAM DEFAULT CHARSET=utf8 COMMENT='学生任务完成表';-- <xjx> --

-- ±íµÄ½á¹¹£ºxh_teacher --
CREATE TABLE `xh_teacher` (
  `id` int(5) unsigned NOT NULL AUTO_INCREMENT,
  `jsno` varchar(9) NOT NULL,
  `jsxm` varchar(10) NOT NULL,
  `jsxb` varchar(2) NOT NULL,
  `jsdh` varchar(11) NOT NULL,
  `jsmm` varchar(32) NOT NULL DEFAULT '123456',
  `offname` varchar(50) NOT NULL COMMENT '处室名称',
  PRIMARY KEY (`id`),
  UNIQUE KEY `jsno` (`jsno`)
) ENGINE=MyISAM DEFAULT CHARSET=utf8 COMMENT='教师表';-- <xjx> --

-- ±íµÄ½á¹¹£ºxh_term --
CREATE TABLE `xh_term` (
  `id` int(5) NOT NULL AUTO_INCREMENT,
  `name` varchar(11) NOT NULL,
  PRIMARY KEY (`id`)
) ENGINE=MyISAM DEFAULT CHARSET=utf8 COMMENT='学期';-- <xjx> --

-- ±íµÄ½á¹¹£ºxh_user --
CREATE TABLE `xh_user` (
  `id` int(10) unsigned NOT NULL AUTO_INCREMENT,
  `username` varchar(20) NOT NULL DEFAULT '',
  `password` char(32) NOT NULL DEFAULT '',
  `logintime` int(10) unsigned NOT NULL DEFAULT '0',
  `loginip` char(20) CHARACTER SET ucs2 NOT NULL DEFAULT '',
  `lock` smallint(1) unsigned NOT NULL DEFAULT '0' COMMENT '0-正常 1-锁定',
  PRIMARY KEY (`id`),
  UNIQUE KEY `username` (`username`)
) ENGINE=MyISAM AUTO_INCREMENT=18 DEFAULT CHARSET=utf8 COMMENT='用户表';-- <xjx> --

-- ±íµÄÊý¾Ý£ºxh_access --
INSERT INTO `xh_access` VALUES
('4','105','3',NULL),
('4','104','3',NULL),
('4','103','3',NULL),
('4','102','3',NULL),
('4','101','3',NULL),
('4','100','3',NULL),
('4','99','3',NULL),
('4','98','3',NULL),
('4','97','3',NULL),
('4','96','3',NULL),
('4','93','3',NULL),
('4','92','3',NULL),
('4','91','3',NULL),
('4','90','3',NULL),
('4','89','3',NULL),
('4','88','3',NULL),
('4','87','3',NULL),
('4','8','2',NULL),
('4','132','3',NULL),
('4','131','3',NULL),
('4','130','3',NULL),
('4','86','3',NULL),
('4','85','3',NULL),
('4','84','3',NULL),
('4','83','3',NULL),
('4','82','3',NULL),
('4','81','3',NULL),
('4','80','3',NULL),
('4','79','3',NULL),
('4','78','3',NULL),
('4','77','3',NULL),
('4','76','3',NULL),
('4','75','3',NULL),
('4','74','3',NULL),
('4','73','3',NULL),
('4','72','3',NULL),
('4','71','3',NULL),
('4','70','3',NULL),
('1','105','3',NULL),
('1','104','3',NULL),
('1','103','3',NULL),
('1','102','3',NULL),
('1','101','3',NULL),
('1','100','3',NULL),
('1','99','3',NULL),
('1','98','3',NULL),
('1','97','3',NULL),
('1','96','3',NULL),
('1','93','3',NULL),
('1','92','3',NULL),
('1','91','3',NULL),
('1','90','3',NULL),
('1','89','3',NULL),
('1','88','3',NULL),
('1','87','3',NULL),
('1','8','2',NULL),
('1','132','3',NULL),
('1','131','3',NULL),
('1','130','3',NULL),
('1','86','3',NULL),
('1','85','3',NULL),
('1','84','3',NULL),
('1','83','3',NULL),
('1','82','3',NULL),
('1','81','3',NULL),
('1','80','3',NULL),
('1','79','3',NULL),
('1','78','3',NULL),
('1','77','3',NULL),
('1','76','3',NULL),
('1','75','3',NULL),
('1','74','3',NULL),
('1','73','3',NULL),
('1','72','3',NULL),
('1','71','3',NULL),
('1','70','3',NULL),
('1','69','3',NULL),
('1','68','3',NULL),
('1','67','3',NULL),
('1','66','3',NULL),
('1','65','3',NULL),
('1','64','3',NULL),
('1','63','3',NULL),
('1','62','3',NULL),
('1','61','3',NULL),
('1','60','3',NULL),
('1','59','3',NULL),
('1','58','3',NULL),
('1','57','3',NULL),
('1','56','3',NULL),
('1','55','3',NULL),
('1','54','3',NULL),
('1','53','3',NULL),
('1','52','3',NULL),
('1','51','3',NULL),
('1','50','3',NULL),
('1','49','3',NULL),
('1','48','3',NULL),
('1','47','3',NULL),
('1','46','3',NULL),
('1','45','3',NULL),
('1','44','3',NULL),
('1','7','2',NULL),
('1','43','3',NULL),
('1','42','3',NULL),
('1','41','3',NULL),
('2','86','3',NULL),
('2','85','3',NULL),
('2','84','3',NULL),
('2','83','3',NULL),
('2','82','3',NULL),
('2','81','3',NULL),
('2','80','3',NULL),
('2','79','3',NULL),
('2','78','3',NULL),
('2','77','3',NULL),
('2','76','3',NULL),
('2','75','3',NULL),
('2','74','3',NULL),
('2','73','3',NULL),
('2','72','3',NULL),
('2','71','3',NULL),
('2','70','3',NULL),
('2','69','3',NULL),
('2','68','3',NULL),
('2','67','3',NULL),
('2','66','3',NULL),
('2','65','3',NULL),
('2','64','3',NULL),
('2','63','3',NULL),
('2','62','3',NULL),
('2','61','3',NULL),
('2','60','3',NULL),
('2','59','3',NULL),
('2','58','3',NULL),
('2','57','3',NULL),
('2','56','3',NULL),
('2','55','3',NULL),
('2','54','3',NULL),
('2','53','3',NULL),
('2','52','3',NULL),
('2','51','3',NULL),
('2','50','3',NULL),
('2','49','3',NULL),
('2','48','3',NULL),
('2','47','3',NULL),
('2','46','3',NULL),
('2','45','3',NULL),
('2','44','3',NULL),
('2','7','2',NULL),
('2','43','3',NULL),
('2','42','3',NULL),
('2','41','3',NULL),
('2','40','3',NULL),
('2','39','3',NULL),
('2','38','2',NULL),
('2','129','3',NULL),
('2','19','3',NULL),
('2','18','3',NULL),
('2','6','2',NULL),
('2','14','3',NULL),
('2','13','3',NULL),
('2','3','2',NULL),
('2','12','3',NULL),
('2','11','3',NULL),
('2','10','3',NULL),
('2','9','3',NULL),
('2','2','2',NULL),
('3','107','3',NULL),
('3','106','3',NULL),
('3','105','3',NULL),
('3','104','3',NULL),
('3','103','3',NULL),
('3','102','3',NULL),
('3','101','3',NULL),
('3','100','3',NULL),
('3','99','3',NULL),
('3','98','3',NULL),
('3','97','3',NULL),
('3','96','3',NULL),
('3','93','3',NULL),
('3','92','3',NULL),
('3','91','3',NULL),
('3','90','3',NULL),
('3','89','3',NULL),
('3','88','3',NULL),
('3','87','3',NULL),
('3','8','2',NULL),
('3','43','3',NULL),
('3','42','3',NULL),
('3','41','3',NULL),
('3','40','3',NULL),
('3','39','3',NULL),
('3','38','2',NULL),
('3','129','3',NULL),
('3','19','3',NULL),
('3','18','3',NULL),
('3','6','2',NULL),
('3','14','3',NULL),
('3','13','3',NULL),
('3','3','2',NULL),
('3','12','3',NULL),
('3','11','3',NULL),
('3','10','3',NULL),
('3','9','3',NULL),
('3','2','2',NULL),
('3','1','1',NULL),
('1','40','3',NULL),
('1','39','3',NULL),
('1','38','2',NULL),
('1','129','3',NULL),
('1','19','3',NULL),
('1','18','3',NULL),
('1','6','2',NULL),
('1','14','3',NULL),
('1','13','3',NULL),
('1','3','2',NULL),
('1','12','3',NULL),
('1','11','3',NULL),
('1','10','3',NULL),
('1','9','3',NULL),
('1','2','2',NULL),
('4','69','3',NULL),
('4','68','3',NULL),
('4','67','3',NULL),
('4','66','3',NULL),
('4','65','3',NULL),
('4','64','3',NULL),
('4','63','3',NULL),
('4','62','3',NULL),
('4','61','3',NULL),
('4','60','3',NULL),
('4','59','3',NULL),
('4','58','3',NULL),
('4','57','3',NULL),
('4','56','3',NULL),
('4','55','3',NULL),
('4','54','3',NULL),
('4','53','3',NULL),
('4','52','3',NULL),
('4','51','3',NULL),
('4','50','3',NULL),
('4','49','3',NULL),
('4','48','3',NULL),
('4','47','3',NULL),
('4','46','3',NULL),
('4','45','3',NULL),
('4','44','3',NULL),
('4','7','2',NULL),
('4','43','3',NULL),
('4','42','3',NULL),
('4','41','3',NULL),
('4','40','3',NULL),
('4','39','3',NULL),
('4','38','2',NULL),
('4','129','3',NULL),
('4','19','3',NULL),
('4','18','3',NULL),
('4','6','2',NULL),
('4','37','3',NULL),
('4','36','3',NULL),
('4','35','3',NULL),
('4','34','3',NULL),
('4','33','3',NULL),
('4','32','3',NULL),
('4','31','3',NULL),
('4','30','3',NULL),
('4','29','3',NULL),
('4','28','3',NULL),
('4','27','3',NULL),
('4','26','3',NULL),
('4','25','3',NULL),
('4','24','3',NULL),
('4','23','3',NULL),
('4','22','3',NULL),
('4','21','3',NULL),
('4','20','3',NULL),
('4','5','2',NULL),
('4','128','3',NULL),
('4','127','3',NULL),
('4','126','3',NULL),
('4','125','3',NULL),
('4','124','3',NULL),
('4','123','3',NULL),
('4','122','3',NULL),
('4','121','3',NULL),
('4','120','3',NULL),
('4','119','3',NULL),
('4','118','3',NULL),
('4','117','3',NULL),
('4','116','3',NULL),
('4','115','3',NULL),
('4','113','3',NULL),
('4','114','3',NULL),
('4','16','3',NULL),
('4','15','3',NULL),
('4','4','2',NULL),
('4','14','3',NULL),
('4','13','3',NULL),
('4','3','2',NULL),
('4','12','3',NULL),
('4','11','3',NULL),
('4','10','3',NULL),
('4','9','3',NULL),
('4','2','2',NULL),
('1','1','1',NULL),
('2','1','1',NULL),
('3','108','3',NULL),
('4','1','1',NULL),
('1','106','3',NULL),
('1','107','3',NULL),
('1','108','3',NULL),
('2','130','3',NULL),
('2','131','3',NULL),
('2','132','3',NULL),
('4','106','3',NULL),
('4','107','3',NULL),
('4','108','3',NULL);-- <xjx> --

-- ±íµÄÊý¾Ý£ºxh_news --
INSERT INTO `xh_news` VALUES
('1','系统消息','<p>任务管理系统已部署到位，使用时请注意下面三个问题：</p><p>1、教师用户名为姓名的首写字母(大小写不区分)，密码默认为123456；</p><p>2、学生用户名为班级编号(六位)+班级序号（两位），需教师在第一次发布任务后参照学生完成列表告诉学生，密码默认为123456；</p><p>3、若在使用中遇到问题，请及时联系计算机教研室郭老师解决，电话：18993351660。</p>','1','','admin','1505259274');-- <xjx> --

-- ±íµÄÊý¾Ý£ºxh_node --
INSERT INTO `xh_node` VALUES
('1','Admin','管理员','1',NULL,'1','0','1'),
('2','Login','登录管理','1',NULL,'1','1','2'),
('3','Index','首页管理','1',NULL,'2','1','2'),
('4','System','系统设置','1',NULL,'3','1','2'),
('5','Rbac','权限管理','1',NULL,'4','1','2'),
('6','Userinfor','个人信息','1',NULL,'5','1','2'),
('7','Basicdata','基础数据管理','1',NULL,'7','1','2'),
('8','Excise','实训任务管理','1',NULL,'8','1','2'),
('9','index','登录视图','1',NULL,'1','2','3'),
('10','login','登录处理','1',NULL,'1','2','3'),
('11','verify','验证码显示','1',NULL,'1','2','3'),
('12','logout','退出登录','1',NULL,'1','2','3'),
('13','index','首页视图','1',NULL,'1','3','3'),
('14','infor','运行环境','1',NULL,'1','3','3'),
('15','site','系统全局设置','1',NULL,'1','4','3'),
('16','verify','验证码设置','1',NULL,'1','4','3'),
('114','install','系统部署设置视图','1',NULL,'1','4','3'),
('18','index','登录信息','1',NULL,'1','6','3'),
('19','editUserpass','修改密码','1',NULL,'1','6','3'),
('20','resetUSER','初始化用户','1',NULL,'1','5','3'),
('21','resetROLE','初始化角色','1',NULL,'1','5','3'),
('22','resetNODE','初始化节点','1',NULL,'1','5','3'),
('23','index','用户列表','1',NULL,'1','5','3'),
('24','role','角色列表','1',NULL,'1','5','3'),
('25','node','节点列表','1',NULL,'1','5','3'),
('26','sortNode','节点排序','1',NULL,'1','5','3'),
('27','addUser','用户添加','1',NULL,'1','5','3'),
('28','editUser','用户角色配置','1',NULL,'1','5','3'),
('29','lock','用户锁定修改','1',NULL,'1','5','3'),
('30','delUser','用户删除','1',NULL,'1','5','3'),
('31','addRole','角色添加','1',NULL,'1','5','3'),
('32','editRole','角色修改','1',NULL,'1','5','3'),
('33','delRole','角色删除','1',NULL,'1','5','3'),
('34','addNode','节点添加','1',NULL,'1','5','3'),
('35','editNode','节点修改','1',NULL,'1','5','3'),
('36','delNode','节点删除','1',NULL,'1','5','3'),
('37','access','角色权限配置','1',NULL,'1','5','3'),
('38','Home','消息管理','1',NULL,'6','1','2'),
('39','resetNEWS','初始化消息','1',NULL,'1','38','3'),
('40','news','消息列表','1',NULL,'1','38','3'),
('41','addNews','消息添加','1',NULL,'1','38','3'),
('42','editNews','消息修改','1',NULL,'1','38','3'),
('43','delNews','消息删除','1',NULL,'1','38','3'),
('44','resetTER','初始化学期','1',NULL,'1','7','3'),
('45','resetPRO','初始化专业','1',NULL,'1','7','3'),
('46','resetOFF','初始化处室','1',NULL,'1','7','3'),
('47','resetCOU','初始化课程','1',NULL,'1','7','3'),
('48','resetTEA','初始化教师','1',NULL,'1','7','3'),
('49','resetCLA','初始化班级','1',NULL,'1','7','3'),
('50','resetSTU','初始化学生','1',NULL,'1','7','3'),
('51','term','学期列表','1',NULL,'1','7','3'),
('52','saveTerm','添加修改学期视图','1',NULL,'1','7','3'),
('53','saveTermH','添加修改学期处理','1',NULL,'1','7','3'),
('54','delTerm','删除学期','1',NULL,'1','7','3'),
('55','professional','专业列表','1',NULL,'1','7','3'),
('56','saveProfessional','添加修改专业视图','1',NULL,'1','7','3'),
('57','saveProfessionalH','添加修改专业处理','1',NULL,'1','7','3'),
('58','importProfessional','导入专业','1',NULL,'1','7','3'),
('59','delProfessional','删除专业','1',NULL,'1','7','3'),
('60','office','处室列表','1',NULL,'1','7','3'),
('61','saveOffice','添加修改处室视图','1',NULL,'1','7','3'),
('62','saveOfficeH','添加修改处室处理','1',NULL,'1','7','3'),
('63','importOffice','导入处室','1',NULL,'1','7','3'),
('64','delOffice','删除处室','1',NULL,'1','7','3'),
('65','course','课程列表','1',NULL,'1','7','3'),
('66','saveCourse','添加修改课程视图','1',NULL,'1','7','3'),
('67','saveCourseH','添加修改课程处理','1',NULL,'1','7','3'),
('68','importCourse','导入课程','1',NULL,'1','7','3'),
('69','delCourse','删除课程','1',NULL,'1','7','3'),
('70','classes','班级列表','1',NULL,'1','7','3'),
('71','saveClasses','添加修改班级视图','1',NULL,'1','7','3'),
('72','saveClassesH','添加修改班级处理','1',NULL,'1','7','3'),
('73','importClasses','导入班级','1',NULL,'1','7','3'),
('74','delClasses','删除班级','1',NULL,'1','7','3'),
('75','teacher','教师列表','1',NULL,'1','7','3'),
('76','saveTeacher','添加修改教师视图','1',NULL,'1','7','3'),
('77','saveTeacherH','添加修改教师处理','1',NULL,'1','7','3'),
('78','importTeacher','导入教师','1',NULL,'1','7','3'),
('79','resetTeacherPass','教师登录密码重置','1',NULL,'1','7','3'),
('80','delTeacher','删除教师','1',NULL,'1','7','3'),
('81','student','学生列表','1',NULL,'1','7','3'),
('82','saveStudent','添加修改学生视图','1',NULL,'1','7','3'),
('83','saveStudentH','添加修改学生处理','1',NULL,'1','7','3'),
('84','importStudent','导入学生','1',NULL,'1','7','3'),
('85','resetStudentPass','学生登录密码重置','1',NULL,'1','7','3'),
('86','delStudent','删除学生','1',NULL,'1','7','3'),
('87','resetSX','初始化所有实训任务','1',NULL,'1','8','3'),
('88','courseTable','课程列表','1',NULL,'1','8','3'),
('89','coursetableSave','添加课程','1',NULL,'1','8','3'),
('90','sxcoursePackage','课程资料下载','1',NULL,'1','8','3'),
('91','delcourseTable','删除课程表','1',NULL,'1','8','3'),
('92','sxpubexciseList','任务列表','1',NULL,'1','8','3'),
('93','sxpubexciseSave','添加任务','1',NULL,'1','8','3'),
('96','sxpubexciseStatus','任务发布状态修改','1',NULL,'1','8','3'),
('97','sxpubexciseDownAttac','任务附件下载','1',NULL,'1','8','3'),
('98','sxpubexciseDel','删除任务','1',NULL,'1','8','3'),
('99','sxexcisePackage','任务资料下载','1',NULL,'1','8','3'),
('100','sxsubexciseList','学生完成列表','1',NULL,'1','8','3'),
('101','sxsubexciseTable','任务完成情况Excel下载','1',NULL,'1','8','3'),
('102','sxexciseDiscuss','交流讨论','1',NULL,'1','8','3'),
('103','sxexciseDiscussSave','添加发言','1',NULL,'1','8','3'),
('104','sxexciseDiscussDel','删除发言','1',NULL,'1','8','3'),
('105','sxsubexciseDownAttac','学生作业下载','1',NULL,'1','8','3'),
('106','sxsubexciseDel','删除学生作业','1',NULL,'1','8','3'),
('107','sxsubexciseRedo','指定学生作业重做','1',NULL,'1','8','3'),
('108','sxsubexciseRedoAll','一键所有学生作业重做','1',NULL,'1','8','3'),
('113','backup','数据备份恢复','1',NULL,'1','4','3'),
('115','resetTEMP','清理系统临时文件','1',NULL,'1','4','3'),
('116','resetUSER','用户数据清空','1',NULL,'1','4','3'),
('117','resetROLE','角色数据清空','1',NULL,'1','4','3'),
('118','resetNODE','节点数据清空','1',NULL,'1','4','3'),
('119','resetNEWS','消息数据清空','1',NULL,'1','4','3'),
('120','resetTER','学期数据清空','1',NULL,'1','4','3'),
('121','resetPRO','专业数据清空','1',NULL,'1','4','3'),
('122','resetOFF','处室数据清空','1',NULL,'1','4','3'),
('123','resetCOU','课程数据清空','1',NULL,'1','4','3'),
('124','resetTEA','教师数据清空','1',NULL,'1','4','3'),
('125','resetCLA','班级数据清空','1',NULL,'1','4','3'),
('126','resetSTU','学生数据清空','1',NULL,'1','4','3'),
('127','resetSX','实训任务数据清空','1',NULL,'1','4','3'),
('128','resetUPFILE','实训任务文件清理','1',NULL,'1','4','3'),
('129','access','个人权限查看','1',NULL,'1','6','3'),
('130','delProfessionalCou','清空指定专业的课程','1',NULL,'1','7','3'),
('131','delOfficeTea','清空指定处室的教师','1',NULL,'1','7','3'),
('132','delClassesStu','清空指定班级的学生','1',NULL,'1','7','3');-- <xjx> --

-- ±íµÄÊý¾Ý£ºxh_role --
INSERT INTO `xh_role` VALUES
('1','SystemAdmin',NULL,'1','系统管理员'),
('2','DataManager',NULL,'1','基础数据管理员'),
('3','ExciseManager',NULL,'1','实训任务管理员'),
('4','SuperAdmin',NULL,'1','超级管理员');-- <xjx> --

-- ±íµÄÊý¾Ý£ºxh_role_user --
INSERT INTO `xh_role_user` VALUES
('2','14'),
('3','15'),
('4','16'),
('1','17');-- <xjx> --

-- ±íµÄÊý¾Ý£ºxh_site --
INSERT INTO `xh_site` VALUES
('1','任务管理系统','基于B/S模式,采用PHP语言+Apache服务器+MySQL数据库设计开发.\r\n针对计算机专业项目教学中的任务管理开发.','','©版权归泾川县职业教育中心计算机教研室郭盛老师所有,联系电话:18993351660','','推荐使用360浏览器或谷歌浏览器,计算机分辨率为1440*900或1280*800；地址:泾川县城北新区新城西路,电话:0933-3308249'),
('2','简介','<p style=\"margin-top: 0px; margin-bottom: 0px; padding: 8px; font-family: Arial, Helvetica, sans-serif, 宋体; font-size: 12px; white-space: normal; text-align: center; background-color: rgb(255, 255, 255);\"><span style=\"color: rgb(238, 19, 15); font-family: Arial, Helvetica, sans-serif, 宋体; font-weight: bold; line-height: 40px; text-align: center; font-size: 20px; background-color: rgb(255, 255, 255);\">泾川县职业教育中心简介</span><span style=\"margin: 0px; padding: 0px; line-height: 28px; color: rgb(77, 78, 83); font-size: 14px;\"></span></p><hr/><p style=\"margin-top: 0px; margin-bottom: 0px; padding: 8px; font-family: Arial, Helvetica, sans-serif, 宋体; font-size: 12px; white-space: normal; background-color: rgb(255, 255, 255);\"><span style=\"color: rgb(77, 78, 83); font-size: 14px; line-height: 28px;\">&nbsp; &nbsp; &nbsp; <strong>泾川县职业教育中心</strong>始建于1983年7月。建校以来，三迁校址，四易校名，现已成为以中等职业技术教育为主体，集高等成人教育、专业技术人员继续教育、城镇下岗职工再就业培训和农村劳动力转移培训为一体的职业教育实体，是国家级重点中等职业学校，国家中等职业教育改革发展示范学校第三批项目建设单位。</span></p><p style=\"margin-top: 0px; margin-bottom: 0px; padding: 8px; list-style-type: none; -webkit-padding-start: 0px; -webkit-margin-before: 0px; -webkit-margin-after: 0px; font-family: Arial, Helvetica, sans-serif, 宋体; font-size: 12px; white-space: normal; background-color: rgb(255, 255, 255);\"><span style=\"margin: 0px; padding: 0px; line-height: 28px; color: rgb(77, 78, 83); font-size: 14px;\">&nbsp; &nbsp; &nbsp; &nbsp;近年来，在省、市、县党委、政府和教育主管部门的正确领导、大力支持和亲切关怀下，泾川县职业教育中心认真贯彻落实党和国家教育方针，以发展职业教育为己任，坚持以服务为宗旨，以就业为导向，不断创新办学理念，大力深化教学改革，不断丰富教育内涵，努力突出办学特色，实现了职业教育的转型跨越发展。基础设施配套完备。</span></p><p style=\"margin-top: 0px; margin-bottom: 0px; padding: 8px; list-style-type: none; -webkit-padding-start: 0px; -webkit-margin-before: 0px; -webkit-margin-after: 0px; font-family: Arial, Helvetica, sans-serif, 宋体; font-size: 12px; white-space: normal; background-color: rgb(255, 255, 255);\"><span style=\"margin: 0px; padding: 0px; line-height: 28px; color: rgb(77, 78, 83); font-size: 14px;\">&nbsp;&nbsp;&nbsp;&nbsp;&nbsp;&nbsp;<strong style=\"margin: 0px; padding: 0px;\">&nbsp;教学质量显著提升。</strong>学校建有教学楼、科技实验楼、学生公寓楼、实训中心、餐饮中心等。建有独立的校园网站，装备有电力拖动、维修电工、数控加工中心、CAD/CAM、PLC、数控仿真模拟等40多个高标准实训室，能满足各个专业学生实习实训及社会培训鉴定需求。</span></p><p style=\"margin-top: 0px; margin-bottom: 0px; padding: 8px; list-style-type: none; -webkit-padding-start: 0px; -webkit-margin-before: 0px; -webkit-margin-after: 0px; font-family: Arial, Helvetica, sans-serif, 宋体; font-size: 12px; white-space: normal; background-color: rgb(255, 255, 255);\"><span style=\"margin: 0px; padding: 0px; line-height: 28px; color: rgb(77, 78, 83); font-size: 14px;\">&nbsp; &nbsp; &nbsp; &nbsp;积极推行理实一体化教学模式和“做中教，做中学”的教学方式，狠抓实训教学，实行“定标、实训、考核、鉴定、竞赛”系列管理，努力培养学生实训操作技能，学生的技能鉴定合格率达到了100%，毕业生“双证”率达到98%以上。先后有400多名学生在各级技能大赛中荣获等次奖；2013年47名学生参加全省“三校生”对口高考，本科录取4人，占参考人数的8.5%，高出全省本科录取率5个百分点，专科及以上录取率达到了100%，参加各级各类征文及课堂讲赛活动获奖师生达200余人次。</span></p><p style=\"margin-top: 0px; margin-bottom: 0px; padding: 8px; list-style-type: none; -webkit-padding-start: 0px; -webkit-margin-before: 0px; -webkit-margin-after: 0px; font-family: Arial, Helvetica, sans-serif, 宋体; font-size: 12px; white-space: normal; background-color: rgb(255, 255, 255);\"><span style=\"margin: 0px; padding: 0px; line-height: 28px; color: rgb(77, 78, 83); font-size: 14px;\">&nbsp;&nbsp;&nbsp;&nbsp;&nbsp;&nbsp;&nbsp;<strong style=\"margin: 0px; padding: 0px;\">培养模式灵活多样。</strong>学校积极开展多层次办学，不断探索职业教育发展途径，加强校际、校企合作，积极推进工学结合、半工半读、订单培养（联合办学）办学模式，联手培养高素质技能型人才。与甘肃电大、陇东学院、陕西中医学院等学校联合，开办成人高等学历教育；与大金中国投资有限公司、宁波菱茂、上海英业达集团等企业签订了校外实训基地协议，建立了企业冠名班，使学生学习有方向，就业有保障。</span></p><p style=\"margin-top: 0px; margin-bottom: 0px; padding: 8px; list-style-type: none; -webkit-padding-start: 0px; -webkit-margin-before: 0px; -webkit-margin-after: 0px; font-family: Arial, Helvetica, sans-serif, 宋体; font-size: 12px; white-space: normal; background-color: rgb(255, 255, 255);\"><span style=\"margin: 0px; padding: 0px; line-height: 28px; color: rgb(77, 78, 83); font-size: 14px;\">&nbsp;&nbsp;&nbsp;&nbsp;&nbsp;&nbsp;&nbsp;<strong style=\"margin: 0px; padding: 0px;\">就业网络四通八达。</strong>积极拓宽就业渠道，持续加大学校与企业的合作力度，与天津、上海、苏州、宁波等地的部分企业建立合作伙伴关系，初步形成了南到广东，西至兰州，北临北京，东达上海的四通八达的就业网络，毕业生就业率达97.4%，学生月收入达到了3500元以上, 实现了“招收一个学生，培养一个学生，就业一个学生，致富一个家庭”的目标。</span></p><p><span style=\"margin: 0px; padding: 0px; line-height: 28px; color: rgb(77, 78, 83); font-size: 14px;\"><strong style=\"margin: 0px; padding: 0px; color: rgb(77, 78, 83); font-family: Arial, Helvetica, sans-serif, 宋体; font-size: 14px; line-height: 28px; white-space: normal; background-color: rgb(255, 255, 255);\">&nbsp; &nbsp; &nbsp; &nbsp; &nbsp;学校所在位置</strong></span></p><p style=\"text-align: center;\"><span style=\"margin: 0px; padding: 0px; line-height: 28px; color: rgb(77, 78, 83); font-size: 14px;\"><strong style=\"margin: 0px; padding: 0px; color: rgb(77, 78, 83); font-family: Arial, Helvetica, sans-serif, 宋体; font-size: 14px; line-height: 28px; white-space: normal; background-color: rgb(255, 255, 255);\"><iframe class=\"ueditor_baidumap\" src=\"http://localhost/xygl/Data/Ueditor/dialogs/map/show.html#center=107.368549,35.346975&zoom=17&width=530&height=340&markers=107.37427,35.338584&markerStyles=l,A\" style=\"width: 617px; height: 414px;\" frameborder=\"0\" width=\"534\" height=\"344\"></iframe></strong></span></p>','','','',''),
('3','首页顶端显示的网站所属单位','平凉理工中等专业学校 | 泾川县职业教育中心','','','','http://www.jczyxx.com'),
('4','10','','','','','');-- <xjx> --

-- ±íµÄÊý¾Ý£ºxh_user --
INSERT INTO `xh_user` VALUES
('1','admin','21232f297a57a5a743894a0e4a801fc3','1505351282','127.0.0.1','0'),
('17','cm','e10adc3949ba59abbe56e057f20f883e','1505201675','127.0.0.1','0'),
('15','em','e10adc3949ba59abbe56e057f20f883e','1505290542','127.0.0.1','0'),
('14','dm','e10adc3949ba59abbe56e057f20f883e','1505290864','127.0.0.1','0'),
('16','xiaohan','7911336b11c605acc3884920384d96ed','1505287359','127.0.0.1','0');-- <xjx> --

